{
  "euclidean": {
    "phd_entailment": 438.75512078099274,
    "phd_neutral": 78.47848704123435,
    "phd_contradiction": 80.70507641902427,
    "centroid_ent_to_neutral": 0.7513423562049866,
    "centroid_ent_to_contradiction": 1.73591947555542,
    "centroid_neutral_to_contradiction": 0.9983750581741333,
    "min_ent_to_neutral": "3.7602226e-06",
    "min_ent_to_contradiction": "0.89122266",
    "entailment_separation": 2.236170459268462
  },
  "manhattan": {
    "phd_entailment": 754.1030641196363,
    "phd_neutral": 82.89483762028321,
    "phd_contradiction": 85.69094355490843,
    "centroid_ent_to_neutral": 20.158203125,
    "centroid_ent_to_contradiction": 46.620361328125,
    "centroid_neutral_to_contradiction": 26.462156295776367,
    "min_ent_to_neutral": 8.15528155726497e-05,
    "min_ent_to_contradiction": 18.55820355931303,
    "entailment_separation": 60.03720687369019
  },
  "chebyshev": {
    "phd_entailment": 51.56679229633211,
    "phd_neutral": 31.196694586060193,
    "phd_contradiction": 41.20030672555696,
    "centroid_ent_to_neutral": 0.045248523354530334,
    "centroid_ent_to_contradiction": 0.13049522042274475,
    "centroid_neutral_to_contradiction": 0.09052123129367828,
    "min_ent_to_neutral": 4.917383193969727e-07,
    "min_ent_to_contradiction": 0.12597525492310524,
    "entailment_separation": 0.15800225099656676
  },
  "cosine": {
    "phd_entailment": 41.56673785253229,
    "phd_neutral": 44.00367765581938,
    "phd_contradiction": 30.48535599105743,
    "centroid_ent_to_neutral": 0.0001964569091796875,
    "centroid_ent_to_contradiction": 0.000835418701171875,
    "centroid_neutral_to_contradiction": 0.0008289217948913574,
    "min_ent_to_neutral": "0.12766147",
    "min_ent_to_contradiction": "0.22703063",
    "entailment_separation": 0.0009277068172089615
  },
  "minkowski_3": {
    "phd_entailment": 298.7659727624134,
    "phd_neutral": 71.47064716666576,
    "phd_contradiction": 76.20270877269255,
    "centroid_ent_to_neutral": 0.2556384560838687,
    "centroid_ent_to_contradiction": 0.5906952033072139,
    "centroid_neutral_to_contradiction": 0.34457453841178126,
    "min_ent_to_neutral": 1.4720287769740888e-06,
    "min_ent_to_contradiction": 0.36062950022892504,
    "entailment_separation": 0.7608954970677253
  },
  "minkowski_4": {
    "phd_entailment": 225.95248179915487,
    "phd_neutral": 64.97198298397574,
    "phd_contradiction": 71.61489520490395,
    "centroid_ent_to_neutral": 0.15096881508547627,
    "centroid_ent_to_contradiction": 0.3493433952021148,
    "centroid_neutral_to_contradiction": 0.20692050058361341,
    "min_ent_to_neutral": 9.645425342418675e-07,
    "min_ent_to_contradiction": 0.24185750889028887,
    "entailment_separation": 0.4498052319102175
  },
  "canberra": {
    "phd_entailment": 119.1245301236005,
    "phd_neutral": 164.12057437751173,
    "phd_contradiction": 138.97300973235238,
    "centroid_ent_to_neutral": 72.93444891686946,
    "centroid_ent_to_contradiction": 150.02536305075571,
    "centroid_neutral_to_contradiction": 78.65764491761684,
    "min_ent_to_neutral": 274.2368606787552,
    "min_ent_to_contradiction": 302.84093371441793,
    "entailment_separation": 200.45181362075485
  },
  "braycurtis": {
    "phd_entailment": NaN,
    "phd_neutral": 99.82056586955119,
    "phd_contradiction": 70.56435947681327,
    "centroid_ent_to_neutral": 0.09562379724802057,
    "centroid_ent_to_contradiction": 0.1964869113664972,
    "centroid_neutral_to_contradiction": 0.1027945019834566,
    "min_ent_to_neutral": 0.263416456712511,
    "min_ent_to_contradiction": 0.3339822527391881,
    "entailment_separation": 0.26262186356851736
  }
}