{
  "euclidean": {
    "phd_entailment": 29.989926321995963,
    "phd_neutral": 48.566840105086655,
    "phd_contradiction": 85.30813665517785,
    "centroid_ent_to_neutral": 0.15651527047157288,
    "centroid_ent_to_contradiction": 0.3959968090057373,
    "centroid_neutral_to_contradiction": 0.24168306589126587,
    "min_ent_to_neutral": "0.7429327",
    "min_ent_to_contradiction": "0.961068",
    "entailment_separation": 5.568731563510435
  },
  "manhattan": {
    "phd_entailment": 32.86241919769353,
    "phd_neutral": 43.013614627577766,
    "phd_contradiction": 65.87938943236179,
    "centroid_ent_to_neutral": 4.206101894378662,
    "centroid_ent_to_contradiction": 10.609922409057617,
    "centroid_neutral_to_contradiction": 6.403819561004639,
    "min_ent_to_neutral": 12.682471183855,
    "min_ent_to_contradiction": 17.960011462135725,
    "entailment_separation": 149.3296983883799
  },
  "chebyshev": {
    "phd_entailment": 37.91378681829787,
    "phd_neutral": 37.807744759208376,
    "phd_contradiction": 43.60473062404463,
    "centroid_ent_to_neutral": 0.010303176939487457,
    "centroid_ent_to_contradiction": 0.029401126317679882,
    "centroid_neutral_to_contradiction": 0.020264464430510998,
    "min_ent_to_neutral": 0.11702824383974075,
    "min_ent_to_contradiction": 0.1263388767838478,
    "entailment_separation": 0.40017696439242806
  },
  "cosine": {
    "phd_entailment": 15.878333463878107,
    "phd_neutral": 20.775940139761058,
    "phd_contradiction": 28.781282643674363,
    "centroid_ent_to_neutral": 0.0007085800170898438,
    "centroid_ent_to_contradiction": 0.010034918785095215,
    "centroid_neutral_to_contradiction": 0.00828784704208374,
    "min_ent_to_neutral": "0.17280173",
    "min_ent_to_contradiction": "0.31075573",
    "entailment_separation": 0.10828299163859532
  },
  "minkowski_3": {
    "phd_entailment": 30.495830806475777,
    "phd_neutral": 56.862405656521275,
    "phd_contradiction": 61.292507799714656,
    "centroid_ent_to_neutral": 0.05320262918756497,
    "centroid_ent_to_contradiction": 0.135070684509341,
    "centroid_neutral_to_contradiction": 0.08337432372979639,
    "min_ent_to_neutral": 0.30996979974463573,
    "min_ent_to_contradiction": 0.4083561478243048,
    "entailment_separation": 1.897593887073953
  },
  "minkowski_4": {
    "phd_entailment": 32.07769303024633,
    "phd_neutral": 45.767863345490326,
    "phd_contradiction": 68.30068582611334,
    "centroid_ent_to_neutral": 0.031424221673881474,
    "centroid_ent_to_contradiction": 0.08011851315188995,
    "centroid_neutral_to_contradiction": 0.050030642635934285,
    "min_ent_to_neutral": 0.23136908777102483,
    "min_ent_to_contradiction": 0.18684846677366054,
    "entailment_separation": 1.1242316162429833
  },
  "canberra": {
    "phd_entailment": 70.77638269403525,
    "phd_neutral": 89.79562226312623,
    "phd_contradiction": 170.34807848781588,
    "centroid_ent_to_neutral": 95.34850509425151,
    "centroid_ent_to_contradiction": 295.53854699135786,
    "centroid_neutral_to_contradiction": 210.91840187605547,
    "min_ent_to_neutral": 250.24165192225087,
    "min_ent_to_contradiction": 327.8671369340282,
    "entailment_separation": 3939.7239364901016
  },
  "braycurtis": {
    "phd_entailment": 28.721796750952414,
    "phd_neutral": 40.657670157936224,
    "phd_contradiction": 63.624223016953415,
    "centroid_ent_to_neutral": 0.12317153772742437,
    "centroid_ent_to_contradiction": 0.3824152422629064,
    "centroid_neutral_to_contradiction": 0.2720583823558789,
    "min_ent_to_neutral": 0.27848284291730874,
    "min_ent_to_contradiction": 0.3683311429583179,
    "entailment_separation": 5.095774670644795
  }
}