{
  "euclidean": {
    "phd_entailment": 17.953957944207055,
    "phd_neutral": 23.23719222672524,
    "phd_contradiction": 15.937423588687944,
    "centroid_ent_to_neutral": 0.2751520872116089,
    "centroid_ent_to_contradiction": 0.5742010474205017,
    "centroid_neutral_to_contradiction": 0.36982858180999756,
    "min_ent_to_neutral": "0.33002478",
    "min_ent_to_contradiction": "0.44724092",
    "entailment_separation": 1.6665172820498126
  },
  "manhattan": {
    "phd_entailment": 23.091599672228433,
    "phd_neutral": 22.2203199704218,
    "phd_contradiction": 20.167824653739952,
    "centroid_ent_to_neutral": 2.8226406574249268,
    "centroid_ent_to_contradiction": 5.2987518310546875,
    "centroid_neutral_to_contradiction": 3.3491039276123047,
    "min_ent_to_neutral": 2.6110849380493164,
    "min_ent_to_contradiction": 3.1642333939671516,
    "entailment_separation": 15.934998511806434
  },
  "chebyshev": {
    "phd_entailment": 15.524486401096754,
    "phd_neutral": 17.848594531445617,
    "phd_contradiction": 13.249532428799828,
    "centroid_ent_to_neutral": 0.045274109579622746,
    "centroid_ent_to_contradiction": 0.11813881993293762,
    "centroid_neutral_to_contradiction": 0.07977581582963467,
    "min_ent_to_neutral": 0.015478067100048065,
    "min_ent_to_contradiction": 0.048183947801589966,
    "entailment_separation": 0.32063279693554925
  },
  "cosine": {
    "phd_entailment": 9.657684213591862,
    "phd_neutral": 10.608910344334781,
    "phd_contradiction": 8.743994772497322,
    "centroid_ent_to_neutral": 0.5946671366691589,
    "centroid_ent_to_contradiction": 0.9608507752418518,
    "centroid_neutral_to_contradiction": 0.1743740439414978,
    "min_ent_to_neutral": "0.16266614",
    "min_ent_to_contradiction": "0.20313513",
    "entailment_separation": 3.052084435834298
  },
  "minkowski_3": {
    "phd_entailment": 26.620958055283317,
    "phd_neutral": 20.74650527348126,
    "phd_contradiction": 18.68292598668445,
    "centroid_ent_to_neutral": 0.13084860570316603,
    "centroid_ent_to_contradiction": 0.29022340743003827,
    "centroid_neutral_to_contradiction": 0.1907760453254967,
    "min_ent_to_neutral": 0.0819615151434371,
    "min_ent_to_contradiction": 0.132422000484802,
    "entailment_separation": 0.8261861389113914
  },
  "minkowski_4": {
    "phd_entailment": 19.264911402351377,
    "phd_neutral": 25.31946719306546,
    "phd_contradiction": 18.660310655402817,
    "centroid_ent_to_neutral": 0.09182222848267207,
    "centroid_ent_to_contradiction": 0.212211596993209,
    "centroid_neutral_to_contradiction": 0.1415158066887931,
    "min_ent_to_neutral": 0.09103766956204022,
    "min_ent_to_contradiction": 0.16468490780499043,
    "entailment_separation": 0.5965453046838228
  },
  "canberra": {
    "phd_entailment": 30.731005583379893,
    "phd_neutral": 36.59138566250448,
    "phd_contradiction": 28.00049453277364,
    "centroid_ent_to_neutral": 87.36445998837125,
    "centroid_ent_to_contradiction": 87.59515630729045,
    "centroid_neutral_to_contradiction": 71.66698536050356,
    "min_ent_to_neutral": 52.01043992539221,
    "min_ent_to_contradiction": 56.15453201026223,
    "entailment_separation": 343.2885714183141
  },
  "braycurtis": {
    "phd_entailment": 17.94491030695309,
    "phd_neutral": 16.876443792444153,
    "phd_contradiction": 13.817778735586455,
    "centroid_ent_to_neutral": 0.7612602554358515,
    "centroid_ent_to_contradiction": 1.0258995679667609,
    "centroid_neutral_to_contradiction": 0.5532017321985818,
    "min_ent_to_neutral": 0.33756469280642293,
    "min_ent_to_contradiction": 0.2909074705556521,
    "entailment_separation": 3.506589438532633
  }
}