{
  "euclidean": {
    "phd_entailment": 125.77341707180499,
    "phd_neutral": 48.8891112037328,
    "phd_contradiction": 47.655411269469326,
    "centroid_ent_to_neutral": 0.051668353378772736,
    "centroid_ent_to_contradiction": 0.1355709433555603,
    "centroid_neutral_to_contradiction": 0.0904407650232315,
    "min_ent_to_neutral": "0.0039992887",
    "min_ent_to_contradiction": "0.07155425",
    "entailment_separation": 0.9773670224040254
  },
  "manhattan": {
    "phd_entailment": -126.73173095470372,
    "phd_neutral": 267.20666240064674,
    "phd_contradiction": 87.19092488932512,
    "centroid_ent_to_neutral": 1.1642805337905884,
    "centroid_ent_to_contradiction": 2.99086594581604,
    "centroid_neutral_to_contradiction": 1.8531993627548218,
    "min_ent_to_neutral": 0.30305120086525783,
    "min_ent_to_contradiction": 0.5055864808657446,
    "entailment_separation": 21.689374043034615
  },
  "chebyshev": {
    "phd_entailment": 18.65440179485658,
    "phd_neutral": 19.46868061630968,
    "phd_contradiction": 14.442432993437512,
    "centroid_ent_to_neutral": 0.006098410114645958,
    "centroid_ent_to_contradiction": 0.023348647635430098,
    "centroid_neutral_to_contradiction": 0.018088966608047485,
    "min_ent_to_neutral": 0.0024858859833329916,
    "min_ent_to_contradiction": 0.01623387368135809,
    "entailment_separation": 0.15371016476625057
  },
  "cosine": {
    "phd_entailment": 16.493877322476067,
    "phd_neutral": 19.10885385896917,
    "phd_contradiction": 15.829139592304754,
    "centroid_ent_to_neutral": 0.01578420400619507,
    "centroid_ent_to_contradiction": 0.045640647411346436,
    "centroid_neutral_to_contradiction": 0.024573802947998047,
    "min_ent_to_neutral": "0.37062562",
    "min_ent_to_contradiction": "0.38292342",
    "entailment_separation": 0.3206304722280235
  },
  "minkowski_3": {
    "phd_entailment": -100.49841475676554,
    "phd_neutral": 46.80505499924066,
    "phd_contradiction": 42.56436598469424,
    "centroid_ent_to_neutral": 0.019885976801397764,
    "centroid_ent_to_contradiction": 0.05403819596532687,
    "centroid_neutral_to_contradiction": 0.03804048859992332,
    "min_ent_to_neutral": 0.00976136766706526,
    "min_ent_to_contradiction": 0.036054763250422076,
    "entailment_separation": 0.38587545392893013
  },
  "minkowski_4": {
    "phd_entailment": 21.352246526927466,
    "phd_neutral": 37.70056188983702,
    "phd_contradiction": 24.464173865957818,
    "centroid_ent_to_neutral": 0.01288672150670889,
    "centroid_ent_to_contradiction": 0.03651135478473978,
    "centroid_neutral_to_contradiction": 0.02681998289093928,
    "min_ent_to_neutral": 0.00893284994333398,
    "min_ent_to_contradiction": 0.019292802046670415,
    "entailment_separation": 0.257852126020121
  },
  "canberra": {
    "phd_entailment": 9.847266420201118,
    "phd_neutral": 52.779989816105285,
    "phd_contradiction": 44.32681109430075,
    "centroid_ent_to_neutral": 136.32031614933686,
    "centroid_ent_to_contradiction": 260.38055364775545,
    "centroid_neutral_to_contradiction": 138.83182394570423,
    "min_ent_to_neutral": 371.39551595485995,
    "min_ent_to_contradiction": 381.1745670975688,
    "entailment_separation": 2070.7317035525725
  },
  "braycurtis": {
    "phd_entailment": 35.862990358072025,
    "phd_neutral": 35.082005389846884,
    "phd_contradiction": 27.649435419097237,
    "centroid_ent_to_neutral": 0.18421061221240098,
    "centroid_ent_to_contradiction": 0.3668540156552234,
    "centroid_neutral_to_contradiction": 0.19916412740213996,
    "min_ent_to_neutral": 0.48458046797035526,
    "min_ent_to_contradiction": 0.6162326678038346,
    "entailment_separation": 2.8764922956068952
  }
}