{
  "euclidean": {
    "phd_entailment": 2.7806389682530726,
    "phd_neutral": -34.93412785719769,
    "phd_contradiction": 8.400474201620074,
    "centroid_ent_to_neutral": 121.00756072998047,
    "centroid_ent_to_contradiction": 121.86544036865234,
    "centroid_neutral_to_contradiction": 142.19912719726562,
    "min_ent_to_neutral": "49.60885",
    "min_ent_to_contradiction": "84.2135",
    "entailment_separation": 0.00489895609374137
  },
  "manhattan": {
    "phd_entailment": 39.56809190181708,
    "phd_neutral": -151.17134964042415,
    "phd_contradiction": -84.42953714816937,
    "centroid_ent_to_neutral": 1429.900390625,
    "centroid_ent_to_contradiction": 1704.3316650390625,
    "centroid_neutral_to_contradiction": 1685.3143310546875,
    "min_ent_to_neutral": 1072.0765641604085,
    "min_ent_to_contradiction": 1049.1999291810207,
    "entailment_separation": 0.0632201403978181
  },
  "chebyshev": {
    "phd_entailment": -7.4681089246388375,
    "phd_neutral": -1.200225045682006,
    "phd_contradiction": -4.892838345847551,
    "centroid_ent_to_neutral": 60.81308054924011,
    "centroid_ent_to_contradiction": 34.4289984703064,
    "centroid_neutral_to_contradiction": 60.662471294403076,
    "min_ent_to_neutral": 28.360191605985165,
    "min_ent_to_contradiction": 29.250515580177307,
    "entailment_separation": 0.0019211141678276522
  },
  "cosine": {
    "phd_entailment": 4.367332045036019,
    "phd_neutral": 4.180714030008675,
    "phd_contradiction": 3.972663069016196,
    "centroid_ent_to_neutral": 0.3809470534324646,
    "centroid_ent_to_contradiction": 0.3313330411911011,
    "centroid_neutral_to_contradiction": 0.4022102952003479,
    "min_ent_to_neutral": "0.002698779",
    "min_ent_to_contradiction": "0.0016745329",
    "entailment_separation": 1.4367298523188707e-05
  },
  "minkowski_3": {
    "phd_entailment": -7.313674039605826,
    "phd_neutral": -24.789073755419075,
    "phd_contradiction": 4.302991045937427,
    "centroid_ent_to_neutral": 75.89351222772446,
    "centroid_ent_to_contradiction": 64.75681766808356,
    "centroid_neutral_to_contradiction": 83.17213353407388,
    "min_ent_to_neutral": 32.64565085435776,
    "min_ent_to_contradiction": 60.7849340353084,
    "entailment_separation": 0.0028370374130221973
  },
  "minkowski_4": {
    "phd_entailment": 3.8743493843828944,
    "phd_neutral": -205.04342099488326,
    "phd_contradiction": -22.255592016916477,
    "centroid_ent_to_neutral": 66.75869525510207,
    "centroid_ent_to_contradiction": 50.62209146450846,
    "centroid_neutral_to_contradiction": 69.6631076782606,
    "min_ent_to_neutral": 25.082534524966366,
    "min_ent_to_contradiction": 46.248593032498576,
    "entailment_separation": 0.002367670831203926
  },
  "canberra": {
    "phd_entailment": 23.7126388477431,
    "phd_neutral": 32.14109501024456,
    "phd_contradiction": 39.21293963645536,
    "centroid_ent_to_neutral": 147.68795203873228,
    "centroid_ent_to_contradiction": 170.04717900790308,
    "centroid_neutral_to_contradiction": 141.04353846447563,
    "min_ent_to_neutral": 203.03935537255083,
    "min_ent_to_contradiction": 300.60924053070534,
    "entailment_separation": 0.006408989263506035
  },
  "braycurtis": {
    "phd_entailment": 27.410421860191338,
    "phd_neutral": 30.86009594396544,
    "phd_contradiction": 29.591496654811014,
    "centroid_ent_to_neutral": 0.2584650426053529,
    "centroid_ent_to_contradiction": 0.2854061817802565,
    "centroid_neutral_to_contradiction": 0.2577753824605059,
    "min_ent_to_neutral": 0.33674845833375866,
    "min_ent_to_contradiction": 0.3931279491257538,
    "entailment_separation": 1.0970347617322953e-05
  }
}