{
  "euclidean": {
    "phd_entailment": -5.63030337026754,
    "phd_neutral": 6.043113493589236,
    "phd_contradiction": 998.5011355151761,
    "centroid_ent_to_neutral": 121.00796508789062,
    "centroid_ent_to_contradiction": 121.86750030517578,
    "centroid_neutral_to_contradiction": 142.2000274658203,
    "min_ent_to_neutral": "73.662224",
    "min_ent_to_contradiction": "87.7731",
    "entailment_separation": 0.004899005800667119
  },
  "manhattan": {
    "phd_entailment": 17.270514962974318,
    "phd_neutral": -11.441977831954674,
    "phd_contradiction": -33.072169266159314,
    "centroid_ent_to_neutral": 1441.03955078125,
    "centroid_ent_to_contradiction": 1730.3021240234375,
    "centroid_neutral_to_contradiction": 1702.917724609375,
    "min_ent_to_neutral": 937.6830590929569,
    "min_ent_to_contradiction": 1147.0301691258887,
    "entailment_separation": 0.06396867314539822
  },
  "chebyshev": {
    "phd_entailment": 4.842266570583568,
    "phd_neutral": -1.7577795310236894,
    "phd_contradiction": -28.274181652383028,
    "centroid_ent_to_neutral": 60.81308054924011,
    "centroid_ent_to_contradiction": 34.4289984703064,
    "centroid_neutral_to_contradiction": 60.662471294403076,
    "min_ent_to_neutral": 12.333665490150452,
    "min_ent_to_contradiction": 22.727663099765778,
    "entailment_separation": 0.0019211141678276522
  },
  "cosine": {
    "phd_entailment": 4.3173487707035285,
    "phd_neutral": 4.19017365215853,
    "phd_contradiction": 4.108594363683925,
    "centroid_ent_to_neutral": 0.38094085454940796,
    "centroid_ent_to_contradiction": 0.33133888244628906,
    "centroid_neutral_to_contradiction": 0.40220797061920166,
    "min_ent_to_neutral": "0.006782353",
    "min_ent_to_contradiction": "0.0078238845",
    "entailment_separation": 1.4367291309528818e-05
  },
  "minkowski_3": {
    "phd_entailment": -13.454347573353713,
    "phd_neutral": -36.26750781821659,
    "phd_contradiction": 24.181600426670858,
    "centroid_ent_to_neutral": 75.89351230197127,
    "centroid_ent_to_contradiction": 64.75681878795378,
    "centroid_neutral_to_contradiction": 83.17213380766852,
    "min_ent_to_neutral": 40.23004829766181,
    "min_ent_to_contradiction": 32.23176888963988,
    "entailment_separation": 0.002837037437108559
  },
  "minkowski_4": {
    "phd_entailment": 11.819750043524177,
    "phd_neutral": -2.6240421927970536,
    "phd_contradiction": 161.8599469226193,
    "centroid_ent_to_neutral": 66.75869525512084,
    "centroid_ent_to_contradiction": 50.62209146554566,
    "centroid_neutral_to_contradiction": 69.66310767838918,
    "min_ent_to_neutral": 28.146638021368336,
    "min_ent_to_contradiction": 39.18621767106976,
    "entailment_separation": 0.002367670831225226
  },
  "canberra": {
    "phd_entailment": 55.550241508728824,
    "phd_neutral": 63.13114622336403,
    "phd_contradiction": 58.65390488205768,
    "centroid_ent_to_neutral": 890.1728479165945,
    "centroid_ent_to_contradiction": 1312.8051700723609,
    "centroid_neutral_to_contradiction": 930.2404382178689,
    "min_ent_to_neutral": 728.1650219462175,
    "min_ent_to_contradiction": 1553.0111471159878,
    "entailment_separation": 0.04443595021590084
  },
  "braycurtis": {
    "phd_entailment": 25.81978580912252,
    "phd_neutral": 25.9108851206304,
    "phd_contradiction": 29.824999293850876,
    "centroid_ent_to_neutral": 0.2582268776652997,
    "centroid_ent_to_contradiction": 0.28736998862780966,
    "centroid_neutral_to_contradiction": 0.2584839885152177,
    "min_ent_to_neutral": 0.17473936879844,
    "min_ent_to_contradiction": 0.37051379106814286,
    "entailment_separation": 1.1005155290057764e-05
  }
}