{
  "euclidean": {
    "phd_entailment": 17.2286688388941,
    "phd_neutral": 18.571326817524245,
    "phd_contradiction": 19.504003333201027,
    "centroid_ent_to_neutral": 0.274862676858902,
    "centroid_ent_to_contradiction": 0.574268639087677,
    "centroid_neutral_to_contradiction": 0.3698572814464569,
    "min_ent_to_neutral": "0.81839323",
    "min_ent_to_contradiction": "1.0040218",
    "entailment_separation": 1.8841985232791318
  },
  "manhattan": {
    "phd_entailment": 15.854704728211082,
    "phd_neutral": 21.261606521412073,
    "phd_contradiction": 18.98588684799611,
    "centroid_ent_to_neutral": 2.828239679336548,
    "centroid_ent_to_contradiction": 5.303167819976807,
    "centroid_neutral_to_contradiction": 3.3556230068206787,
    "min_ent_to_neutral": 7.118624920025468,
    "min_ent_to_contradiction": 12.195604525506496,
    "entailment_separation": 18.043364688896926
  },
  "chebyshev": {
    "phd_entailment": 16.474090577950086,
    "phd_neutral": 18.18362719414146,
    "phd_contradiction": 20.98042415148649,
    "centroid_ent_to_neutral": 0.04523691534996033,
    "centroid_ent_to_contradiction": 0.11823563277721405,
    "centroid_neutral_to_contradiction": 0.07971227169036865,
    "min_ent_to_neutral": 0.10184657573699951,
    "min_ent_to_contradiction": 0.1811494529247284,
    "entailment_separation": 0.3627409895188423
  },
  "cosine": {
    "phd_entailment": 8.533327439530893,
    "phd_neutral": 9.628446351415741,
    "phd_contradiction": 9.54854782786045,
    "centroid_ent_to_neutral": 0.0029923319816589355,
    "centroid_ent_to_contradiction": 0.015199780464172363,
    "centroid_neutral_to_contradiction": 0.0071364641189575195,
    "min_ent_to_neutral": "0.02518332",
    "min_ent_to_contradiction": "0.050487578",
    "entailment_separation": 0.0403677861857585
  },
  "minkowski_3": {
    "phd_entailment": 15.773269395143037,
    "phd_neutral": 22.1674560551412,
    "phd_contradiction": 21.272823169225337,
    "centroid_ent_to_neutral": 0.13072172047220218,
    "centroid_ent_to_contradiction": 0.2902800485383025,
    "centroid_neutral_to_contradiction": 0.1907811388459228,
    "min_ent_to_neutral": 0.4643457643719983,
    "min_ent_to_contradiction": 0.39304136210152585,
    "entailment_separation": 0.934191092202517
  },
  "minkowski_4": {
    "phd_entailment": 17.356938923139076,
    "phd_neutral": 24.613799218011245,
    "phd_contradiction": 21.949435731296145,
    "centroid_ent_to_neutral": 0.09174107989228383,
    "centroid_ent_to_contradiction": 0.2122680659847441,
    "centroid_neutral_to_contradiction": 0.14151766580864691,
    "min_ent_to_neutral": 0.258748026282901,
    "min_ent_to_contradiction": 0.3420515463870091,
    "entailment_separation": 0.6745877498185255
  },
  "canberra": {
    "phd_entailment": 19.43218939789706,
    "phd_neutral": 29.80646254143537,
    "phd_contradiction": 26.030683554402355,
    "centroid_ent_to_neutral": 8.593882928224188,
    "centroid_ent_to_contradiction": 14.875209598707338,
    "centroid_neutral_to_contradiction": 9.018213669471617,
    "min_ent_to_neutral": 20.03099761311873,
    "min_ent_to_contradiction": 38.70809255851267,
    "entailment_separation": 52.077256663947736
  },
  "braycurtis": {
    "phd_entailment": 16.05778557342797,
    "phd_neutral": 21.02514097692106,
    "phd_contradiction": 18.660739163382893,
    "centroid_ent_to_neutral": 0.032665018438649364,
    "centroid_ent_to_contradiction": 0.06018997721788746,
    "centroid_neutral_to_contradiction": 0.036912788238202446,
    "min_ent_to_neutral": 0.12747888986195538,
    "min_ent_to_contradiction": 0.14891837328377272,
    "entailment_separation": 0.20604262545670132
  }
}