{
  "euclidean": {
    "phd_entailment": 72.93759878324913,
    "phd_neutral": 100.94049346095237,
    "phd_contradiction": -35099.79233231553,
    "centroid_ent_to_neutral": 0.07259362936019897,
    "centroid_ent_to_contradiction": 0.18810808658599854,
    "centroid_neutral_to_contradiction": 0.12455029785633087,
    "min_ent_to_neutral": "0.018472418",
    "min_ent_to_contradiction": "0.038928147",
    "entailment_separation": 0.9666776436474224
  },
  "manhattan": {
    "phd_entailment": -99.41805983549342,
    "phd_neutral": 35.27390165841344,
    "phd_contradiction": 148.83701837667397,
    "centroid_ent_to_neutral": 2.314714193344116,
    "centroid_ent_to_contradiction": 5.918784141540527,
    "centroid_neutral_to_contradiction": 3.6577627658843994,
    "min_ent_to_neutral": 0.3123044513080445,
    "min_ent_to_contradiction": 1.320651515319501,
    "entailment_separation": 30.529675420256286
  },
  "chebyshev": {
    "phd_entailment": 22.264498427757573,
    "phd_neutral": 38.17440489800743,
    "phd_contradiction": 16.827039630430424,
    "centroid_ent_to_neutral": 0.006098410114645958,
    "centroid_ent_to_contradiction": 0.023348647635430098,
    "centroid_neutral_to_contradiction": 0.018088966608047485,
    "min_ent_to_neutral": 0.004576742241624743,
    "min_ent_to_contradiction": 0.0011820715153589845,
    "entailment_separation": 0.1091892022838382
  },
  "cosine": {
    "phd_entailment": 18.440789369901832,
    "phd_neutral": 22.573327184375806,
    "phd_contradiction": 14.795408949526628,
    "centroid_ent_to_neutral": 0.01586306095123291,
    "centroid_ent_to_contradiction": 0.04683542251586914,
    "centroid_neutral_to_contradiction": 0.024449586868286133,
    "min_ent_to_neutral": "0.46701103",
    "min_ent_to_contradiction": "0.40765452",
    "entailment_separation": 0.23248493796164096
  },
  "minkowski_3": {
    "phd_entailment": 80.31298552864799,
    "phd_neutral": 56.76890819789115,
    "phd_contradiction": 77.94216832700984,
    "centroid_ent_to_neutral": 0.024923655804603602,
    "centroid_ent_to_contradiction": 0.06653489100029024,
    "centroid_neutral_to_contradiction": 0.046247134022569115,
    "min_ent_to_neutral": 0.015052302240803474,
    "min_ent_to_contradiction": 0.00535125717131423,
    "entailment_separation": 0.33912677634625976
  },
  "minkowski_4": {
    "phd_entailment": 107.01700484504258,
    "phd_neutral": 78.1497202540442,
    "phd_contradiction": 32.705066548353955,
    "centroid_ent_to_neutral": 0.015268068201259017,
    "centroid_ent_to_contradiction": 0.04231351897089033,
    "centroid_neutral_to_contradiction": 0.030517580550839706,
    "min_ent_to_neutral": 0.010401254642149608,
    "min_ent_to_contradiction": 0.010543880390970598,
    "entailment_separation": 0.21351157127227896
  },
  "canberra": {
    "phd_entailment": 12.776679181672863,
    "phd_neutral": 19.807334203120114,
    "phd_contradiction": 39.386641011179485,
    "centroid_ent_to_neutral": 272.13950646986206,
    "centroid_ent_to_contradiction": 522.856449324931,
    "centroid_neutral_to_contradiction": 279.7556202967613,
    "min_ent_to_neutral": 733.2139203972454,
    "min_ent_to_contradiction": 768.0834018301751,
    "entailment_separation": 2947.831833280075
  },
  "braycurtis": {
    "phd_entailment": 32.325866303503204,
    "phd_neutral": 43.84817967503069,
    "phd_contradiction": 30.259986054101653,
    "centroid_ent_to_neutral": 0.18310125320334875,
    "centroid_ent_to_contradiction": 0.36414543716368397,
    "centroid_neutral_to_contradiction": 0.1971845267993455,
    "min_ent_to_neutral": 0.5621600430272875,
    "min_ent_to_contradiction": 0.5956520439734618,
    "entailment_separation": 2.0291816615699942
  }
}