{
  "euclidean": {
    "phd_entailment": 37.56571677308566,
    "phd_neutral": 28.53344069387252,
    "phd_contradiction": 27.41604962787608,
    "centroid_ent_to_neutral": 0.26580139994621277,
    "centroid_ent_to_contradiction": 0.570902407169342,
    "centroid_neutral_to_contradiction": 0.4333881437778473,
    "min_ent_to_neutral": "0.67208713",
    "min_ent_to_contradiction": "1.1207528",
    "entailment_separation": 0.7590195191673298
  },
  "manhattan": {
    "phd_entailment": 68.00804121441124,
    "phd_neutral": 77.26046393857136,
    "phd_contradiction": 37.49545650352101,
    "centroid_ent_to_neutral": 5.768857479095459,
    "centroid_ent_to_contradiction": 12.369526863098145,
    "centroid_neutral_to_contradiction": 9.346246719360352,
    "min_ent_to_neutral": 19.88684879096627,
    "min_ent_to_contradiction": 18.818128343216813,
    "entailment_separation": 16.45431471065679
  },
  "chebyshev": {
    "phd_entailment": 35.414598099733254,
    "phd_neutral": 29.4483077249497,
    "phd_contradiction": 26.23812498320857,
    "centroid_ent_to_neutral": 0.03354437852976844,
    "centroid_ent_to_contradiction": 0.08187779597938061,
    "centroid_neutral_to_contradiction": 0.062145269010216,
    "min_ent_to_neutral": 0.09732741862535477,
    "min_ent_to_contradiction": 0.10688774287700653,
    "entailment_separation": 0.10470573057292507
  },
  "cosine": {
    "phd_entailment": 16.502843795120025,
    "phd_neutral": 15.227694342404694,
    "phd_contradiction": 13.70210109869348,
    "centroid_ent_to_neutral": 0.6604043841362,
    "centroid_ent_to_contradiction": 0.7866392135620117,
    "centroid_neutral_to_contradiction": 0.28810495138168335,
    "min_ent_to_neutral": "0.482041",
    "min_ent_to_contradiction": "0.3429817",
    "entailment_separation": 1.3126919304041984
  },
  "minkowski_3": {
    "phd_entailment": 89.35817148971528,
    "phd_neutral": 30.423560903879878,
    "phd_contradiction": 28.399019729593466,
    "centroid_ent_to_neutral": 0.10398850069808406,
    "centroid_ent_to_contradiction": 0.22549719936070028,
    "centroid_neutral_to_contradiction": 0.1714892486741134,
    "min_ent_to_neutral": 0.2993041532487241,
    "min_ent_to_contradiction": 0.5620927915188189,
    "entailment_separation": 0.29889439429381115
  },
  "minkowski_4": {
    "phd_entailment": 42.01630528733099,
    "phd_neutral": 44.71300718769421,
    "phd_contradiction": 69.40441744588777,
    "centroid_ent_to_neutral": 0.06796660128466717,
    "centroid_ent_to_contradiction": 0.14917612452080203,
    "centroid_neutral_to_contradiction": 0.11369562614512019,
    "min_ent_to_neutral": 0.14553149787317887,
    "min_ent_to_contradiction": 0.09621495051216289,
    "entailment_separation": 0.19698197370433188
  },
  "canberra": {
    "phd_entailment": 55.73014335214567,
    "phd_neutral": 62.09505886120776,
    "phd_contradiction": 49.46909059446614,
    "centroid_ent_to_neutral": 510.8160746342758,
    "centroid_ent_to_contradiction": 586.8388904253446,
    "centroid_neutral_to_contradiction": 439.44667393163405,
    "min_ent_to_neutral": 411.1095777372306,
    "min_ent_to_contradiction": 431.6704885191052,
    "entailment_separation": 995.7425037461585
  },
  "braycurtis": {
    "phd_entailment": 20.011225676008763,
    "phd_neutral": 25.241539195962922,
    "phd_contradiction": 21.37426118099651,
    "centroid_ent_to_neutral": 0.7423399526362986,
    "centroid_ent_to_contradiction": 0.9050727600631859,
    "centroid_neutral_to_contradiction": 0.5391338191017693,
    "min_ent_to_neutral": 0.5491749666392297,
    "min_ent_to_contradiction": 0.554336399034654,
    "entailment_separation": 1.4944576496836919
  }
}