{
  "euclidean": {
    "phd_entailment": 1.052478598704788,
    "phd_neutral": 1.1394930289193155,
    "phd_contradiction": 1.1704494756950685,
    "centroid_ent_to_neutral": 0.013949207961559296,
    "centroid_ent_to_contradiction": 0.05606687068939209,
    "centroid_neutral_to_contradiction": 0.042117662727832794,
    "min_ent_to_neutral": "2.9802322e-07",
    "min_ent_to_contradiction": "0.0",
    "entailment_separation": 1.8575512220683608
  },
  "manhattan": {
    "phd_entailment": 1.1997284597939846,
    "phd_neutral": 1.1093470773742313,
    "phd_contradiction": 1.160984324489897,
    "centroid_ent_to_neutral": 0.013949207961559296,
    "centroid_ent_to_contradiction": 0.05606687068939209,
    "centroid_neutral_to_contradiction": 0.042117662727832794,
    "min_ent_to_neutral": 0.0,
    "min_ent_to_contradiction": 0.0,
    "entailment_separation": 1.8575512220683608
  },
  "chebyshev": {
    "phd_entailment": 1.14513052991619,
    "phd_neutral": 1.3243045840042886,
    "phd_contradiction": 1.086018804142713,
    "centroid_ent_to_neutral": 0.013949207961559296,
    "centroid_ent_to_contradiction": 0.05606687068939209,
    "centroid_neutral_to_contradiction": 0.042117662727832794,
    "min_ent_to_neutral": 1.2665987014770508e-07,
    "min_ent_to_contradiction": 0.0,
    "entailment_separation": 1.8575512220683608
  },
  "cosine": {
    "phd_entailment": NaN,
    "phd_neutral": NaN,
    "phd_contradiction": NaN,
    "centroid_ent_to_neutral": 0.0,
    "centroid_ent_to_contradiction": 0.0,
    "centroid_neutral_to_contradiction": 0.0,
    "min_ent_to_neutral": "0.0",
    "min_ent_to_contradiction": "0.0",
    "entailment_separation": 0.0
  },
  "minkowski_3": {
    "phd_entailment": 1.205939723867865,
    "phd_neutral": 1.1260121528512137,
    "phd_contradiction": 1.145755646606566,
    "centroid_ent_to_neutral": 0.013949207961559299,
    "centroid_ent_to_contradiction": 0.0560668706893921,
    "centroid_neutral_to_contradiction": 0.0421176627278328,
    "min_ent_to_neutral": 3.5762786865234407e-07,
    "min_ent_to_contradiction": 1.2665987014770518e-07,
    "entailment_separation": 1.8575512220683612
  },
  "minkowski_4": {
    "phd_entailment": 1.1778038460695202,
    "phd_neutral": 1.1237180274602208,
    "phd_contradiction": 1.0950149656214219,
    "centroid_ent_to_neutral": 0.013949207961559296,
    "centroid_ent_to_contradiction": 0.05606687068939209,
    "centroid_neutral_to_contradiction": 0.042117662727832794,
    "min_ent_to_neutral": 0.0,
    "min_ent_to_contradiction": 4.172325134277344e-07,
    "entailment_separation": 1.8575512220683608
  },
  "canberra": {
    "phd_entailment": 1.5891314563731394,
    "phd_neutral": 1.6340987603704276,
    "phd_contradiction": 1.2385199972623555,
    "centroid_ent_to_neutral": 0.0747731472116392,
    "centroid_ent_to_contradiction": 0.24518535142601178,
    "centroid_neutral_to_contradiction": 0.17359476572629337,
    "min_ent_to_neutral": 1.2096500437061682e-06,
    "min_ent_to_contradiction": 1.4198434480614167e-06,
    "entailment_separation": 8.48861163902744
  },
  "braycurtis": {
    "phd_entailment": 3.869365033176489,
    "phd_neutral": 1.0748397141767276,
    "phd_contradiction": 1.1266019161130048,
    "centroid_ent_to_neutral": 0.0747731472116392,
    "centroid_ent_to_contradiction": 0.24518535142601178,
    "centroid_neutral_to_contradiction": 0.17359476572629337,
    "min_ent_to_neutral": 1.0906496154505786e-06,
    "min_ent_to_contradiction": 2.5011098675037046e-06,
    "entailment_separation": 8.48861163902744
  }
}