{
  "euclidean": {
    "phd_entailment": 3.7700211083995545,
    "phd_neutral": 3.2582856342148823,
    "phd_contradiction": 3.368135817573564,
    "centroid_ent_to_neutral": 0.5482887029647827,
    "centroid_ent_to_contradiction": 1.3000047206878662,
    "centroid_neutral_to_contradiction": 0.8496770858764648,
    "min_ent_to_neutral": "0.01592112",
    "min_ent_to_contradiction": "0.019482192",
    "entailment_separation": 2.5207194791172918
  },
  "manhattan": {
    "phd_entailment": 3.6239086838005456,
    "phd_neutral": 3.9850632238132815,
    "phd_contradiction": 3.5554342926561864,
    "centroid_ent_to_neutral": 1.1271840333938599,
    "centroid_ent_to_contradiction": 2.05965518951416,
    "centroid_neutral_to_contradiction": 1.055070400238037,
    "min_ent_to_neutral": 0.02129954844713211,
    "min_ent_to_contradiction": 0.03733383119106293,
    "entailment_separation": 4.346240484978824
  },
  "chebyshev": {
    "phd_entailment": 3.6443947258220253,
    "phd_neutral": 3.508876173278189,
    "phd_contradiction": 3.4801628357042036,
    "centroid_ent_to_neutral": 0.3551294356584549,
    "centroid_ent_to_contradiction": 1.1882482320070267,
    "centroid_neutral_to_contradiction": 0.8331187963485718,
    "min_ent_to_neutral": 0.005567073822021484,
    "min_ent_to_contradiction": 0.024481475353240967,
    "entailment_separation": 2.104872581773641
  },
  "cosine": {
    "phd_entailment": 1.3988965355656915,
    "phd_neutral": 1.493924118394424,
    "phd_contradiction": 1.4740087830563626,
    "centroid_ent_to_neutral": 0.02970200777053833,
    "centroid_ent_to_contradiction": 0.14312869310379028,
    "centroid_neutral_to_contradiction": 0.057376861572265625,
    "min_ent_to_neutral": "1.7881393e-07",
    "min_ent_to_contradiction": "1.7225742e-05",
    "entailment_separation": 0.23570809088443068
  },
  "minkowski_3": {
    "phd_entailment": 4.026848612034937,
    "phd_neutral": 3.812696505486267,
    "phd_contradiction": 3.5438053354754895,
    "centroid_ent_to_neutral": 0.442460644842876,
    "centroid_ent_to_contradiction": 1.2117434576725736,
    "centroid_neutral_to_contradiction": 0.8351454746668701,
    "min_ent_to_neutral": 0.00891728955936794,
    "min_ent_to_contradiction": 0.022758063667875403,
    "entailment_separation": 2.2560186874473573
  },
  "minkowski_4": {
    "phd_entailment": 3.789971317233998,
    "phd_neutral": 3.678144906632715,
    "phd_contradiction": 3.2937671259004855,
    "centroid_ent_to_neutral": 0.40233247734739225,
    "centroid_ent_to_contradiction": 1.194194048773698,
    "centroid_neutral_to_contradiction": 0.8334081885108834,
    "min_ent_to_neutral": 0.009858618179170844,
    "min_ent_to_contradiction": 0.009518576304934578,
    "entailment_separation": 2.1773574811340137
  },
  "canberra": {
    "phd_entailment": 3.5840663882014705,
    "phd_neutral": 3.6446643074719005,
    "phd_contradiction": 3.411381992127616,
    "centroid_ent_to_neutral": 0.8898088286511484,
    "centroid_ent_to_contradiction": 1.112065917298099,
    "centroid_neutral_to_contradiction": 0.6107830680824499,
    "min_ent_to_neutral": 0.03003862717027611,
    "min_ent_to_contradiction": 0.026400770236807612,
    "entailment_separation": 2.730175091406686
  },
  "braycurtis": {
    "phd_entailment": 3.679894566364588,
    "phd_neutral": 3.2481784739798796,
    "phd_contradiction": 3.416448713820544,
    "centroid_ent_to_neutral": 0.1313901312733351,
    "centroid_ent_to_contradiction": 0.22201243128528092,
    "centroid_neutral_to_contradiction": 0.10843917905991243,
    "min_ent_to_neutral": 0.0033374630141103615,
    "min_ent_to_contradiction": 0.007372860456083882,
    "entailment_separation": 0.48197364769658174
  }
}