{
  "euclidean": {
    "phd_entailment": -4130.121752756715,
    "phd_neutral": 19.893967212745096,
    "phd_contradiction": 28.710499081103983,
    "centroid_ent_to_neutral": 0.26580139994621277,
    "centroid_ent_to_contradiction": 0.570902407169342,
    "centroid_neutral_to_contradiction": 0.4333881437778473,
    "min_ent_to_neutral": "0.9322521",
    "min_ent_to_contradiction": "0.91737527",
    "entailment_separation": 0.7590195191673298
  },
  "manhattan": {
    "phd_entailment": 80.81128242797078,
    "phd_neutral": 35.73902871432648,
    "phd_contradiction": 28.61662811043922,
    "centroid_ent_to_neutral": 5.768857479095459,
    "centroid_ent_to_contradiction": 12.369526863098145,
    "centroid_neutral_to_contradiction": 9.346246719360352,
    "min_ent_to_neutral": 13.163446011649853,
    "min_ent_to_contradiction": 28.175764921465202,
    "entailment_separation": 16.45431471065679
  },
  "chebyshev": {
    "phd_entailment": 41.07358234021825,
    "phd_neutral": 26.83861148108918,
    "phd_contradiction": 21.240600287127602,
    "centroid_ent_to_neutral": 0.03354437852976844,
    "centroid_ent_to_contradiction": 0.08187779597938061,
    "centroid_neutral_to_contradiction": 0.062145269010216,
    "min_ent_to_neutral": 0.07911822944879532,
    "min_ent_to_contradiction": 0.11954092234373093,
    "entailment_separation": 0.10470573057292507
  },
  "cosine": {
    "phd_entailment": 13.713176393778932,
    "phd_neutral": 17.946449834561367,
    "phd_contradiction": 15.34374000046435,
    "centroid_ent_to_neutral": 0.6604043841362,
    "centroid_ent_to_contradiction": 0.7866392135620117,
    "centroid_neutral_to_contradiction": 0.28810495138168335,
    "min_ent_to_neutral": "0.47446167",
    "min_ent_to_contradiction": "0.43022984",
    "entailment_separation": 1.3126919304041984
  },
  "minkowski_3": {
    "phd_entailment": 114.37097552064257,
    "phd_neutral": 33.65081717933194,
    "phd_contradiction": 43.7857068384567,
    "centroid_ent_to_neutral": 0.10398850069808406,
    "centroid_ent_to_contradiction": 0.22549719936070028,
    "centroid_neutral_to_contradiction": 0.1714892486741134,
    "min_ent_to_neutral": 0.07742190507663213,
    "min_ent_to_contradiction": 0.4679745713632003,
    "entailment_separation": 0.29889439429381115
  },
  "minkowski_4": {
    "phd_entailment": 58.99871147505771,
    "phd_neutral": 60.293091724650594,
    "phd_contradiction": 23.090899419415585,
    "centroid_ent_to_neutral": 0.06796660128466717,
    "centroid_ent_to_contradiction": 0.14917612452080203,
    "centroid_neutral_to_contradiction": 0.11369562614512019,
    "min_ent_to_neutral": 0.1711152250671074,
    "min_ent_to_contradiction": 0.25580426222121416,
    "entailment_separation": 0.19698197370433188
  },
  "canberra": {
    "phd_entailment": 60.620940979520455,
    "phd_neutral": 60.523067033957815,
    "phd_contradiction": 46.399742695751534,
    "centroid_ent_to_neutral": 510.8160746342758,
    "centroid_ent_to_contradiction": 586.8388904253446,
    "centroid_neutral_to_contradiction": 439.44667393163405,
    "min_ent_to_neutral": 437.0490772788347,
    "min_ent_to_contradiction": 396.4925579388841,
    "entailment_separation": 995.7425037461585
  },
  "braycurtis": {
    "phd_entailment": 22.151332092217302,
    "phd_neutral": 22.890983683477398,
    "phd_contradiction": 19.748644127337755,
    "centroid_ent_to_neutral": 0.7423399526362986,
    "centroid_ent_to_contradiction": 0.9050727600631859,
    "centroid_neutral_to_contradiction": 0.5391338191017693,
    "min_ent_to_neutral": 0.5830679575478671,
    "min_ent_to_contradiction": 0.5510095421701412,
    "entailment_separation": 1.4944576496836919
  }
}