{
  "euclidean": {
    "phd_entailment": 16.152348413687374,
    "phd_neutral": 17.373255800715402,
    "phd_contradiction": 19.648620672726324,
    "centroid_ent_to_neutral": 0.012175509706139565,
    "centroid_ent_to_contradiction": 0.0245625302195549,
    "centroid_neutral_to_contradiction": 0.017579523846507072,
    "min_ent_to_neutral": "0.03900556",
    "min_ent_to_contradiction": "0.0406175",
    "entailment_separation": 1.4526291454179097
  },
  "manhattan": {
    "phd_entailment": 15.56243983542938,
    "phd_neutral": 19.364232746674375,
    "phd_contradiction": 16.29247780776793,
    "centroid_ent_to_neutral": 0.05398028343915939,
    "centroid_ent_to_contradiction": 0.11641141027212143,
    "centroid_neutral_to_contradiction": 0.07697418332099915,
    "min_ent_to_neutral": 0.21986291322173201,
    "min_ent_to_contradiction": 0.23546470618748572,
    "entailment_separation": 6.737320252325607
  },
  "chebyshev": {
    "phd_entailment": 17.511042716567175,
    "phd_neutral": 16.442159986175554,
    "phd_contradiction": 14.926016685720297,
    "centroid_ent_to_neutral": 0.004631500691175461,
    "centroid_ent_to_contradiction": 0.009353559464216232,
    "centroid_neutral_to_contradiction": 0.008324618451297283,
    "min_ent_to_neutral": 0.011860706377774477,
    "min_ent_to_contradiction": 0.012793030124157667,
    "entailment_separation": 0.5529719610309524
  },
  "cosine": {
    "phd_entailment": 8.38171649673516,
    "phd_neutral": 8.51172453808522,
    "phd_contradiction": 9.618473825257146,
    "centroid_ent_to_neutral": 0.0022746920585632324,
    "centroid_ent_to_contradiction": 0.012218236923217773,
    "centroid_neutral_to_contradiction": 0.007018685340881348,
    "min_ent_to_neutral": "0.029646099",
    "min_ent_to_contradiction": "0.039397657",
    "entailment_separation": 0.5730531918411549
  },
  "minkowski_3": {
    "phd_entailment": 15.521302269237609,
    "phd_neutral": 19.084241024690325,
    "phd_contradiction": 19.528945622708278,
    "centroid_ent_to_neutral": 0.007941082884003307,
    "centroid_ent_to_contradiction": 0.015316836898898161,
    "centroid_neutral_to_contradiction": 0.011636402326966172,
    "min_ent_to_neutral": 0.024231240745601946,
    "min_ent_to_contradiction": 0.027529001720106597,
    "entailment_separation": 0.9196226093381002
  },
  "minkowski_4": {
    "phd_entailment": 16.915985811576522,
    "phd_neutral": 18.869707239373128,
    "phd_contradiction": 19.54114704180087,
    "centroid_ent_to_neutral": 0.00658630867060349,
    "centroid_ent_to_contradiction": 0.0124160800609384,
    "centroid_neutral_to_contradiction": 0.009896252711634093,
    "min_ent_to_neutral": 0.0180521417670466,
    "min_ent_to_contradiction": 0.016557270072680142,
    "entailment_separation": 0.7513580953101656
  },
  "canberra": {
    "phd_entailment": 17.14543399498477,
    "phd_neutral": 22.740840094265007,
    "phd_contradiction": 22.00151289612755,
    "centroid_ent_to_neutral": 2.5408991648235615,
    "centroid_ent_to_contradiction": 6.317200516256766,
    "centroid_neutral_to_contradiction": 4.689054755315396,
    "min_ent_to_neutral": 10.830574568332365,
    "min_ent_to_contradiction": 10.419681841945323,
    "entailment_separation": 350.25096046985516
  },
  "braycurtis": {
    "phd_entailment": 15.061710784013677,
    "phd_neutral": 16.12461383207877,
    "phd_contradiction": 18.313809146838356,
    "centroid_ent_to_neutral": 0.02973781559076866,
    "centroid_ent_to_contradiction": 0.06289921289345252,
    "centroid_neutral_to_contradiction": 0.0404379351453652,
    "min_ent_to_neutral": 0.08011178495918667,
    "min_ent_to_contradiction": 0.08260780710925339,
    "entailment_separation": 3.6628858750565203
  }
}