{
  "euclidean": {
    "phd_entailment": 1.1020611396312083,
    "phd_neutral": 1.1691870661394155,
    "phd_contradiction": 1.0616230876581902,
    "centroid_ent_to_neutral": 0.35512933135032654,
    "centroid_ent_to_contradiction": 1.1882483959197998,
    "centroid_neutral_to_contradiction": 0.8331190347671509,
    "min_ent_to_neutral": "1.937151e-06",
    "min_ent_to_contradiction": "2.9802322e-07",
    "entailment_separation": 5.133917224903767
  },
  "manhattan": {
    "phd_entailment": 1.0589454223748136,
    "phd_neutral": 1.178906071217834,
    "phd_contradiction": 1.140655920325496,
    "centroid_ent_to_neutral": 0.35512933135032654,
    "centroid_ent_to_contradiction": 1.1882483959197998,
    "centroid_neutral_to_contradiction": 0.8331190347671509,
    "min_ent_to_neutral": 7.897615432739258e-07,
    "min_ent_to_contradiction": 6.213784217834473e-06,
    "entailment_separation": 5.133917224903767
  },
  "chebyshev": {
    "phd_entailment": 1.2559267467515396,
    "phd_neutral": 1.2905108932267895,
    "phd_contradiction": 1.0500080406963597,
    "centroid_ent_to_neutral": 0.35512933135032654,
    "centroid_ent_to_contradiction": 1.1882483661174774,
    "centroid_neutral_to_contradiction": 0.8331190347671509,
    "min_ent_to_neutral": 1.043081283569336e-06,
    "min_ent_to_contradiction": 3.829598426818848e-06,
    "entailment_separation": 5.1339171257688285
  },
  "cosine": {
    "phd_entailment": NaN,
    "phd_neutral": NaN,
    "phd_contradiction": NaN,
    "centroid_ent_to_neutral": 0.0,
    "centroid_ent_to_contradiction": 0.0,
    "centroid_neutral_to_contradiction": 0.0,
    "min_ent_to_neutral": "0.0",
    "min_ent_to_contradiction": "0.0",
    "entailment_separation": 0.0
  },
  "minkowski_3": {
    "phd_entailment": 1.143107176303117,
    "phd_neutral": 1.2786164087907195,
    "phd_contradiction": 1.2626902246648493,
    "centroid_ent_to_neutral": 0.35512933135032654,
    "centroid_ent_to_contradiction": 1.1882483661174774,
    "centroid_neutral_to_contradiction": 0.8331190347671509,
    "min_ent_to_neutral": 1.475214958190919e-06,
    "min_ent_to_contradiction": 4.008412361145022e-06,
    "entailment_separation": 5.1339171257688285
  },
  "minkowski_4": {
    "phd_entailment": 1.1346185800062103,
    "phd_neutral": 1.202505583347229,
    "phd_contradiction": 1.0688894652483345,
    "centroid_ent_to_neutral": 0.35512933135032654,
    "centroid_ent_to_contradiction": 1.1882483661174774,
    "centroid_neutral_to_contradiction": 0.8331190347671509,
    "min_ent_to_neutral": 5.21540641784668e-07,
    "min_ent_to_contradiction": 1.728534698486328e-05,
    "entailment_separation": 5.1339171257688285
  },
  "canberra": {
    "phd_entailment": 1.442533894244303,
    "phd_neutral": 1.1435404759170817,
    "phd_contradiction": 1.0357480485997164,
    "centroid_ent_to_neutral": 0.43985602922116024,
    "centroid_ent_to_contradiction": 0.7243229190103552,
    "centroid_neutral_to_contradiction": 0.4174728098236894,
    "min_ent_to_neutral": 1.220330303475068e-05,
    "min_ent_to_contradiction": 6.784756130841671e-05,
    "entailment_separation": 3.8725441281102873
  },
  "braycurtis": {
    "phd_entailment": NaN,
    "phd_neutral": 1.2892185673967718,
    "phd_contradiction": 1.112484987401715,
    "centroid_ent_to_neutral": 0.43985602922116024,
    "centroid_ent_to_contradiction": 0.7243229190103552,
    "centroid_neutral_to_contradiction": 0.4174728098236894,
    "min_ent_to_neutral": 5.356615978308237e-07,
    "min_ent_to_contradiction": 3.312411119432887e-06,
    "entailment_separation": 3.8725441281102873
  }
}