{
  "euclidean": {
    "phd_entailment": 16.57611022410159,
    "phd_neutral": 25.46260168449395,
    "phd_contradiction": 24.800502200439354,
    "centroid_ent_to_neutral": 0.2657029330730438,
    "centroid_ent_to_contradiction": 0.5709059238433838,
    "centroid_neutral_to_contradiction": 0.4338686168193817,
    "min_ent_to_neutral": "2.432588",
    "min_ent_to_contradiction": "3.1021245",
    "entailment_separation": 2.3914302058473127
  },
  "manhattan": {
    "phd_entailment": 14.840384098988832,
    "phd_neutral": 20.107004401304337,
    "phd_contradiction": 23.885200929279996,
    "centroid_ent_to_neutral": 5.822638511657715,
    "centroid_ent_to_contradiction": 12.392662048339844,
    "centroid_neutral_to_contradiction": 9.40816593170166,
    "min_ent_to_neutral": 26.505939790997957,
    "min_ent_to_contradiction": 70.38334054349525,
    "entailment_separation": 52.06808367810178
  },
  "chebyshev": {
    "phd_entailment": 18.79410832823423,
    "phd_neutral": 25.32600846758499,
    "phd_contradiction": 36.56683852340445,
    "centroid_ent_to_neutral": 0.03343772143125534,
    "centroid_ent_to_contradiction": 0.08191277831792831,
    "centroid_neutral_to_contradiction": 0.06231386540457606,
    "min_ent_to_neutral": 0.2695954814553261,
    "min_ent_to_contradiction": 0.2926005572080612,
    "entailment_separation": 0.3297271682928606
  },
  "cosine": {
    "phd_entailment": 8.40005709519439,
    "phd_neutral": 10.787088833743207,
    "phd_contradiction": 12.042578226914356,
    "centroid_ent_to_neutral": 0.030628681182861328,
    "centroid_ent_to_contradiction": 0.16100740432739258,
    "centroid_neutral_to_contradiction": 0.10896492004394531,
    "min_ent_to_neutral": "0.11842382",
    "min_ent_to_contradiction": "0.26764053",
    "entailment_separation": 0.5477880369432183
  },
  "minkowski_3": {
    "phd_entailment": 19.143358929137296,
    "phd_neutral": 23.00777578995366,
    "phd_contradiction": 27.936483280433798,
    "centroid_ent_to_neutral": 0.10392337095316537,
    "centroid_ent_to_contradiction": 0.22550787268374653,
    "centroid_neutral_to_contradiction": 0.17166663186680312,
    "min_ent_to_neutral": 0.6302816732264251,
    "min_ent_to_contradiction": 1.1005314696011215,
    "entailment_separation": 0.9416728262797417
  },
  "minkowski_4": {
    "phd_entailment": 19.0906982273346,
    "phd_neutral": 25.97631796983332,
    "phd_contradiction": 28.905411069203094,
    "centroid_ent_to_neutral": 0.06791455661932286,
    "centroid_ent_to_contradiction": 0.14918764608165164,
    "centroid_neutral_to_contradiction": 0.11381438279223045,
    "min_ent_to_neutral": 0.6271060573888408,
    "min_ent_to_contradiction": 0.6789822294770392,
    "entailment_separation": 0.6205824394552877
  },
  "canberra": {
    "phd_entailment": 22.58228473163615,
    "phd_neutral": 37.01368218340481,
    "phd_contradiction": 43.72657989500334,
    "centroid_ent_to_neutral": 245.13395728275714,
    "centroid_ent_to_contradiction": 427.77886437066167,
    "centroid_neutral_to_contradiction": 399.6419833762496,
    "min_ent_to_neutral": 497.6440799632651,
    "min_ent_to_contradiction": 476.084328758906,
    "entailment_separation": 1923.508261118832
  },
  "braycurtis": {
    "phd_entailment": 11.284178499147528,
    "phd_neutral": 15.207266528667775,
    "phd_contradiction": 16.684858322963976,
    "centroid_ent_to_neutral": 0.09540166364778188,
    "centroid_ent_to_contradiction": 0.21868599049228832,
    "centroid_neutral_to_contradiction": 0.1740051852502473,
    "min_ent_to_neutral": 0.1893947592789591,
    "min_ent_to_contradiction": 0.29282532980887,
    "entailment_separation": 0.8978134730281968
  }
}