{
  "timestamp": "20250830_105437",
  "test_config": {
    "n_clusters": 3,
    "samples_per_class": 10,
    "sample_size": 1000,
    "random_state": 42,
    "ph_params": {
      "min_points": 200,
      "max_points": 1000,
      "point_jump": 50,
      "h_dim": 0,
      "alpha": 1.0
    },
    "methodology": "CORRECTED: Extract samples -> Compute H0+H1 diagrams -> Create combined images -> Cluster"
  },
  "results": {
    "natural_clustering_accuracy_mean": 0.8433333333333334,
    "natural_clustering_accuracy_std": 0.08950481054731702,
    "natural_clustering_accuracy_min": 0.7,
    "natural_clustering_accuracy_max": 1.0,
    "natural_clustering_accuracy_all_runs": [
      0.7666666666666667,
      1.0,
      0.7666666666666667,
      0.8333333333333334,
      0.9333333333333333,
      0.8,
      0.7,
      0.9333333333333333,
      0.9,
      0.8
    ],
    "adjusted_rand_score_mean": 0.6165285445827733,
    "adjusted_rand_score_std": 0.19044890715670387,
    "normalized_mutual_info_mean": 0.6642388418508618,
    "normalized_mutual_info_std": 0.15822881178187906,
    "silhouette_score_mean": 0.5522688430515654,
    "silhouette_score_std": 0.047739919458308494,
    "n_runs": 10,
    "successful_runs": 10,
    "samples_per_class": 10,
    "sample_size": 1000,
    "clustering_method": "Combined H0+H1 persistence images",
    "accuracy_coefficient_of_variation": 0.1061321864197435,
    "runs_above_90_percent": 4,
    "runs_above_95_percent": 1,
    "runs_above_99_percent": 1,
    "image_info_by_run": [
      {
        "n_images": 30,
        "image_shape": [
          30,
          400
        ],
        "labels": [
          0,
          0,
          0,
          0,
          0,
          0,
          0,
          0,
          0,
          0,
          1,
          1,
          1,
          1,
          1,
          1,
          1,
          1,
          1,
          1,
          2,
          2,
          2,
          2,
          2,
          2,
          2,
          2,
          2,
          2
        ],
        "natural_mapping": {
          "0": 2,
          "1": 1,
          "2": 0
        }
      },
      {
        "n_images": 30,
        "image_shape": [
          30,
          400
        ],
        "labels": [
          0,
          0,
          0,
          0,
          0,
          0,
          0,
          0,
          0,
          0,
          1,
          1,
          1,
          1,
          1,
          1,
          1,
          1,
          1,
          1,
          2,
          2,
          2,
          2,
          2,
          2,
          2,
          2,
          2,
          2
        ],
        "natural_mapping": {
          "0": 1,
          "1": 0,
          "2": 2
        }
      },
      {
        "n_images": 30,
        "image_shape": [
          30,
          400
        ],
        "labels": [
          0,
          0,
          0,
          0,
          0,
          0,
          0,
          0,
          0,
          0,
          1,
          1,
          1,
          1,
          1,
          1,
          1,
          1,
          1,
          1,
          2,
          2,
          2,
          2,
          2,
          2,
          2,
          2,
          2,
          2
        ],
        "natural_mapping": {
          "0": 1,
          "1": 0,
          "2": 2
        }
      },
      {
        "n_images": 30,
        "image_shape": [
          30,
          400
        ],
        "labels": [
          0,
          0,
          0,
          0,
          0,
          0,
          0,
          0,
          0,
          0,
          1,
          1,
          1,
          1,
          1,
          1,
          1,
          1,
          1,
          1,
          2,
          2,
          2,
          2,
          2,
          2,
          2,
          2,
          2,
          2
        ],
        "natural_mapping": {
          "0": 2,
          "1": 1,
          "2": 0
        }
      },
      {
        "n_images": 30,
        "image_shape": [
          30,
          400
        ],
        "labels": [
          0,
          0,
          0,
          0,
          0,
          0,
          0,
          0,
          0,
          0,
          1,
          1,
          1,
          1,
          1,
          1,
          1,
          1,
          1,
          1,
          2,
          2,
          2,
          2,
          2,
          2,
          2,
          2,
          2,
          2
        ],
        "natural_mapping": {
          "0": 1,
          "1": 0,
          "2": 2
        }
      },
      {
        "n_images": 30,
        "image_shape": [
          30,
          400
        ],
        "labels": [
          0,
          0,
          0,
          0,
          0,
          0,
          0,
          0,
          0,
          0,
          1,
          1,
          1,
          1,
          1,
          1,
          1,
          1,
          1,
          1,
          2,
          2,
          2,
          2,
          2,
          2,
          2,
          2,
          2,
          2
        ],
        "natural_mapping": {
          "0": 1,
          "1": 2,
          "2": 0
        }
      },
      {
        "n_images": 30,
        "image_shape": [
          30,
          400
        ],
        "labels": [
          0,
          0,
          0,
          0,
          0,
          0,
          0,
          0,
          0,
          0,
          1,
          1,
          1,
          1,
          1,
          1,
          1,
          1,
          1,
          1,
          2,
          2,
          2,
          2,
          2,
          2,
          2,
          2,
          2,
          2
        ],
        "natural_mapping": {
          "0": 0,
          "1": 1,
          "2": 2
        }
      },
      {
        "n_images": 30,
        "image_shape": [
          30,
          400
        ],
        "labels": [
          0,
          0,
          0,
          0,
          0,
          0,
          0,
          0,
          0,
          0,
          1,
          1,
          1,
          1,
          1,
          1,
          1,
          1,
          1,
          1,
          2,
          2,
          2,
          2,
          2,
          2,
          2,
          2,
          2,
          2
        ],
        "natural_mapping": {
          "0": 0,
          "1": 2,
          "2": 1
        }
      },
      {
        "n_images": 30,
        "image_shape": [
          30,
          400
        ],
        "labels": [
          0,
          0,
          0,
          0,
          0,
          0,
          0,
          0,
          0,
          0,
          1,
          1,
          1,
          1,
          1,
          1,
          1,
          1,
          1,
          1,
          2,
          2,
          2,
          2,
          2,
          2,
          2,
          2,
          2,
          2
        ],
        "natural_mapping": {
          "0": 2,
          "1": 0,
          "2": 1
        }
      },
      {
        "n_images": 30,
        "image_shape": [
          30,
          400
        ],
        "labels": [
          0,
          0,
          0,
          0,
          0,
          0,
          0,
          0,
          0,
          0,
          1,
          1,
          1,
          1,
          1,
          1,
          1,
          1,
          1,
          1,
          2,
          2,
          2,
          2,
          2,
          2,
          2,
          2,
          2,
          2
        ],
        "natural_mapping": {
          "0": 2,
          "1": 0,
          "2": 1
        }
      }
    ],
    "clustering_consistency": "MODERATE (Some variation)",
    "model_name": "gromov-wasserstein_attention",
    "model_path": "entailment_surfaces/supervised_contrastive_autoencoder/experiments/FIXED_DECODERS/gw_topological_autoencoder_attention_20250727_180538/checkpoints/best_model.pt",