model_name,accuracy_mean,accuracy_std,accuracy_min,accuracy_max,coefficient_of_variation,consistency,runs_above_90_percent,runs_above_95_percent,runs_above_99_percent,successful_runs,sbert_retention_percent
contrastive+recon_no_attention,0.5366666666666665,0.060461190490723495,0.4666666666666667,0.6333333333333333,0.11266060339886369,MODERATE (Some variation),0,0,0,10,53.66666666666665
moor_signatureh0h1_lifted_no_attention,0.5399999999999999,0.06110100926607786,0.4666666666666667,0.6666666666666666,0.11315001715940345,MODERATE (Some variation),0,0,0,10,53.99999999999999
moor_signatureh0only_lifted_no_attention,0.8133333333333332,0.042687494916218996,0.7333333333333333,0.8666666666666667,0.05248462489699057,GOOD (Reasonably consistent),0,0,0,10,81.33333333333333
moor_topo+contrastive_no_attention,0.96,0.04163331998932264,0.8666666666666667,1.0,0.04336804165554442,EXCELLENT (Very consistent across runs),9,6,4,10,96.0
