{
  "timestamp": "20250829_140527",
  "test_config": {
    "n_clusters": 3,
    "samples_per_class": 10,
    "sample_size": 1000,
    "random_state": 42,
    "ph_params": {
      "min_points": 200,
      "max_points": 1000,
      "point_jump": 50,
      "h_dim": 0,
      "alpha": 1.0
    },
    "methodology": "CORRECTED: Extract samples -> Compute H0+H1 diagrams -> Create combined images -> Cluster"
  },
  "results": {
    "natural_clustering_accuracy_mean": 0.6233333333333333,
    "natural_clustering_accuracy_std": 0.05587684871413402,
    "natural_clustering_accuracy_min": 0.4666666666666667,
    "natural_clustering_accuracy_max": 0.6666666666666666,
    "natural_clustering_accuracy_all_runs": [
      0.6666666666666666,
      0.6333333333333333,
      0.4666666666666667,
      0.6333333333333333,
      0.6333333333333333,
      0.6333333333333333,
      0.6333333333333333,
      0.6666666666666666,
      0.6666666666666666,
      0.6
    ],
    "adjusted_rand_score_mean": 0.24513239384242178,
    "adjusted_rand_score_std": 0.08407851358362595,
    "normalized_mutual_info_mean": 0.3466750380755611,
    "normalized_mutual_info_std": 0.07718655073530532,
    "silhouette_score_mean": 0.3752451272817831,
    "silhouette_score_std": 0.04259420608351064,
    "n_runs": 10,
    "successful_runs": 10,
    "samples_per_class": 10,
    "sample_size": 1000,
    "clustering_method": "Combined H0+H1 persistence images",
    "accuracy_coefficient_of_variation": 0.08964200328470699,
    "runs_above_90_percent": 0,
    "runs_above_95_percent": 0,
    "runs_above_99_percent": 0,
    "image_info_by_run": [
      {
        "n_images": 30,
        "image_shape": [
          30,
          400
        ],
        "labels": [
          0,
          0,
          0,
          0,
          0,
          0,
          0,
          0,
          0,
          0,
          1,
          1,
          1,
          1,
          1,
          1,
          1,
          1,
          1,
          1,
          2,
          2,
          2,
          2,
          2,
          2,
          2,
          2,
          2,
          2
        ],
        "natural_mapping": {
          "0": 2,
          "1": 1,
          "2": 0
        }
      },
      {
        "n_images": 30,
        "image_shape": [
          30,
          400
        ],
        "labels": [
          0,
          0,
          0,
          0,
          0,
          0,
          0,
          0,
          0,
          0,
          1,
          1,
          1,
          1,
          1,
          1,
          1,
          1,
          1,
          1,
          2,
          2,
          2,
          2,
          2,
          2,
          2,
          2,
          2,
          2
        ],
        "natural_mapping": {
          "0": 0,
          "1": 0,
          "2": 2
        }
      },
      {
        "n_images": 30,
        "image_shape": [
          30,
          400
        ],
        "labels": [
          0,
          0,
          0,
          0,
          0,
          0,
          0,
          0,
          0,
          0,
          1,
          1,
          1,
          1,
          1,
          1,
          1,
          1,
          1,
          1,
          2,
          2,
          2,
          2,
          2,
          2,
          2,
          2,
          2,
          2
        ],
        "natural_mapping": {
          "0": 1,
          "1": 1,
          "2": 0
        }
      },
      {
        "n_images": 30,
        "image_shape": [
          30,
          400
        ],
        "labels": [
          0,
          0,
          0,
          0,
          0,
          0,
          0,
          0,
          0,
          0,
          1,
          1,
          1,
          1,
          1,
          1,
          1,
          1,
          1,
          1,
          2,
          2,
          2,
          2,
          2,
          2,
          2,
          2,
          2,
          2
        ],
        "natural_mapping": {
          "0": 0,
          "1": 0,
          "2": 2
        }
      },
      {
        "n_images": 30,
        "image_shape": [
          30,
          400
        ],
        "labels": [
          0,
          0,
          0,
          0,
          0,
          0,
          0,
          0,
          0,
          0,
          1,
          1,
          1,
          1,
          1,
          1,
          1,
          1,
          1,
          1,
          2,
          2,
          2,
          2,
          2,
          2,
          2,
          2,
          2,
          2
        ],
        "natural_mapping": {
          "0": 2,
          "1": 0,
          "2": 0
        }
      },
      {
        "n_images": 30,
        "image_shape": [
          30,
          400
        ],
        "labels": [
          0,
          0,
          0,
          0,
          0,
          0,
          0,
          0,
          0,
          0,
          1,
          1,
          1,
          1,
          1,
          1,
          1,
          1,
          1,
          1,
          2,
          2,
          2,
          2,
          2,
          2,
          2,
          2,
          2,
          2
        ],
        "natural_mapping": {
          "0": 0,
          "1": 2,
          "2": 0
        }
      },
      {
        "n_images": 30,
        "image_shape": [
          30,
          400
        ],
        "labels": [
          0,
          0,
          0,
          0,
          0,
          0,
          0,
          0,
          0,
          0,
          1,
          1,
          1,
          1,
          1,
          1,
          1,
          1,
          1,
          1,
          2,
          2,
          2,
          2,
          2,
          2,
          2,
          2,
          2,
          2
        ],
        "natural_mapping": {
          "0": 2,
          "1": 0,
          "2": 0
        }
      },
      {
        "n_images": 30,
        "image_shape": [
          30,
          400
        ],
        "labels": [
          0,
          0,
          0,
          0,
          0,
          0,
          0,
          0,
          0,
          0,
          1,
          1,
          1,
          1,
          1,
          1,
          1,
          1,
          1,
          1,
          2,
          2,
          2,
          2,
          2,
          2,
          2,
          2,
          2,
          2
        ],
        "natural_mapping": {
          "0": 0,
          "1": 2,
          "2": 1
        }
      },
      {
        "n_images": 30,
        "image_shape": [
          30,
          400
        ],
        "labels": [
          0,
          0,
          0,
          0,
          0,
          0,
          0,
          0,
          0,
          0,
          1,
          1,
          1,
          1,
          1,
          1,
          1,
          1,
          1,
          1,
          2,
          2,
          2,
          2,
          2,
          2,
          2,
          2,
          2,
          2
        ],
        "natural_mapping": {
          "0": 2,
          "1": 1,
          "2": 0
        }
      },
      {
        "n_images": 30,
        "image_shape": [
          30,
          400
        ],
        "labels": [
          0,
          0,
          0,
          0,
          0,
          0,
          0,
          0,
          0,
          0,
          1,
          1,
          1,
          1,
          1,
          1,
          1,
          1,
          1,
          1,
          2,
          2,
          2,
          2,
          2,
          2,
          2,
          2,
          2,
          2
        ],
        "natural_mapping": {
          "0": 1,
          "1": 0,
          "2": 2
        }
      }
    ],
    "clustering_consistency": "GOOD (Reasonably consistent)",
    "model_name": "pure_reconstruction",