{
  "euclidean": {
    "phd_entailment": 15.898508742857954,
    "phd_neutral": 19.03786407125351,
    "phd_contradiction": 22.249035962246854,
    "centroid_ent_to_neutral": 5.246975898742676,
    "centroid_ent_to_contradiction": 5.682496547698975,
    "centroid_neutral_to_contradiction": 4.605209827423096,
    "min_ent_to_neutral": "16.608465",
    "min_ent_to_contradiction": "18.219555",
    "entailment_separation": 5.157647273255049
  },
  "manhattan": {
    "phd_entailment": 14.3916003473041,
    "phd_neutral": 17.673976409585332,
    "phd_contradiction": 19.085393386066944,
    "centroid_ent_to_neutral": 144.38616943359375,
    "centroid_ent_to_contradiction": 156.23928833007812,
    "centroid_neutral_to_contradiction": 128.9756622314453,
    "min_ent_to_neutral": 429.25190385384485,
    "min_ent_to_contradiction": 551.3686012915568,
    "entailment_separation": 141.8659574013256
  },
  "chebyshev": {
    "phd_entailment": 19.053322882171095,
    "phd_neutral": 23.139611601563928,
    "phd_contradiction": 25.439482774271685,
    "centroid_ent_to_neutral": 0.49816878139972687,
    "centroid_ent_to_contradiction": 0.5346459001302719,
    "centroid_neutral_to_contradiction": 0.46455754339694977,
    "min_ent_to_neutral": 1.4870348572731018,
    "min_ent_to_contradiction": 1.4340329319238663,
    "entailment_separation": 0.4873880099954208
  },
  "cosine": {
    "phd_entailment": 7.987038272742706,
    "phd_neutral": 9.371418913588402,
    "phd_contradiction": 10.964993414565356,
    "centroid_ent_to_neutral": 0.18181967735290527,
    "centroid_ent_to_contradiction": 0.22414284944534302,
    "centroid_neutral_to_contradiction": 0.16350221633911133,
    "min_ent_to_neutral": "0.15959734",
    "min_ent_to_contradiction": "0.18844181",
    "entailment_separation": 0.19157480195362997
  },
  "minkowski_3": {
    "phd_entailment": 16.873035582552856,
    "phd_neutral": 19.94923760654261,
    "phd_contradiction": 24.001932820130964,
    "centroid_ent_to_neutral": 1.9265257471852526,
    "centroid_ent_to_contradiction": 2.078108233226886,
    "centroid_neutral_to_contradiction": 1.6866864610263663,
    "min_ent_to_neutral": 5.55341739424065,
    "min_ent_to_contradiction": 5.973574623108783,
    "entailment_separation": 1.8897974838832905
  },
  "minkowski_4": {
    "phd_entailment": 17.46880184555113,
    "phd_neutral": 20.451429404523445,
    "phd_contradiction": 24.909782997078704,
    "centroid_ent_to_neutral": 1.2167840379060135,
    "centroid_ent_to_contradiction": 1.3071581297101096,
    "centroid_neutral_to_contradiction": 1.0636688211155367,
    "min_ent_to_neutral": 3.3548519948154607,
    "min_ent_to_contradiction": 3.572755387671827,
    "entailment_separation": 1.1910550580048285
  },
  "canberra": {
    "phd_entailment": 23.17939216988343,
    "phd_neutral": 29.11338395024343,
    "phd_contradiction": 29.723835578788748,
    "centroid_ent_to_neutral": 634.1595593148508,
    "centroid_ent_to_contradiction": 677.1511362930698,
    "centroid_neutral_to_contradiction": 638.0208993727517,
    "min_ent_to_neutral": 529.3077346639695,
    "min_ent_to_contradiction": 618.0842951826831,
    "entailment_separation": 618.8110237465595
  },
  "braycurtis": {
    "phd_entailment": 11.341109326538561,
    "phd_neutral": 13.00975728667449,
    "phd_contradiction": 14.234738128534648,
    "centroid_ent_to_neutral": 0.24293066565670862,
    "centroid_ent_to_contradiction": 0.27791017979436317,
    "centroid_neutral_to_contradiction": 0.23454988587910677,
    "min_ent_to_neutral": 0.2103430565385528,
    "min_ent_to_contradiction": 0.2797842765123263,
    "entailment_separation": 0.24578618771440958
  }
}