{
  "euclidean": {
    "phd_entailment": 27.210152551010893,
    "phd_neutral": 33.72427332908921,
    "phd_contradiction": 49.57777877644464,
    "centroid_ent_to_neutral": 0.9991499185562134,
    "centroid_ent_to_contradiction": 2.6838538646698,
    "centroid_neutral_to_contradiction": 1.8445886373519897,
    "min_ent_to_neutral": "5.258112",
    "min_ent_to_contradiction": "5.899445",
    "entailment_separation": 4.329709905011397
  },
  "manhattan": {
    "phd_entailment": 25.193119360211604,
    "phd_neutral": 31.769968698612995,
    "phd_contradiction": 43.05936009725222,
    "centroid_ent_to_neutral": 28.581483840942383,
    "centroid_ent_to_contradiction": 81.92875671386719,
    "centroid_neutral_to_contradiction": 54.8057861328125,
    "min_ent_to_neutral": 129.09994967472448,
    "min_ent_to_contradiction": 145.49702830785827,
    "entailment_separation": 129.91495835940842
  },
  "chebyshev": {
    "phd_entailment": 35.34821497685988,
    "phd_neutral": 38.731844965644264,
    "phd_contradiction": 44.93284042123315,
    "centroid_ent_to_neutral": 0.15489639341831207,
    "centroid_ent_to_contradiction": 0.17727632075548172,
    "centroid_neutral_to_contradiction": 0.1288565844297409,
    "min_ent_to_neutral": 0.6285773515701294,
    "min_ent_to_contradiction": 0.701780378818512,
    "entailment_separation": 0.3904995963574704
  },
  "cosine": {
    "phd_entailment": 15.752897391900772,
    "phd_neutral": 15.719232071123624,
    "phd_contradiction": 22.557012250132498,
    "centroid_ent_to_neutral": 0.008380889892578125,
    "centroid_ent_to_contradiction": 0.033090412616729736,
    "centroid_neutral_to_contradiction": 0.029250502586364746,
    "min_ent_to_neutral": "0.17107213",
    "min_ent_to_contradiction": "0.20209134",
    "entailment_separation": 0.04875333282742255
  },
  "minkowski_3": {
    "phd_entailment": 28.628443843371834,
    "phd_neutral": 35.55329040420016,
    "phd_contradiction": 55.09167877991081,
    "centroid_ent_to_neutral": 0.34841568756836133,
    "centroid_ent_to_contradiction": 0.8813402232379114,
    "centroid_neutral_to_contradiction": 0.6190206178386439,
    "min_ent_to_neutral": 1.9992666940064092,
    "min_ent_to_contradiction": 2.2285296246533153,
    "entailment_separation": 1.4456912512591589
  },
  "minkowski_4": {
    "phd_entailment": 29.888527707017367,
    "phd_neutral": 37.34336041410674,
    "phd_contradiction": 58.86627528636907,
    "centroid_ent_to_neutral": 0.2194404464619481,
    "centroid_ent_to_contradiction": 0.5140683417259673,
    "centroid_neutral_to_contradiction": 0.3672437900481173,
    "min_ent_to_neutral": 1.2967471169644198,
    "min_ent_to_contradiction": 1.4401624675868598,
    "entailment_separation": 0.8623070875176538
  },
  "canberra": {
    "phd_entailment": 73.86149374415083,
    "phd_neutral": 58.78186437556452,
    "phd_contradiction": 79.79520106277806,
    "centroid_ent_to_neutral": 119.02623784403877,
    "centroid_ent_to_contradiction": 421.9624523129749,
    "centroid_neutral_to_contradiction": 325.9469454105399,
    "min_ent_to_neutral": 418.93829481517383,
    "min_ent_to_contradiction": 481.1331094758142,
    "entailment_separation": 635.9819940831767
  },
  "braycurtis": {
    "phd_entailment": 29.332035341056653,
    "phd_neutral": 25.86554274540116,
    "phd_contradiction": 31.46560022029923,
    "centroid_ent_to_neutral": 0.11168061163509127,
    "centroid_ent_to_contradiction": 0.40670362022677486,
    "centroid_neutral_to_contradiction": 0.31477451073418183,
    "min_ent_to_neutral": 0.3162058190117824,
    "min_ent_to_contradiction": 0.34373692962811214,
    "entailment_separation": 0.6094083730014762
  }
}