{
  "random_forest": {
    "accuracy": 0.8362745098039216,
    "balanced_accuracy": 0.8362745098039216,
    "f1_macro": 0.8367174838674986,
    "f1_per_class": [
      0.8586302261265658,
      0.7849445069969438,
      0.866577718478986
    ],
    "cv_mean": 0.9246001384781549,
    "cv_std": 0.0013852804765743319,
    "feature_importances_stats": {
      "mean": 0.013333333333333334,
      "std": 0.011661160437333161,
      "max": 0.05191877138757868,
      "top_5_features": [
        40,
        58,
        67,
        33,
        69
      ]
    }
  },
  "svm_rbf": {
    "accuracy": 0.8374727668845315,
    "balanced_accuracy": 0.8374727668845315,
    "f1_macro": 0.8374951493121943,
    "f1_per_class": [
      0.8613672496025436,
      0.7839031572059545,
      0.8672150411280847
    ],
    "cv_mean": 0.9308993586821189,
    "cv_std": 0.009056308357736959,
    "num_support_vectors": [
      4033,
      5989,
      3370
    ],
    "total_support_vectors": 13392
  },
  "neural_network": {
    "accuracy": 0.8374727668845315,
    "balanced_accuracy": 0.8374727668845315,
    "f1_macro": 0.8372076870019667,
    "f1_per_class": [
      0.8619115099984255,
      0.7824074074074074,
      0.8673041436000671
    ],
    "train_accuracy": 0.9291999936103821,
    "final_loss": 0.48431396484375,
    "model_parameters": 7043
  },
  "dataset_info": {
    "train_samples": 547740,
    "val_samples": 9180,
    "latent_dim": 75,
    "num_classes": 3,
    "class_names": [
      "entailment",
      "neutral",
      "contradiction"
    ]
  }
}