{
  "random_forest": {
    "accuracy": 0.6236383442265795,
    "balanced_accuracy": 0.6236383442265795,
    "f1_macro": 0.6124925317186333,
    "f1_per_class": [
      0.6875908166230748,
      0.4380772855796418,
      0.7118094929531832
    ],
    "cv_mean": 0.5955000419058103,
    "cv_std": 0.00454168608148971,
    "feature_importances_stats": {
      "mean": 0.013333333333333334,
      "std": 0.05357362550419432,
      "max": 0.46856273050798486,
      "top_5_features": [
        21,
        72,
        42,
        48,
        53
      ]
    }
  },
  "svm_rbf": {
    "accuracy": 0.6496732026143791,
    "balanced_accuracy": 0.6496732026143791,
    "f1_macro": 0.6465483078364264,
    "f1_per_class": [
      0.7043967746843146,
      0.5054188886977464,
      0.7298292601272179
    ],
    "cv_mean": 0.6159003722807793,
    "cv_std": 0.00328183135604888,
    "num_support_vectors": [
      22813,
      32148,
      19649
    ],
    "total_support_vectors": 74610
  },
  "neural_network": {
    "accuracy": 0.592483660130719,
    "balanced_accuracy": 0.592483660130719,
    "f1_macro": 0.5827914094825747,
    "f1_per_class": [
      0.6416449086161881,
      0.40784456146722353,
      0.6988847583643123
    ],
    "train_accuracy": 0.5913791060447693,
    "final_loss": 0.9380907416343689,
    "model_parameters": 7043
  },
  "dataset_info": {
    "train_samples": 547740,
    "val_samples": 9180,
    "latent_dim": 75,
    "num_classes": 3,
    "class_names": [
      "entailment",
      "neutral",
      "contradiction"
    ]
  }
}