{
  "random_forest": {
    "accuracy": 0.5603485838779957,
    "balanced_accuracy": 0.5603485838779956,
    "f1_macro": 0.5559988738056426,
    "f1_per_class": [
      0.590275627129142,
      0.44061778803479495,
      0.6371032062529909
    ],
    "cv_mean": 0.5105002101889853,
    "cv_std": 0.0022692638818335525,
    "feature_importances_stats": {
      "mean": 0.013333333333333334,
      "std": 0.013963451495049331,
      "max": 0.07747889814716928,
      "top_5_features": [
        57,
        23,
        11,
        24,
        7
      ]
    }
  },
  "svm_rbf": {
    "accuracy": 0.6261437908496732,
    "balanced_accuracy": 0.6261437908496732,
    "f1_macro": 0.6278234469795514,
    "f1_per_class": [
      0.6399871423979427,
      0.5515709298635353,
      0.6919122686771761
    ],
    "cv_mean": 0.5645020110889313,
    "cv_std": 0.01422054620911695,
    "num_support_vectors": [
      25019,
      31526,
      21732
    ],
    "total_support_vectors": 78277
  },
  "neural_network": {
    "accuracy": 0.49618736383442263,
    "balanced_accuracy": 0.4961873638344227,
    "f1_macro": 0.4803489350958678,
    "f1_per_class": [
      0.5326137239784118,
      0.3276213790289678,
      0.5808117022802237
    ],
    "train_accuracy": 0.4950414299964905,
    "final_loss": 1.012367844581604,
    "model_parameters": 7043
  },
  "dataset_info": {
    "train_samples": 547740,
    "val_samples": 9180,
    "latent_dim": 75,
    "num_classes": 3,
    "class_names": [
      "entailment",
      "neutral",
      "contradiction"
    ]
  }
}