{
  "random_forest": {
    "accuracy": 0.5735294117647058,
    "balanced_accuracy": 0.573529411764706,
    "f1_macro": 0.5710280555452213,
    "f1_per_class": [
      0.6088703446144337,
      0.4608755601516718,
      0.6433382618695581
    ],
    "cv_mean": 0.5432003908249253,
    "cv_std": 0.0054130895764443795,
    "feature_importances_stats": {
      "mean": 0.01,
      "std": 0.01343581060818781,
      "max": 0.07009936992622266,
      "top_5_features": [
        42,
        44,
        5,
        12,
        64
      ]
    }
  },
  "svm_rbf": {
    "accuracy": 0.7355119825708061,
    "balanced_accuracy": 0.7355119825708062,
    "f1_macro": 0.735415380910155,
    "f1_per_class": [
      0.7517884914463452,
      0.656010656010656,
      0.7984469952734639
    ],
    "cv_mean": 0.6216009423377851,
    "cv_std": 0.006664460072565266,
    "num_support_vectors": [
      23312,
      28889,
      18433
    ],
    "total_support_vectors": 70634
  },
  "neural_network": {
    "accuracy": 0.5495642701525054,
    "balanced_accuracy": 0.5495642701525054,
    "f1_macro": 0.5416454118272904,
    "f1_per_class": [
      0.578939595333038,
      0.4234800838574424,
      0.6225165562913908
    ],
    "train_accuracy": 0.5514276623725891,
    "final_loss": 0.9400383830070496,
    "model_parameters": 8643
  },
  "dataset_info": {
    "train_samples": 547740,
    "val_samples": 9180,
    "latent_dim": 100,
    "num_classes": 3,
    "class_names": [
      "entailment",
      "neutral",
      "contradiction"
    ]
  }
}