{
  "euclidean": {
    "phd_entailment": 1.4908519680221002,
    "phd_neutral": 2.284113140570741,
    "phd_contradiction": 2.2232142401599435,
    "centroid_ent_to_neutral": 0.9668750166893005,
    "centroid_ent_to_contradiction": 2.2695741653442383,
    "centroid_neutral_to_contradiction": 1.5829782485961914,
    "min_ent_to_neutral": "0.0027207667",
    "min_ent_to_contradiction": "0.001791229",
    "entailment_separation": 0.5266543500747888
  },
  "manhattan": {
    "phd_entailment": 1.7402307147713183,
    "phd_neutral": 2.323326968943415,
    "phd_contradiction": 2.170486045194557,
    "centroid_ent_to_neutral": 1.647053837776184,
    "centroid_ent_to_contradiction": 4.436136245727539,
    "centroid_neutral_to_contradiction": 3.086801528930664,
    "min_ent_to_neutral": 0.0050231218338012695,
    "min_ent_to_contradiction": 0.003583282232284546,
    "entailment_separation": 0.9898930400619075
  },
  "chebyshev": {
    "phd_entailment": 1.4046002926502728,
    "phd_neutral": 2.20133398599553,
    "phd_contradiction": 2.3151305630670147,
    "centroid_ent_to_neutral": 0.8391867876052856,
    "centroid_ent_to_contradiction": 1.5023189783096313,
    "centroid_neutral_to_contradiction": 1.1984410285949707,
    "min_ent_to_neutral": 0.0021173954010009766,
    "min_ent_to_contradiction": 0.0009624958038330078,
    "entailment_separation": 0.38102380973257377
  },
  "cosine": {
    "phd_entailment": -3.1305162728492757,
    "phd_neutral": 1.1023648606698144,
    "phd_contradiction": 1.0132421226290453,
    "centroid_ent_to_neutral": 0.059876441955566406,
    "centroid_ent_to_contradiction": 0.055976271629333496,
    "centroid_neutral_to_contradiction": 0.034917593002319336,
    "min_ent_to_neutral": "1.7881393e-07",
    "min_ent_to_contradiction": "1.2516975e-06",
    "entailment_separation": 0.0188522458242707
  },
  "minkowski_3": {
    "phd_entailment": 1.4422082422425795,
    "phd_neutral": 2.258634113754262,
    "phd_contradiction": 2.258301474572275,
    "centroid_ent_to_neutral": 0.8728069495426147,
    "centroid_ent_to_contradiction": 1.8760851915125663,
    "centroid_neutral_to_contradiction": 1.3452586956457577,
    "min_ent_to_neutral": 0.0023430191304104923,
    "min_ent_to_contradiction": 0.0014283414985805545,
    "entailment_separation": 0.4473161550040085
  },
  "minkowski_4": {
    "phd_entailment": 1.4253916840273695,
    "phd_neutral": 2.2421456854513813,
    "phd_contradiction": 2.2789768083771107,
    "centroid_ent_to_neutral": 0.8493765172351605,
    "centroid_ent_to_contradiction": 1.7218296380564038,
    "centroid_neutral_to_contradiction": 1.2690425917891444,
    "min_ent_to_neutral": 0.002220635737926355,
    "min_ent_to_contradiction": 0.0012779396156761434,
    "entailment_separation": 0.41840202965045115
  },
  "canberra": {
    "phd_entailment": 2.4889216545699626,
    "phd_neutral": 2.3725881274017273,
    "phd_contradiction": 2.231028139218679,
    "centroid_ent_to_neutral": 1.0857897318577605,
    "centroid_ent_to_contradiction": 2.016167447196726,
    "centroid_neutral_to_contradiction": 1.3722216670122656,
    "min_ent_to_neutral": 0.0056226501627049,
    "min_ent_to_contradiction": 0.004697849220378579,
    "entailment_separation": 0.5047690077025397
  },
  "braycurtis": {
    "phd_entailment": 2.082675915192007,
    "phd_neutral": 2.2565993212790922,
    "phd_contradiction": 2.1417367205505182,
    "centroid_ent_to_neutral": 0.2191759256713594,
    "centroid_ent_to_contradiction": 0.41844187023309454,
    "centroid_neutral_to_contradiction": 0.2582904326258126,
    "min_ent_to_neutral": 0.0008674137987038217,
    "min_ent_to_contradiction": 0.0009992234421185308,
    "entailment_separation": 0.10375697778983377
  }
}