{
  "euclidean": {
    "phd_entailment": 22.705735200025984,
    "phd_neutral": 25.95649506027489,
    "phd_contradiction": 18.73990565077836,
    "centroid_ent_to_neutral": 0.3891238272190094,
    "centroid_ent_to_contradiction": 0.8120429515838623,
    "centroid_neutral_to_contradiction": 0.5230165719985962,
    "min_ent_to_neutral": "0.15905751",
    "min_ent_to_contradiction": "0.57593006",
    "entailment_separation": 1.6665173583063246
  },
  "manhattan": {
    "phd_entailment": 22.411803232551165,
    "phd_neutral": 25.529167706601893,
    "phd_contradiction": 18.453490217046568,
    "centroid_ent_to_neutral": 5.645280838012695,
    "centroid_ent_to_contradiction": 10.597502708435059,
    "centroid_neutral_to_contradiction": 6.698208332061768,
    "min_ent_to_neutral": 2.074339345097542,
    "min_ent_to_contradiction": 7.37261800467968,
    "entailment_separation": 22.535488997077838
  },
  "chebyshev": {
    "phd_entailment": 17.625029342027375,
    "phd_neutral": 20.802270229384327,
    "phd_contradiction": 15.538395916517148,
    "centroid_ent_to_neutral": 0.045274109579622746,
    "centroid_ent_to_contradiction": 0.11813881993293762,
    "centroid_neutral_to_contradiction": 0.07977581582963467,
    "min_ent_to_neutral": 0.027690112590789795,
    "min_ent_to_contradiction": 0.09378060698509216,
    "entailment_separation": 0.226721624682115
  },
  "cosine": {
    "phd_entailment": 10.282364405863781,
    "phd_neutral": 9.964741482352755,
    "phd_contradiction": 11.037627008932335,
    "centroid_ent_to_neutral": 0.5946670770645142,
    "centroid_ent_to_contradiction": 0.9608507752418518,
    "centroid_neutral_to_contradiction": 0.17437392473220825,
    "min_ent_to_neutral": "0.22478205",
    "min_ent_to_contradiction": "0.14398879",
    "entailment_separation": 2.1581495157629274
  },
  "minkowski_3": {
    "phd_entailment": 22.404464452156216,
    "phd_neutral": 25.46292014954522,
    "phd_contradiction": 18.58418514476373,
    "centroid_ent_to_neutral": 0.16485891320791174,
    "centroid_ent_to_contradiction": 0.36565857994025913,
    "centroid_neutral_to_contradiction": 0.24036275462001838,
    "min_ent_to_neutral": 0.07263858962766966,
    "min_ent_to_contradiction": 0.26576765416907455,
    "entailment_separation": 0.7360481715101441
  },
  "minkowski_4": {
    "phd_entailment": 21.95359392659791,
    "phd_neutral": 24.851772983913815,
    "phd_contradiction": 18.239305424717667,
    "centroid_ent_to_neutral": 0.10919564780785612,
    "centroid_ent_to_contradiction": 0.252363540890785,
    "centroid_neutral_to_contradiction": 0.16829160384994196,
    "min_ent_to_neutral": 0.0509771557420196,
    "min_ent_to_contradiction": 0.18760505520880008,
    "entailment_separation": 0.5016328079119505
  },
  "canberra": {
    "phd_entailment": 33.42804860124397,
    "phd_neutral": 33.816411273753175,
    "phd_contradiction": 40.18234004460953,
    "centroid_ent_to_neutral": 174.72892010474933,
    "centroid_ent_to_contradiction": 175.19031233286992,
    "centroid_neutral_to_contradiction": 143.33397057790216,
    "min_ent_to_neutral": 104.50479135941774,
    "min_ent_to_contradiction": 108.3501270229595,
    "entailment_separation": 485.4833526479178
  },
  "braycurtis": {
    "phd_entailment": 16.669093853709665,
    "phd_neutral": 16.48197496936809,
    "phd_contradiction": 18.53360852795108,
    "centroid_ent_to_neutral": 0.761260255219859,
    "centroid_ent_to_contradiction": 1.0258995681644592,
    "centroid_neutral_to_contradiction": 0.5532017303291529,
    "min_ent_to_neutral": 0.3304814673611966,
    "min_ent_to_contradiction": 0.32149160772509067,
    "entailment_separation": 2.479533167497315
  }
}