{
  "euclidean": {
    "phd_entailment": 31.72945952662698,
    "phd_neutral": 48.07512819075406,
    "phd_contradiction": 24.08981735145009,
    "centroid_ent_to_neutral": 0.13338503241539001,
    "centroid_ent_to_contradiction": 0.5103654861450195,
    "centroid_neutral_to_contradiction": 0.3800249397754669,
    "min_ent_to_neutral": "0.11247065",
    "min_ent_to_contradiction": "0.27945438",
    "entailment_separation": 1.920377189271903
  },
  "manhattan": {
    "phd_entailment": 34.46803151267263,
    "phd_neutral": 46.625475507917386,
    "phd_contradiction": 24.982087538715852,
    "centroid_ent_to_neutral": 1.419979214668274,
    "centroid_ent_to_contradiction": 5.291802406311035,
    "centroid_neutral_to_contradiction": 3.8718230724334717,
    "min_ent_to_neutral": 1.037169672548771,
    "min_ent_to_contradiction": 2.3306475784629583,
    "entailment_separation": 20.02196806478152
  },
  "chebyshev": {
    "phd_entailment": 22.647697485594467,
    "phd_neutral": 29.327331426807806,
    "phd_contradiction": 19.249684888039244,
    "centroid_ent_to_neutral": 0.02373257279396057,
    "centroid_ent_to_contradiction": 0.0968720093369484,
    "centroid_neutral_to_contradiction": 0.07598158717155457,
    "min_ent_to_neutral": 0.027690112590789795,
    "min_ent_to_contradiction": 0.06857548654079437,
    "entailment_separation": 0.35977646893985904
  },
  "cosine": {
    "phd_entailment": 14.601547475828735,
    "phd_neutral": 16.977800467352058,
    "phd_contradiction": 14.788714024476114,
    "centroid_ent_to_neutral": 0.0006579756736755371,
    "centroid_ent_to_contradiction": 0.007866501808166504,
    "centroid_neutral_to_contradiction": 0.004923701286315918,
    "min_ent_to_neutral": "0.16137832",
    "min_ent_to_contradiction": "0.1013878",
    "entailment_separation": 0.025429435215367936
  },
  "minkowski_3": {
    "phd_entailment": 30.017638550126534,
    "phd_neutral": 47.74432104203944,
    "phd_contradiction": 23.688795551127555,
    "centroid_ent_to_neutral": 0.062478921714960944,
    "centroid_ent_to_contradiction": 0.2458571909399858,
    "centroid_neutral_to_contradiction": 0.18589578853051772,
    "min_ent_to_neutral": 0.057653286794224594,
    "min_ent_to_contradiction": 0.1528530139837597,
    "entailment_separation": 0.9197998608148179
  },
  "minkowski_4": {
    "phd_entailment": 29.11275729278277,
    "phd_neutral": 44.93175024707,
    "phd_contradiction": 23.104836081515074,
    "centroid_ent_to_neutral": 0.043649633346661616,
    "centroid_ent_to_contradiction": 0.17636541554917337,
    "centroid_neutral_to_contradiction": 0.13490613582152272,
    "min_ent_to_neutral": 0.04286650752329459,
    "min_ent_to_contradiction": 0.11615589747269021,
    "entailment_separation": 0.6563286071457438
  },
  "canberra": {
    "phd_entailment": 50.500500746950884,
    "phd_neutral": 48.50921044350774,
    "phd_contradiction": 52.94251323702631,
    "centroid_ent_to_neutral": 9.98555990509272,
    "centroid_ent_to_contradiction": 29.983520855149976,
    "centroid_neutral_to_contradiction": 20.44737055083832,
    "min_ent_to_neutral": 40.58771750466845,
    "min_ent_to_contradiction": 40.23136366374815,
    "entailment_separation": 119.232076332586
  },
  "braycurtis": {
    "phd_entailment": 30.829841266350986,
    "phd_neutral": 34.24354623366864,
    "phd_contradiction": 29.947467379639406,
    "centroid_ent_to_neutral": 0.08116246982671348,
    "centroid_ent_to_contradiction": 0.24765846149419987,
    "centroid_neutral_to_contradiction": 0.16991130618036268,
    "min_ent_to_neutral": 0.2796122466520673,
    "min_ent_to_contradiction": 0.2599898281060179,
    "entailment_separation": 0.9809082830347559
  }
}