{
  "euclidean": {
    "phd_entailment": 27.203097410465553,
    "phd_neutral": 35.559573859473794,
    "phd_contradiction": 21.432567614844825,
    "centroid_ent_to_neutral": 0.471787691116333,
    "centroid_ent_to_contradiction": 1.3043410778045654,
    "centroid_neutral_to_contradiction": 0.9226169586181641,
    "min_ent_to_neutral": "0.2754957",
    "min_ent_to_contradiction": "0.8609181",
    "entailment_separation": 1.8851412750625733
  },
  "manhattan": {
    "phd_entailment": 26.2744040252023,
    "phd_neutral": 32.61796797280795,
    "phd_contradiction": 20.91656989007819,
    "centroid_ent_to_neutral": 8.48523998260498,
    "centroid_ent_to_contradiction": 21.181106567382812,
    "centroid_neutral_to_contradiction": 14.441853523254395,
    "min_ent_to_neutral": 4.148678690195084,
    "min_ent_to_contradiction": 12.794444590806961,
    "entailment_separation": 31.487162046066068
  },
  "chebyshev": {
    "phd_entailment": 22.738230322491034,
    "phd_neutral": 31.351711037789624,
    "phd_contradiction": 20.319721868898743,
    "centroid_ent_to_neutral": 0.04746514558792114,
    "centroid_ent_to_contradiction": 0.1937440186738968,
    "centroid_neutral_to_contradiction": 0.15196317434310913,
    "min_ent_to_neutral": 0.05538022518157959,
    "min_ent_to_contradiction": 0.13715097308158875,
    "entailment_separation": 0.2560137302148233
  },
  "cosine": {
    "phd_entailment": 12.428226129818867,
    "phd_neutral": 12.555089142787136,
    "phd_contradiction": 13.024025526999484,
    "centroid_ent_to_neutral": 0.033213257789611816,
    "centroid_ent_to_contradiction": 0.08136898279190063,
    "centroid_neutral_to_contradiction": 0.021103382110595703,
    "min_ent_to_neutral": "0.19606179",
    "min_ent_to_contradiction": "0.11558813",
    "entailment_separation": 0.12161489351956939
  },
  "minkowski_3": {
    "phd_entailment": 26.770067832027657,
    "phd_neutral": 36.1367160221986,
    "phd_contradiction": 21.837281937772694,
    "centroid_ent_to_neutral": 0.18597017833670443,
    "centroid_ent_to_contradiction": 0.5515427858096812,
    "centroid_neutral_to_contradiction": 0.4026473269237853,
    "min_ent_to_neutral": 0.12421024106383458,
    "min_ent_to_contradiction": 0.38357080760188716,
    "entailment_separation": 0.7827789031595909
  },
  "minkowski_4": {
    "phd_entailment": 26.35209113080265,
    "phd_neutral": 36.81404793750797,
    "phd_contradiction": 21.993313244433935,
    "centroid_ent_to_neutral": 0.11895882085236237,
    "centroid_ent_to_contradiction": 0.3738607654216997,
    "centroid_neutral_to_contradiction": 0.27948867244670156,
    "min_ent_to_neutral": 0.08829502377052949,
    "min_ent_to_contradiction": 0.2673725263315684,
    "entailment_separation": 0.5230671106177385
  },
  "canberra": {
    "phd_entailment": 38.395060680042945,
    "phd_neutral": 37.7194056109522,
    "phd_contradiction": 44.19347456223731,
    "centroid_ent_to_neutral": 184.71447995084503,
    "centroid_ent_to_contradiction": 205.17383236251544,
    "centroid_neutral_to_contradiction": 163.78134045290034,
    "min_ent_to_neutral": 146.91092129838302,
    "min_ent_to_contradiction": 151.0832298733651,
    "entailment_separation": 413.81827887003664
  },
  "braycurtis": {
    "phd_entailment": 21.40632145866556,
    "phd_neutral": 21.749277687889062,
    "phd_contradiction": 22.696640855389816,
    "centroid_ent_to_neutral": 0.2000917843751688,
    "centroid_ent_to_contradiction": 0.39915671895292726,
    "centroid_neutral_to_contradiction": 0.25036711199760764,
    "min_ent_to_neutral": 0.308402686211668,
    "min_ent_to_contradiction": 0.29312072260030675,
    "entailment_separation": 0.6360282584294858
  }
}