{
  "euclidean": {
    "phd_entailment": 6.1663079438023525,
    "phd_neutral": 6.538855839848563,
    "phd_contradiction": 6.075385960671551
  },
  "manhattan": {
    "phd_entailment": 5.941178044463636,
    "phd_neutral": 6.318395284519712,
    "phd_contradiction": 5.936140830330084
  },
  "chebyshev": {
    "phd_entailment": 6.229895394749801,
    "phd_neutral": 6.679816210623948,
    "phd_contradiction": 6.393317335713042
  },
  "cosine": {
    "phd_entailment": 6.421391669124102,
    "phd_neutral": 6.59361931640021,
    "phd_contradiction": 3.752374128490964
  },
  "minkowski_3": {
    "phd_entailment": 6.283525058422256,
    "phd_neutral": 6.661810719449207,
    "phd_contradiction": 6.18588925741047
  },
  "minkowski_4": {
    "phd_entailment": 6.326166446227844,
    "phd_neutral": 6.722159959995834,
    "phd_contradiction": 6.25903781724843
  },
  "canberra": {
    "phd_entailment": 12.03742818350973,
    "phd_neutral": 13.990880684909232,
    "phd_contradiction": 7.571735219619355
  },
  "braycurtis": {
    "phd_entailment": 8.316815743289283,
    "phd_neutral": 9.242010002208469,
    "phd_contradiction": 5.852302399164697
  }
}