{
  "euclidean": {
    "phd_entailment": 1.1113387669884998,
    "phd_neutral": 1.0521212365290635,
    "phd_contradiction": 1.0499309035036155,
    "surface_quality": 0.18143295735817183,
    "separation_ratio": 1.0584875283506434,
    "entailment_simplicity": 0.0,
    "class_distinctiveness": 0.6666666666666667,
    "overall_separation": 0.18285524416803658,
    "min_max_diff": 0.06140786348488425,
    "std_dev": 0.028445736197294836,
    "centroid_ent_to_neutral": 0.01771293580532074,
    "centroid_ent_to_contradiction": 0.022131793200969696,
    "centroid_neutral_to_contradiction": 0.004418857395648956,
    "min_ent_to_neutral": "7.748604e-07",
    "min_ent_to_contradiction": "1.7881393e-07",
    "entailment_separation": 1.026517547968029,
    "surface_gradient": 1.0,
    "surface_learning_score": 0.5513258773984014,
    "combined_surface_score": 0.3663794173782866
  },
  "manhattan": {
    "phd_entailment": 1.1958961603805491,
    "phd_neutral": 1.0886302036008646,
    "phd_contradiction": 1.0693356029380863,
    "surface_quality": 0.1838101104128684,
    "separation_ratio": 1.1183543848112112,
    "entailment_simplicity": 0.0,
    "class_distinctiveness": 0.6666666666666667,
    "overall_separation": 0.18659378513238856,
    "min_max_diff": 0.12656055744246286,
    "std_dev": 0.05567349439040307,
    "centroid_ent_to_neutral": 0.01771293580532074,
    "centroid_ent_to_contradiction": 0.022131793200969696,
    "centroid_neutral_to_contradiction": 0.004418857395648956,
    "min_ent_to_neutral": 5.960464477539063e-08,
    "min_ent_to_contradiction": 1.7136335372924805e-07,
    "entailment_separation": 1.026517547968029,
    "surface_gradient": 1.0,
    "surface_learning_score": 0.5513258773984014,
    "combined_surface_score": 0.36756799390563494
  },
  "chebyshev": {
    "phd_entailment": 1.1162555413917,
    "phd_neutral": 1.1217370231405603,
    "phd_contradiction": 1.083004701471197,
    "surface_quality": 0.30558202172510285,
    "separation_ratio": 1.0357637613361677,
    "entailment_simplicity": 0.5,
    "class_distinctiveness": 0.6666666666666666,
    "overall_separation": 0.18143769847797825,
    "min_max_diff": 0.038732321669363357,
    "std_dev": 0.017113535057508122,
    "centroid_ent_to_neutral": 0.01771293580532074,
    "centroid_ent_to_contradiction": 0.022131793200969696,
    "centroid_neutral_to_contradiction": 0.004418857395648956,
    "min_ent_to_neutral": 4.76837158203125e-07,
    "min_ent_to_contradiction": 2.384185791015625e-07,
    "entailment_separation": 1.026517547968029,
    "surface_gradient": 1.0,
    "surface_learning_score": 0.5513258773984014,
    "combined_surface_score": 0.42845394956175215
  },
  "cosine": {
    "phd_entailment": NaN,
    "phd_neutral": NaN,
    "phd_contradiction": NaN,
    "surface_quality": 0.0,
    "separation_ratio": 0.0,
    "entailment_simplicity": 0.0,
    "class_distinctiveness": 0.0,
    "overall_separation": 0.0,
    "centroid_ent_to_neutral": 0.0,
    "centroid_ent_to_contradiction": 0.0,
    "centroid_neutral_to_contradiction": 0.0,
    "min_ent_to_neutral": "0.0",
    "min_ent_to_contradiction": "0.0",
    "entailment_separation": 0.0,
    "surface_gradient": 0.0,
    "surface_learning_score": 0.0,
    "combined_surface_score": 0.0
  },
  "minkowski_3": {
    "phd_entailment": 1.1159187425945545,
    "phd_neutral": 1.1724673103665486,
    "phd_contradiction": 1.119737720894464,
    "surface_quality": 0.43121381147752413,
    "separation_ratio": 1.0506744493246134,
    "entailment_simplicity": 1.0,
    "class_distinctiveness": 0.6666666666666666,
    "overall_separation": 0.18250402406963337,
    "min_max_diff": 0.05654856777199413,
    "std_dev": 0.02580425184218368,
    "centroid_ent_to_neutral": 0.017712935805320743,
    "centroid_ent_to_contradiction": 0.0221317932009697,
    "centroid_neutral_to_contradiction": 0.004418857395648958,
    "min_ent_to_neutral": 2.980232238769534e-07,
    "min_ent_to_contradiction": 4.768371582031254e-07,
    "entailment_separation": 1.026517547968029,
    "surface_gradient": 1.0,
    "surface_learning_score": 0.5513258773984014,
    "combined_surface_score": 0.4912698444379628
  },
  "minkowski_4": {
    "phd_entailment": 1.110048700627421,
    "phd_neutral": 1.0996302957694926,
    "phd_contradiction": 1.0806827334683782,
    "surface_quality": 0.1802404849993359,
    "separation_ratio": 1.0271735322954543,
    "entailment_simplicity": 0.0,
    "class_distinctiveness": 0.6666666666666666,
    "overall_separation": 0.18084828460632554,
    "min_max_diff": 0.029365967159042716,
    "std_dev": 0.012155992139792581,
    "centroid_ent_to_neutral": 0.01771293580532074,
    "centroid_ent_to_contradiction": 0.022131793200969696,
    "centroid_neutral_to_contradiction": 0.004418857395648956,
    "min_ent_to_neutral": 2.384185791015625e-07,
    "min_ent_to_contradiction": 0.0,
    "entailment_separation": 1.026517547968029,
    "surface_gradient": 1.0,
    "surface_learning_score": 0.5513258773984014,
    "combined_surface_score": 0.36578318119886866
  },
  "canberra": {
    "phd_entailment": 2.7361135828124308,
    "phd_neutral": 1.1243195186408095,
    "phd_contradiction": 1.2667556923202545,
    "surface_quality": 0.23738118031373795,
    "separation_ratio": 2.433572963422462,
    "entailment_simplicity": 0.0,
    "class_distinctiveness": 0.6666666666666666,
    "overall_separation": 0.27380911823088144,
    "min_max_diff": 1.6117940641716213,
    "std_dev": 0.7285587583428693,
    "centroid_ent_to_neutral": 0.08828367408385343,
    "centroid_ent_to_contradiction": 0.10793077135857151,
    "centroid_neutral_to_contradiction": 0.019836106108513572,
    "min_ent_to_neutral": 3.484030693691028e-07,
    "min_ent_to_contradiction": 0.0,
    "entailment_separation": 5.055061897388388,
    "surface_gradient": 1.0,
    "surface_learning_score": 0.7527530948694194,
    "combined_surface_score": 0.4950671375915787
  },
  "braycurtis": {
    "phd_entailment": NaN,
    "phd_neutral": 1.0900866352114411,
    "phd_contradiction": 1.0650633340496276,
    "surface_quality": 0.26341926578197766,
    "separation_ratio": 1.023494660234588,
    "entailment_simplicity": 0.0,
    "class_distinctiveness": 1.0,
    "overall_separation": 0.26404484831102304,
    "min_max_diff": 0.025023301161813505,
    "std_dev": 0.012511650580906752,
    "centroid_ent_to_neutral": 0.08828367408385343,
    "centroid_ent_to_contradiction": 0.10793077135857151,
    "centroid_neutral_to_contradiction": 0.019836106108513572,
    "min_ent_to_neutral": 2.8165921386998124e-07,
    "min_ent_to_contradiction": 3.184463638799027e-06,
    "entailment_separation": 5.055061897388388,
    "surface_gradient": 1.0,
    "surface_learning_score": 0.7527530948694194,
    "combined_surface_score": 0.5080861803256985
  },
  "hyperbolic": {
    "phd_entailment": 1.0974069055583475,
    "phd_neutral": 1.0298495695151506,
    "phd_contradiction": 1.0364860280091084,
    "surface_quality": 0.18167559040957637,
    "separation_ratio": 1.065599227346381,
    "entailment_simplicity": 0.0,
    "class_distinctiveness": 0.6666666666666667,
    "overall_separation": 0.1831957685383901,
    "min_max_diff": 0.06755733604319691,
    "std_dev": 0.030403562576274305,
    "centroid_ent_to_neutral": 0.03578699638623825,
    "centroid_ent_to_contradiction": 0.04473574818034576,
    "centroid_neutral_to_contradiction": 0.008948752097969376,
    "min_ent_to_neutral": 6.01977404258366e-07,
    "min_ent_to_contradiction": 0.0,
    "entailment_separation": 2.0745030113041105,
    "surface_gradient": 1.0,
    "surface_learning_score": 0.6037251505652055,
    "combined_surface_score": 0.3927003704873909
  },
  "order_violation": {
    "phd_entailment": 1.1307458731242606,
    "phd_neutral": 1.1139685059895594,
    "phd_contradiction": 1.025919185122089,
    "surface_quality": 0.18306456273526114,
    "separation_ratio": 1.102178309483214,
    "entailment_simplicity": 0.0,
    "class_distinctiveness": 0.6666666666666667,