{
  "euclidean": {
    "phd_entailment": 1.098091734597491,
    "phd_neutral": 1.2067336175651295,
    "phd_contradiction": 1.2346693175185925,
    "surface_quality": 0.43413582132653483,
    "separation_ratio": 1.1243772069472542,
    "entailment_simplicity": 1.0,
    "class_distinctiveness": 0.6666666666666666,
    "overall_separation": 0.1870814818930488,
    "min_max_diff": 0.13657758292110156,
    "std_dev": 0.05891321133027837,
    "centroid_ent_to_neutral": 0.18782025575637817,
    "centroid_ent_to_contradiction": 0.2359580099582672,
    "centroid_neutral_to_contradiction": 0.04813775420188904,
    "min_ent_to_neutral": "0.0",
    "min_ent_to_contradiction": "8.195639e-08",
    "entailment_separation": 2.651597861363038,
    "surface_gradient": 1.0,
    "surface_learning_score": 0.6325798930681519,
    "combined_surface_score": 0.5333578571973434
  },
  "manhattan": {
    "phd_entailment": 1.1626286694622283,
    "phd_neutral": 1.2886197493084957,
    "phd_contradiction": 1.2565633273306522,
    "surface_quality": 0.4336710365259142,
    "separation_ratio": 1.1083674290472678,
    "entailment_simplicity": 1.0,
    "class_distinctiveness": 0.6666666666666667,
    "overall_separation": 0.18634421016722252,
    "min_max_diff": 0.12599107984626734,
    "std_dev": 0.053463472826166224,
    "centroid_ent_to_neutral": 0.18782025575637817,
    "centroid_ent_to_contradiction": 0.2359580099582672,
    "centroid_neutral_to_contradiction": 0.04813775420188904,
    "min_ent_to_neutral": 1.6354024410247803e-06,
    "min_ent_to_contradiction": 3.0335504561662674e-06,
    "entailment_separation": 2.651597861363038,
    "surface_gradient": 1.0,
    "surface_learning_score": 0.6325798930681519,
    "combined_surface_score": 0.533125464797033
  },
  "chebyshev": {
    "phd_entailment": 1.0306624561278146,
    "phd_neutral": 1.0370148976278504,
    "phd_contradiction": 1.073140973137667,
    "surface_quality": 0.4307438142282274,
    "separation_ratio": 1.0412147709051554,
    "entailment_simplicity": 1.0,
    "class_distinctiveness": 0.6666666666666666,
    "overall_separation": 0.18167920945843594,
    "min_max_diff": 0.0424785170098525,
    "std_dev": 0.01870790460417047,
    "centroid_ent_to_neutral": 0.18782024830579758,
    "centroid_ent_to_contradiction": 0.23595800250768661,
    "centroid_neutral_to_contradiction": 0.04813775420188904,
    "min_ent_to_neutral": 1.3709068298339844e-06,
    "min_ent_to_contradiction": 1.4901161193847656e-07,
    "entailment_separation": 2.651597768125866,
    "surface_gradient": 1.0,
    "surface_learning_score": 0.6325798884062933,
    "combined_surface_score": 0.5316618513172604
  },
  "cosine": {
    "phd_entailment": -2.1058792704994755,
    "phd_neutral": NaN,
    "phd_contradiction": NaN,
    "surface_quality": 0.0,
    "separation_ratio": 0.0,
    "entailment_simplicity": 0.0,
    "class_distinctiveness": 0.0,
    "overall_separation": 0.0,
    "centroid_ent_to_neutral": 0.0,
    "centroid_ent_to_contradiction": 0.0,
    "centroid_neutral_to_contradiction": 0.0,
    "min_ent_to_neutral": "0.0",
    "min_ent_to_contradiction": "0.0",
    "entailment_separation": 0.0,
    "surface_gradient": 0.0,
    "surface_learning_score": 0.0,
    "combined_surface_score": 0.0
  },
  "minkowski_3": {
    "phd_entailment": 1.1613354894971217,
    "phd_neutral": 1.0603504232901055,
    "phd_contradiction": 1.0342881256802383,
    "surface_quality": 0.1838782952946909,
    "separation_ratio": 1.1228355626081716,
    "entailment_simplicity": 0.0,
    "class_distinctiveness": 0.6666666666666667,
    "overall_separation": 0.18661783396258336,
    "min_max_diff": 0.12704736381688342,
    "std_dev": 0.05479077335784869,
    "centroid_ent_to_neutral": 0.18782024830579758,
    "centroid_ent_to_contradiction": 0.23595800250768664,
    "centroid_neutral_to_contradiction": 0.048137754201889045,
    "min_ent_to_neutral": 1.4603137969970714e-06,
    "min_ent_to_contradiction": 2.2724270820617694e-07,
    "entailment_separation": 2.651597768125866,
    "surface_gradient": 1.0,
    "surface_learning_score": 0.6325798884062933,
    "combined_surface_score": 0.4082290918504921
  },
  "minkowski_4": {
    "phd_entailment": 1.192302504543063,
    "phd_neutral": 1.7070986770515835,
    "phd_contradiction": 1.1335154881527718,
    "surface_quality": 0.3248315149330361,
    "separation_ratio": 1.506021483511927,
    "entailment_simplicity": 0.5,
    "class_distinctiveness": 0.6666666666666666,
    "overall_separation": 0.21271419804634775,
    "min_max_diff": 0.5735831888988117,
    "std_dev": 0.25765366226623426,
    "centroid_ent_to_neutral": 0.18782024830579758,
    "centroid_ent_to_contradiction": 0.23595800250768661,
    "centroid_neutral_to_contradiction": 0.04813775420188904,
    "min_ent_to_neutral": 0.0,
    "min_ent_to_contradiction": 8.009374141693115e-08,
    "entailment_separation": 2.651597768125866,
    "surface_gradient": 1.0,
    "surface_learning_score": 0.6325798884062933,
    "combined_surface_score": 0.4787057016696647
  },
  "canberra": {
    "phd_entailment": 1.3747997694570186,
    "phd_neutral": 1.0931421808328377,
    "phd_contradiction": 1.1489156026979996,
    "surface_quality": 0.18942884007962052,
    "separation_ratio": 1.257658695787947,
    "entailment_simplicity": 0.0,
    "class_distinctiveness": 0.6666666666666666,
    "overall_separation": 0.19551765789519565,
    "min_max_diff": 0.281657588624181,
    "std_dev": 0.12177635631150244,
    "centroid_ent_to_neutral": 0.49211513618481445,
    "centroid_ent_to_contradiction": 0.5489988318730085,
    "centroid_neutral_to_contradiction": 0.07794108925909461,
    "min_ent_to_neutral": 1.1324128917231597e-06,
    "min_ent_to_contradiction": 0.0,
    "entailment_separation": 6.514292483787248,
    "surface_gradient": 1.0,
    "surface_learning_score": 0.8257146241893624,
    "combined_surface_score": 0.5075717321344915
  },
  "braycurtis": {
    "phd_entailment": NaN,
    "phd_neutral": NaN,
    "phd_contradiction": 1.1161307063181687,
    "surface_quality": 0.0,
    "separation_ratio": 0.0,
    "entailment_simplicity": 0.0,
    "class_distinctiveness": 0.0,
    "overall_separation": 0.0,
    "centroid_ent_to_neutral": 0.49211513618481445,
    "centroid_ent_to_contradiction": 0.5489988318730085,
    "centroid_neutral_to_contradiction": 0.07794108925909461,
    "min_ent_to_neutral": 1.3730682036298063e-05,
    "min_ent_to_contradiction": NaN,
    "entailment_separation": 6.514292483787248,
    "surface_gradient": 1.0,
    "surface_learning_score": 0.8257146241893624,
    "combined_surface_score": 0.4128573120946812
  },
  "hyperbolic": {
    "phd_entailment": 1.0333726284564904,
    "phd_neutral": 1.287623936567063,
    "phd_contradiction": 1.143323784800953,
    "surface_quality": 0.4385984530782231,
    "separation_ratio": 1.2460402967033666,
    "entailment_simplicity": 1.0,
    "class_distinctiveness": 0.6666666666666667,
    "overall_separation": 0.19380409953869548,
    "min_max_diff": 0.2542513081105726,
    "std_dev": 0.10411292920944822,
    "centroid_ent_to_neutral": 0.39121561994462967,
    "centroid_ent_to_contradiction": 0.4976723562048491,
    "centroid_neutral_to_contradiction": 0.1064567541656605,
    "min_ent_to_neutral": 4.698003164063186e-07,
    "min_ent_to_contradiction": 1.8279297620288752e-06,
    "entailment_separation": 5.5618082550188275,
    "surface_gradient": 1.0,
    "surface_learning_score": 0.7780904127509414,
    "combined_surface_score": 0.6083444329145822
  },
  "order_violation": {
    "phd_entailment": 1.520790920837177,
    "phd_neutral": 1.0576193291448204,
    "phd_contradiction": 1.1821357165153945,
    "surface_quality": 0.19622018025255536,
    "separation_ratio": 1.4379379034863822,
    "entailment_simplicity": 0.0,
    "class_distinctiveness": 0.6666666666666666,
    "overall_separation": 0.20600565136323887,
    "min_max_diff": 0.46317159169235667,
    "std_dev": 0.1957094222136704,