{
  "euclidean": {
    "phd_entailment": 11.581063698255253,
    "phd_neutral": 11.714231590155249,
    "phd_contradiction": 13.158490713239432,
    "surface_quality": 0.47030493501554804,
    "separation_ratio": 1.1362074379421492,
    "entailment_simplicity": 1.0,
    "class_distinctiveness": 0.6666666666666667,
    "overall_separation": 0.2560194437761767,
    "min_max_diff": 1.5774270149841794,
    "std_dev": 0.7142901752125737,
    "centroid_ent_to_neutral": 0.01588871330022812,
    "centroid_ent_to_contradiction": 0.016321266070008278,
    "centroid_neutral_to_contradiction": 0.010941771790385246,
    "min_ent_to_neutral": "0.016232861",
    "min_ent_to_contradiction": "0.017937712",
    "entailment_separation": 1.3043627577397836,
    "surface_gradient": 1.0,
    "surface_learning_score": 0.5652181378869892,
    "combined_surface_score": 0.5177615364512687
  },
  "manhattan": {
    "phd_entailment": 10.558330000309128,
    "phd_neutral": 10.970974542575036,
    "phd_contradiction": 10.616871860352495,
    "surface_quality": 0.4399713098277284,
    "separation_ratio": 1.0390823683531227,
    "entailment_simplicity": 1.0,
    "class_distinctiveness": 0.6666666666666667,
    "overall_separation": 0.19908618438035414,
    "min_max_diff": 0.4126445422659071,
    "std_dev": 0.1822974910525146,
    "centroid_ent_to_neutral": 0.073353111743927,
    "centroid_ent_to_contradiction": 0.07708534598350525,
    "centroid_neutral_to_contradiction": 0.04427797347307205,
    "min_ent_to_neutral": 0.09831978479633108,
    "min_ent_to_contradiction": 0.0954099872687948,
    "entailment_separation": 6.0920970900340325,
    "surface_gradient": 1.0,
    "surface_learning_score": 0.8046048545017016,
    "combined_surface_score": 0.622288082164715
  },
  "chebyshev": {
    "phd_entailment": 10.313209551792648,
    "phd_neutral": 11.501107880403437,
    "phd_contradiction": 11.013823704188303,
    "surface_quality": 0.46030390257995224,
    "separation_ratio": 1.115182215841266,
    "entailment_simplicity": 1.0,
    "class_distinctiveness": 0.6666666666666666,
    "overall_separation": 0.2346817642241837,
    "min_max_diff": 1.187898328610789,
    "std_dev": 0.48755723288462927,
    "centroid_ent_to_neutral": 0.006701576756313443,
    "centroid_ent_to_contradiction": 0.005786544643342495,
    "centroid_neutral_to_contradiction": 0.005435707978904247,
    "min_ent_to_neutral": 0.006106507498770952,
    "min_ent_to_contradiction": 0.006124892272055149,
    "entailment_separation": 0.5057140919157589,
    "surface_gradient": 0.0,
    "surface_learning_score": 0.025285704595787946,
    "combined_surface_score": 0.2427948035878701
  },
  "cosine": {
    "phd_entailment": 5.714184997594796,
    "phd_neutral": 5.695028809434145,
    "phd_contradiction": 6.1563355512604,
    "surface_quality": 0.3167118558624865,
    "separation_ratio": 1.081001652013081,
    "entailment_simplicity": 0.5,
    "class_distinctiveness": 0.6666666666666666,
    "overall_separation": 0.2023663799629437,
    "min_max_diff": 0.4613067418262551,
    "std_dev": 0.21309048200914357,
    "centroid_ent_to_neutral": 0.012531101703643799,
    "centroid_ent_to_contradiction": 0.013335466384887695,
    "centroid_neutral_to_contradiction": 0.006622433662414551,
    "min_ent_to_neutral": "0.015725851",
    "min_ent_to_contradiction": "0.014582634",
    "entailment_separation": 1.0474824493801966,
    "surface_gradient": 1.0,
    "surface_learning_score": 0.5523741224690099,
    "combined_surface_score": 0.4345429891657482
  },
  "minkowski_3": {
    "phd_entailment": 13.255347656795111,
    "phd_neutral": 11.73575910434871,
    "phd_contradiction": 10.964260274283857,
    "surface_quality": 0.2390558461625272,
    "separation_ratio": 1.2089595946463336,
    "entailment_simplicity": 0.0,
    "class_distinctiveness": 0.6666666666666667,
    "overall_separation": 0.28664623153551994,
    "min_max_diff": 2.291087382511254,
    "std_dev": 0.9518077074598543,
    "centroid_ent_to_neutral": 0.010266570977782958,
    "centroid_ent_to_contradiction": 0.010384904286404649,
    "centroid_neutral_to_contradiction": 0.007626206072989924,
    "min_ent_to_neutral": 0.010552633849521879,
    "min_ent_to_contradiction": 0.007260987343292428,
    "entailment_separation": 0.8362940850524665,
    "surface_gradient": 1.0,
    "surface_learning_score": 0.5418147042526233,
    "combined_surface_score": 0.39043527520757526
  },
  "minkowski_4": {
    "phd_entailment": 11.294513435161047,
    "phd_neutral": 12.536063167732557,
    "phd_contradiction": 11.082511205700397,
    "surface_quality": 0.34214493164610027,
    "separation_ratio": 1.1311572742903713,
    "entailment_simplicity": 0.5,
    "class_distinctiveness": 0.6666666666666666,
    "overall_separation": 0.2492004563479196,
    "min_max_diff": 1.4535519620321598,
    "std_dev": 0.6411104940363864,
    "centroid_ent_to_neutral": 0.00849834773012089,
    "centroid_ent_to_contradiction": 0.008481318505955831,
    "centroid_neutral_to_contradiction": 0.0065940036608058295,
    "min_ent_to_neutral": 0.008430026313486418,
    "min_ent_to_contradiction": 0.008100405768750867,
    "entailment_separation": 0.6876019392193599,
    "surface_gradient": 0.0,
    "surface_learning_score": 0.03438009696096799,
    "combined_surface_score": 0.18826251430353413
  },
  "canberra": {
    "phd_entailment": 16.603080250278705,
    "phd_neutral": 15.547434332592529,
    "phd_contradiction": 12.888435360552535,
    "surface_quality": 0.2756354807667157,
    "separation_ratio": 1.288215348551581,
    "entailment_simplicity": 0.0,
    "class_distinctiveness": 0.6666666666666667,
    "overall_separation": 0.35377931270786195,
    "min_max_diff": 3.71464488972617,
    "std_dev": 1.5628766388229247,
    "centroid_ent_to_neutral": 8.221729485424651,
    "centroid_ent_to_contradiction": 7.830053855169928,
    "centroid_neutral_to_contradiction": 4.826754304372893,
    "min_ent_to_neutral": 9.939053423779395,
    "min_ent_to_contradiction": 9.346476068601003,
    "entailment_separation": 650.0267555007067,
    "surface_gradient": 0.0,
    "surface_learning_score": 32.50133777503534,
    "combined_surface_score": 16.388486627901028
  },
  "braycurtis": {
    "phd_entailment": 11.22974703880701,
    "phd_neutral": 10.653279407624341,
    "phd_contradiction": 10.673018278879548,
    "surface_quality": 0.19425475436722528,
    "separation_ratio": 1.054111753679351,
    "entailment_simplicity": 0.0,
    "class_distinctiveness": 0.6666666666666666,
    "overall_separation": 0.20761567858020713,
    "min_max_diff": 0.5764676311826697,
    "std_dev": 0.26721848425963657,
    "centroid_ent_to_neutral": 0.06384629461920437,
    "centroid_ent_to_contradiction": 0.0669090282129111,
    "centroid_neutral_to_contradiction": 0.036602088225845084,
    "min_ent_to_neutral": 0.07750910870051582,
    "min_ent_to_contradiction": 0.05438383249846786,
    "entailment_separation": 5.295016538757941,
    "surface_gradient": 1.0,
    "surface_learning_score": 0.7647508269378971,
    "combined_surface_score": 0.4795027906525612
  },
  "hyperbolic": {
    "phd_entailment": 10.336339546577403,
    "phd_neutral": 11.361656084856962,
    "phd_contradiction": 10.92770876881437,
    "surface_quality": 0.456039521659123,
    "separation_ratio": 1.0991953228373834,
    "entailment_simplicity": 1.0,
    "class_distinctiveness": 0.6666666666666666,
    "overall_separation": 0.2270507741588042,
    "min_max_diff": 1.0253165382795597,
    "std_dev": 0.42022504999362537,
    "centroid_ent_to_neutral": 0.032046761275403214,
    "centroid_ent_to_contradiction": 0.03291920029497093,
    "centroid_neutral_to_contradiction": 0.022082708200226734,
    "min_ent_to_neutral": 0.0315689398030264,
    "min_ent_to_contradiction": 0.038884263197260786,
    "entailment_separation": 2.6308362330543185,
    "surface_gradient": 1.0,
    "surface_learning_score": 0.631541811652716,
    "combined_surface_score": 0.5437906666559195
  },