{
  "euclidean": {
    "phd_entailment": 22.632434432880675,
    "phd_neutral": 28.0793272297081,
    "phd_contradiction": 21.7052154986708,
    "surface_quality": 0.4671903010196134,
    "separation_ratio": 1.2936672861611367,
    "entailment_simplicity": 0.5,
    "class_distinctiveness": 0.6666666666666667,
    "overall_separation": 0.4827819836918855,
    "min_max_diff": 6.374111731037299,
    "std_dev": 2.8118336534454422,
    "centroid_ent_to_neutral": 0.8763262629508972,
    "centroid_ent_to_contradiction": 0.7340237498283386,
    "centroid_neutral_to_contradiction": 0.8388000130653381,
    "min_ent_to_neutral": "5.847691",
    "min_ent_to_contradiction": "4.9383755",
    "entailment_separation": 0.5386819446534663,
    "surface_gradient": 0.0,
    "surface_learning_score": 0.026934097232673315,
    "combined_surface_score": 0.24706219912614336
  },
  "manhattan": {
    "phd_entailment": 22.254977448028654,
    "phd_neutral": 21.22907677932451,
    "phd_contradiction": 24.08211143899823,
    "surface_quality": 0.3771724429170279,
    "separation_ratio": 1.134392780681464,
    "entailment_simplicity": 0.5,
    "class_distinctiveness": 0.6666666666666667,
    "overall_separation": 0.3111703185197975,
    "min_max_diff": 2.8530346596737175,
    "std_dev": 1.1799575120553913,
    "centroid_ent_to_neutral": 20.872631072998047,
    "centroid_ent_to_contradiction": 17.862510681152344,
    "centroid_neutral_to_contradiction": 19.808984756469727,
    "min_ent_to_neutral": 65.76431696899454,
    "min_ent_to_contradiction": 138.3885428470967,
    "entailment_separation": 12.95738275590273,
    "surface_gradient": 0.0,
    "surface_learning_score": 0.6478691377951364,
    "combined_surface_score": 0.5125207903560822
  },
  "chebyshev": {
    "phd_entailment": 18.433788463980125,
    "phd_neutral": 17.50877774779053,
    "phd_contradiction": 19.18387596690951,
    "surface_quality": 0.3472400210269393,
    "separation_ratio": 1.0956719105838422,
    "entailment_simplicity": 0.5,
    "class_distinctiveness": 0.6666666666666666,
    "overall_separation": 0.2564949076645986,
    "min_max_diff": 1.6750982191189827,
    "std_dev": 0.6850977327531874,
    "centroid_ent_to_neutral": 0.09987246990203857,
    "centroid_ent_to_contradiction": 0.12982892990112305,
    "centroid_neutral_to_contradiction": 0.08555993437767029,
    "min_ent_to_neutral": 0.5323071479797363,
    "min_ent_to_contradiction": 0.49765388667583466,
    "entailment_separation": 0.07683795184503998,
    "surface_gradient": 1.0,
    "surface_learning_score": 0.503841897592252,
    "combined_surface_score": 0.4255409593095956
  },
  "cosine": {
    "phd_entailment": 14.114429156396646,
    "phd_neutral": 11.036510251898072,
    "phd_contradiction": 12.114030161659723,
    "surface_quality": 0.2596007037531449,
    "separation_ratio": 1.278885157921113,
    "entailment_simplicity": 0.0,
    "class_distinctiveness": 0.6666666666666666,
    "overall_separation": 0.32336291407997597,
    "min_max_diff": 3.077918904498574,
    "std_dev": 1.2752442065366212,
    "centroid_ent_to_neutral": 0.0010209083557128906,
    "centroid_ent_to_contradiction": 0.0007188916206359863,
    "centroid_neutral_to_contradiction": 0.0009264349937438965,
    "min_ent_to_neutral": "0.019565225",
    "min_ent_to_contradiction": "0.035843134",
    "entailment_separation": 0.0005819845543703852,
    "surface_gradient": 0.0,
    "surface_learning_score": 2.909922771851926e-05,
    "combined_surface_score": 0.12981490149043173
  },
  "minkowski_3": {
    "phd_entailment": 21.44447835528322,
    "phd_neutral": 21.333517714928995,
    "phd_contradiction": 22.076650172375683,
    "surface_quality": 0.3231804035137863,
    "separation_ratio": 1.0348340328761934,
    "entailment_simplicity": 0.5,
    "class_distinctiveness": 0.6666666666666666,
    "overall_separation": 0.21454601209588237,
    "min_max_diff": 0.7431324574466878,
    "std_dev": 0.32731217164192195,
    "centroid_ent_to_neutral": 0.3352495748339225,
    "centroid_ent_to_contradiction": 0.2905846342263735,
    "centroid_neutral_to_contradiction": 0.32282334401537943,
    "min_ent_to_neutral": 1.608018867129596,
    "min_ent_to_contradiction": 1.9750775204996227,
    "entailment_separation": 0.20934926326074493,
    "surface_gradient": 0.0,
    "surface_learning_score": 0.010467463163037247,
    "combined_surface_score": 0.16682393333841178
  },
  "minkowski_4": {
    "phd_entailment": 21.256420738641737,
    "phd_neutral": 25.201351498675276,
    "phd_contradiction": 27.9672280957762,
    "surface_quality": 0.6008831919379848,
    "separation_ratio": 1.3157073074365235,
    "entailment_simplicity": 1.0,
    "class_distinctiveness": 0.6666666666666666,
    "overall_separation": 0.4885699211423834,
    "min_max_diff": 6.710807357134463,
    "std_dev": 2.7537345840879723,
    "centroid_ent_to_neutral": 0.21545589692834805,
    "centroid_ent_to_contradiction": 0.1964372391147238,
    "centroid_neutral_to_contradiction": 0.2079445721440778,
    "min_ent_to_neutral": 1.0875149720090678,
    "min_ent_to_contradiction": 1.2136265042550123,
    "entailment_separation": 0.1377833351459813,
    "surface_gradient": 0.0,
    "surface_learning_score": 0.006889166757299064,
    "combined_surface_score": 0.30388617934764195
  },
  "canberra": {
    "phd_entailment": 41.05327220434001,
    "phd_neutral": 46.011069365763966,
    "phd_contradiction": 41.70609173179346,
    "surface_quality": 0.5546211578197342,
    "separation_ratio": 1.1207649693974902,
    "entailment_simplicity": 1.0,
    "class_distinctiveness": 0.6666666666666667,
    "overall_separation": 0.4145943344208115,
    "min_max_diff": 4.957797161423954,
    "std_dev": 2.199463532021547,
    "centroid_ent_to_neutral": 108.86709796351573,
    "centroid_ent_to_contradiction": 97.29564623799368,
    "centroid_neutral_to_contradiction": 98.13254202749184,
    "min_ent_to_neutral": 296.4888091765837,
    "min_ent_to_contradiction": 268.362903385011,
    "entailment_separation": 68.96398117195469,
    "surface_gradient": 0.0,
    "surface_learning_score": 3.4481990585977345,
    "combined_surface_score": 2.0014101082087343
  },
  "braycurtis": {
    "phd_entailment": 22.5951609162011,
    "phd_neutral": 20.14889382658986,
    "phd_contradiction": 22.964994820627567,
    "surface_quality": 0.37631624834010435,
    "separation_ratio": 1.1397645457996006,
    "entailment_simplicity": 0.5,
    "class_distinctiveness": 0.6666666666666666,
    "overall_separation": 0.313791631490409,
    "min_max_diff": 2.8161009940377077,
    "std_dev": 1.2495076630060933,
    "centroid_ent_to_neutral": 0.023035583605087364,
    "centroid_ent_to_contradiction": 0.019500555085355288,
    "centroid_neutral_to_contradiction": 0.021704058767392037,
    "min_ent_to_neutral": 0.1016954324288491,
    "min_ent_to_contradiction": 0.1370972587644002,
    "entailment_separation": 0.01422886312042922,
    "surface_gradient": 0.0,
    "surface_learning_score": 0.000711443156021461,
    "combined_surface_score": 0.1885138457480629
  },
  "hyperbolic": {
    "phd_entailment": 27.670894919620473,
    "phd_neutral": 29.65353736054249,
    "phd_contradiction": 21.66355249961119,
    "surface_quality": 0.5085265574781204,
    "separation_ratio": 1.3688215430536936,
    "entailment_simplicity": 0.5,
    "class_distinctiveness": 0.6666666666666666,
    "overall_separation": 0.553378529041024,
    "min_max_diff": 7.989984860931301,
    "std_dev": 3.3970394312580736,
    "centroid_ent_to_neutral": 3.0986296891746874,
    "centroid_ent_to_contradiction": 2.783217211459638,
    "centroid_neutral_to_contradiction": 3.010288857617016,
    "min_ent_to_neutral": 6.481241005981554,
    "min_ent_to_contradiction": 6.509482864102433,
    "entailment_separation": 1.9675503470946516,
    "surface_gradient": 0.0,
    "surface_learning_score": 0.09837751735473257,
    "combined_surface_score": 0.30345203741642646
  },
  "order_violation": {
    "phd_entailment": 24.26190252660092,