{
  "euclidean": {
    "phd_entailment": 3.3122245194264965,
    "phd_neutral": 3.4113341697780033,
    "phd_contradiction": 3.410181611875974,
    "surface_quality": 0.43201843771181925,
    "separation_ratio": 1.029922382909196,
    "entailment_simplicity": 1.0,
    "class_distinctiveness": 0.6666666666666666,
    "overall_separation": 0.1843410107069448,
    "min_max_diff": 0.09910965035150676,
    "std_dev": 0.04645145990251058,
    "centroid_ent_to_neutral": 0.5577309131622314,
    "centroid_ent_to_contradiction": 0.5895797610282898,
    "centroid_neutral_to_contradiction": 0.052169933915138245,
    "min_ent_to_neutral": "0.010585282",
    "min_ent_to_contradiction": "0.011635517",
    "entailment_separation": 1.7951667437320133,
    "surface_gradient": 1.0,
    "surface_learning_score": 0.5897583371866006,
    "combined_surface_score": 0.51088838744921
  },
  "manhattan": {
    "phd_entailment": 3.2936862385074477,
    "phd_neutral": 3.443123155941273,
    "phd_contradiction": 3.205878749877215,
    "surface_quality": 0.31102281338614024,
    "separation_ratio": 1.0740029254297732,
    "entailment_simplicity": 0.5,
    "class_distinctiveness": 0.6666666666666666,
    "overall_separation": 0.19091970740061404,
    "min_max_diff": 0.23724440606405794,
    "std_dev": 0.09793788028947509,
    "centroid_ent_to_neutral": 1.143667459487915,
    "centroid_ent_to_contradiction": 1.2150440216064453,
    "centroid_neutral_to_contradiction": 0.07137647271156311,
    "min_ent_to_neutral": 0.02253573201596737,
    "min_ent_to_contradiction": 0.019998691976070404,
    "entailment_separation": 3.690613627304523,
    "surface_gradient": 1.0,
    "surface_learning_score": 0.6845306813652261,
    "combined_surface_score": 0.49777674737568317
  },
  "chebyshev": {
    "phd_entailment": 3.319711093359033,
    "phd_neutral": 3.469583839042468,
    "phd_contradiction": 3.292695183685033,
    "surface_quality": 0.30926040229809426,
    "separation_ratio": 1.0537215397993414,
    "entailment_simplicity": 0.5,
    "class_distinctiveness": 0.6666666666666666,
    "overall_separation": 0.18815060707949244,
    "min_max_diff": 0.17688865535743492,
    "std_dev": 0.0778040956279629,
    "centroid_ent_to_neutral": 0.3791828155517578,
    "centroid_ent_to_contradiction": 0.39908087253570557,
    "centroid_neutral_to_contradiction": 0.04813772439956665,
    "min_ent_to_neutral": 0.0026347003877162933,
    "min_ent_to_contradiction": 0.008759260177612305,
    "entailment_separation": 1.2177286607174334,
    "surface_gradient": 1.0,
    "surface_learning_score": 0.5608864330358717,
    "combined_surface_score": 0.435073417666983
  },
  "cosine": {
    "phd_entailment": 1.4818882049035258,
    "phd_neutral": 1.5620673030633725,
    "phd_contradiction": 1.4305768755499195,
    "surface_quality": 0.3086028557148096,
    "separation_ratio": 1.0919142688245311,
    "entailment_simplicity": 0.5,
    "class_distinctiveness": 0.6666666666666667,
    "overall_separation": 0.18630836823708252,
    "min_max_diff": 0.13149042751345297,
    "std_dev": 0.05411025044545752,
    "centroid_ent_to_neutral": 0.041520535945892334,
    "centroid_ent_to_contradiction": 0.04648953676223755,
    "centroid_neutral_to_contradiction": 0.0003718137741088867,
    "min_ent_to_neutral": "6.1392784e-06",
    "min_ent_to_contradiction": "2.503395e-06",
    "entailment_separation": 0.13770703889819746,
    "surface_gradient": 1.0,
    "surface_learning_score": 0.5068853519449099,
    "combined_surface_score": 0.40774410382985976
  },
  "minkowski_3": {
    "phd_entailment": 3.505750105175766,
    "phd_neutral": 3.617583565510072,
    "phd_contradiction": 3.4213303913641067,
    "surface_quality": 0.3097900167099916,
    "separation_ratio": 1.0573616551740617,
    "entailment_simplicity": 0.5,
    "class_distinctiveness": 0.6666666666666667,
    "overall_separation": 0.18880902430214228,
    "min_max_diff": 0.19625317414596521,
    "std_dev": 0.08038015184301393,
    "centroid_ent_to_neutral": 0.45370998248512484,
    "centroid_ent_to_contradiction": 0.47780539113887455,
    "centroid_neutral_to_contradiction": 0.04924869914984493,
    "min_ent_to_neutral": 0.009971823558224631,
    "min_ent_to_contradiction": 0.004939227634500908,
    "entailment_separation": 1.4575175300140342,
    "surface_gradient": 1.0,
    "surface_learning_score": 0.5728758765007017,
    "combined_surface_score": 0.44133294660534667
  },
  "minkowski_4": {
    "phd_entailment": 3.3936537285601247,
    "phd_neutral": 3.633278369407948,
    "phd_contradiction": 3.466514346742132,
    "surface_quality": 0.43603990308763674,
    "separation_ratio": 1.070609631981956,
    "entailment_simplicity": 1.0,
    "class_distinctiveness": 0.6666666666666666,
    "overall_separation": 0.19105484956566607,
    "min_max_diff": 0.2396246408478233,
    "std_dev": 0.10029892956058757,
    "centroid_ent_to_neutral": 0.41604567030635214,
    "centroid_ent_to_contradiction": 0.43721989587270865,
    "centroid_neutral_to_contradiction": 0.048485436919232475,
    "min_ent_to_neutral": 0.013042123746176512,
    "min_ent_to_contradiction": 0.009260614352720544,
    "entailment_separation": 1.3350821206793337,
    "surface_gradient": 1.0,
    "surface_learning_score": 0.5667541060339667,
    "combined_surface_score": 0.5013970045608017
  },
  "canberra": {
    "phd_entailment": 3.525023365887516,
    "phd_neutral": 3.4179317652556893,
    "phd_contradiction": 3.5337567111670483,
    "surface_quality": 0.30748588327163295,
    "separation_ratio": 1.0338874365745843,
    "entailment_simplicity": 0.5,
    "class_distinctiveness": 0.6666666666666666,
    "overall_separation": 0.18511902146804354,
    "min_max_diff": 0.11582494591135895,
    "std_dev": 0.05266276392821211,
    "centroid_ent_to_neutral": 1.1161546621992284,
    "centroid_ent_to_contradiction": 1.1908043984777728,
    "centroid_neutral_to_contradiction": 0.09629137297623007,
    "min_ent_to_neutral": 0.013759326443790468,
    "min_ent_to_contradiction": 0.03618112990446476,
    "entailment_separation": 3.6096379804018834,
    "surface_gradient": 1.0,
    "surface_learning_score": 0.6804818990200941,
    "combined_surface_score": 0.49398389114586355
  },
  "braycurtis": {
    "phd_entailment": 3.2424100584525237,
    "phd_neutral": 3.7535470786701954,
    "phd_contradiction": 3.4358675131553653,
    "surface_quality": 0.4439156056597733,
    "separation_ratio": 1.1576410790131886,
    "entailment_simplicity": 1.0,
    "class_distinctiveness": 0.6666666666666666,
    "overall_separation": 0.20445135362355507,
    "min_max_diff": 0.5111370202176717,
    "std_dev": 0.2107149592756353,
    "centroid_ent_to_neutral": 0.1612830156697505,
    "centroid_ent_to_contradiction": 0.17072820680433343,
    "centroid_neutral_to_contradiction": 0.009704171270514967,
    "min_ent_to_neutral": 0.003035323866659189,
    "min_ent_to_contradiction": 0.004139951432190393,
    "entailment_separation": 0.5194892007361491,
    "surface_gradient": 1.0,
    "surface_learning_score": 0.5259744600368075,
    "combined_surface_score": 0.4849450328482904
  },
  "hyperbolic": {
    "phd_entailment": 3.6266368240795517,
    "phd_neutral": 3.403033152030954,
    "phd_contradiction": 3.2202353895698845,
    "surface_quality": 0.19090423252855832,
    "separation_ratio": 1.1262023999319966,
    "entailment_simplicity": 0.0,
    "class_distinctiveness": 0.6666666666666667,
    "overall_separation": 0.1992137944585464,
    "min_max_diff": 0.40640143450966715,
    "std_dev": 0.16619123859976148,
    "centroid_ent_to_neutral": 6.71426485091613,
    "centroid_ent_to_contradiction": 6.827049592619795,
    "centroid_neutral_to_contradiction": 2.224910294183262,
    "min_ent_to_neutral": 0.2063659193063804,
    "min_ent_to_contradiction": 0.4135544591082942,
    "entailment_separation": 21.187737464923952,
    "surface_gradient": 1.0,
    "surface_learning_score": 1.5593868732461975,
    "combined_surface_score": 0.8751455528873779
  },