{
  "epoch": [
    1,
    2,
    3,
    4,
    5,
    6,
    7,
    8,
    9,
    10,
    11,
    12,
    13,
    14,
    15,
    16
  ],
  "train_loss": [
    3.0340470770439842,
    2.7951482354595676,
    2.7187720472808214,
    2.2217519660679765,
    2.18713567421201,
    2.163018658618465,
    2.0465269368454067,
    2.0299326050436917,
    2.0186395753917306,
    1.9729336014007057,
    1.9603593744601173,
    1.952064218245849,
    1.9130745060617032,
    1.9063576664116573,
    1.9008735937779175,
    1.8677225252769514
  ],
  "train_contrastive_loss": [
    1.9972828544495935,
    1.943740186744562,
    1.9196244436047374,
    1.4389485979879368,
    1.4216014404314634,
    1.4097141553569772,
    1.2993034392983775,
    1.2892204782816286,
    1.2831379563670806,
    1.2403682603516393,
    1.230762637083313,
    1.2249918396912474,
    1.187611099949984,
    1.1827090803249367,
    1.1790343416469724,
    1.147227918191551
  ],
  "train_reconstruction_loss": [
    0.010367642231354944,
    0.008514080484513908,
    0.007991476021741745,
    0.007828033661896456,
    0.007655342306345146,
    0.007533045089326702,
    0.0074722349576069325,
    0.007407121267516575,
    0.007355016177551374,
    0.007325653396061235,
    0.00729596736932822,
    0.007270723822382686,
    0.007254634071592401,
    0.007236485840367705,
    0.0072183924938727245,
    0.007204946082820717
  ],
  "val_loss": [
    2.8475431071387396,
    2.712302949693468,
    2.668544054031372,
    2.1615042951371937,
    2.1404106616973877,
    2.127672698762682,
    2.0206999513838024,
    1.9999248319201999,
    1.9973344537946913,
    1.9384690523147583,
    1.940496391720242,
    1.9316951036453247,
    1.902432017856174,
    1.9000151024924383,
    1.8909444941414728,
    1.8589792119132147
  ],
  "val_contrastive_loss": [
    1.9835786157184176,
    1.9161619742711384,
    1.9122395250532362,
    1.4126822021272447,
    1.4061341285705566,
    1.4048522313435872,
    1.3046370877159967,
    1.2893886698616877,
    1.2919158670637343,
    1.2362055778503418,
    1.2416980928844876,
    1.2354283862643771,
    1.2082173426946003,
    1.20692773660024,
    1.200520674387614,
    1.169576300515069
  ],
  "val_reconstruction_loss": [
    0.008639644727938704,
    0.007961409994297557,
    0.0075630453001293875,
    0.007488221344020631,
    0.007342765107750893,
    0.0072282047217918765,
    0.007160628628399637,
    0.007105361566775375,
    0.007054185908701684,
    0.0070226348212195765,
    0.0069879827917450005,
    0.006962667167600658,
    0.00694214656121201,
    0.006930873315367434,
    0.006904238421056006,
    0.006894029004292356
  ],
  "learning_rate": [
    0.0001,
    0.0001,
    0.0001,
    0.0001,
    0.0001,
    0.0001,
    0.0001,
    0.0001,
    0.0001,
    0.0001,
    0.0001,
    0.0001,
    0.0001,
    0.0001,
    0.0001,
    0.0001
  ],
  "train_separation_ratio": [
    1.0342126840894872,
    1.4363158778710798,
    1.61476040428335,
    1.7874381975694136,
    1.9098854606801814,
    1.978625628081235,
    2.055558741092682,
    2.179815335707231,
    2.205647885799408,
    2.2974364215677436,
    2.3902489922263404,
    2.442568995735862,
    2.4983201135288584,
    2.5484003478830513,
    2.6298494880849663,
    2.631757692857222
  ],
  "val_separation_ratio": [
    1.1472756067911785,
    1.6463954581154718,
    1.689594891336229,
    1.9118991427951388,
    1.9570364554723103,
    2.027858032120599,
    2.1124459902445474,
    2.1757025056415134,
    2.1861835055881076,
    2.267704380883111,
    2.3032859431372747,
    2.3398130469852023,
    2.3509709570142956,
    2.370902591281467,
    2.4176371097564697,
    2.452488236957126
  ]
}