{
  "epoch": [
    1
  ],
  "train_loss": [
    3.0340470770439842
  ],
  "train_contrastive_loss": [
    1.9972828544495935
  ],
  "train_reconstruction_loss": [
    0.010367642231354944
  ],
  "val_loss": [
    2.8475431071387396
  ],
  "val_contrastive_loss": [
    1.9835786157184176
  ],
  "val_reconstruction_loss": [
    0.008639644727938704
  ],
  "learning_rate": [
    0.0001
  ],
  "train_separation_ratio": [
    1.0342126840894872
  ],
  "val_separation_ratio": [
    1.1472756067911785
  ]
}