{
  "epoch": [
    1,
    2,
    3
  ],
  "train_loss": [
    3.0340470770439842,
    2.7951482354595676,
    2.7187720472808214
  ],
  "train_contrastive_loss": [
    1.9972828544495935,
    1.943740186744562,
    1.9196244436047374
  ],
  "train_reconstruction_loss": [
    0.010367642231354944,
    0.008514080484513908,
    0.007991476021741745
  ],
  "val_loss": [
    2.8475431071387396,
    2.712302949693468,
    2.668544054031372
  ],
  "val_contrastive_loss": [
    1.9835786157184176,
    1.9161619742711384,
    1.9122395250532362
  ],
  "val_reconstruction_loss": [
    0.008639644727938704,
    0.007961409994297557,
    0.0075630453001293875
  ],
  "learning_rate": [
    0.0001,
    0.0001,
    0.0001
  ],
  "train_separation_ratio": [
    1.0342126840894872,
    1.4363158778710798,
    1.61476040428335
  ],
  "val_separation_ratio": [
    1.1472756067911785,
    1.6463954581154718,
    1.689594891336229
  ]
}