{
  "epoch": [
    1,
    2,
    3,
    4,
    5,
    6,
    7,
    8,
    9,
    10,
    11,
    12,
    13,
    14,
    15,
    16,
    17,
    18,
    19,
    20,
    21,
    22,
    23,
    24,
    25,
    26,
    27,
    28,
    29,
    30,
    31,
    32,
    33,
    34,
    35,
    36,
    37,
    38,
    39,
    40,
    41,
    42,
    43,
    44,
    45,
    46,
    47,
    48,
    49,
    50,
    51,
    52,
    53,
    54,
    55,
    56,
    57,
    58,
    59,
    60,
    61,
    62,
    63,
    64,
    65,
    66,
    67,
    68,
    69,
    70
  ],
  "train_loss": [
    3.0340470770439842,
    2.7951482354595676,
    2.7187720472808214,
    2.2217519660679765,
    2.18713567421201,
    2.163018658618465,
    2.0465269368454067,
    2.0299326050436917,
    2.0186395753917306,
    1.9729336014007057,
    1.9603593744601173,
    1.952064218245849,
    1.9130745060617032,
    1.9063576664116573,
    1.9008735937779175,
    1.8677225252769514,
    1.861286892793254,
    1.8567789968387596,
    1.7941323947196122,
    1.7907581640133423,
    1.7850805738562756,
    1.7996337404908194,
    1.794349634003595,
    1.7897916521661996,
    1.753297799126396,
    1.7478471470500725,
    1.7455225663478149,
    1.700333485390221,
    1.6954724433479806,
    1.6923663602860946,
    1.672515746601467,
    1.6675445258728396,
    1.6653493241002884,
    1.642198936899281,
    1.6409573699286975,
    1.63789077355653,
    1.621939481747661,
    1.6187239974126693,
    1.616067373552802,
    1.5786384401818672,
    1.576678355978854,
    1.5740043231228877,
    1.550294277166299,
    1.5475124287205702,
    1.5447227002522133,
    1.516984631007388,
    1.5136475287780193,
    1.511438355765529,
    1.485604151445172,
    1.4830664309709432,
    1.4800864566859808,
    1.4944015252967564,
    1.4907757310227976,
    1.4886334344217453,
    1.4663738365279895,
    1.4665694807272827,
    1.4632265783111031,
    1.450367478463015,
    1.4490156795281495,
    1.4476989940558065,
    1.4276727009529953,
    1.4268970897965814,
    1.4263441471636185,
    1.430169964191856,
    1.4283696111132091,
    1.429167659367041,
    1.4223180776201814,
    1.4225690804380278,
    1.420467956994055,
    1.4097739182814983
  ],
  "train_contrastive_loss": [
    1.9972828544495935,
    1.943740186744562,
    1.9196244436047374,
    1.4389485979879368,
    1.4216014404314634,
    1.4097141553569772,
    1.2993034392983775,
    1.2892204782816286,
    1.2831379563670806,
    1.2403682603516393,
    1.230762637083313,
    1.2249918396912474,
    1.187611099949984,
    1.1827090803249367,
    1.1790343416469724,
    1.147227918191551,
    1.1423816696447588,
    1.139503244359178,
    1.077631842490681,
    1.075468217860387,
    1.070832151940415,
    1.0862341113596654,
    1.0818829802827463,
    1.0781695087972745,
    1.0420100082898274,
    1.0372935151698648,
    1.0356682809815505,
    0.9907125838420022,
    0.9864632810294295,
    0.9839633433512469,
    0.9643752508323286,
    0.9598774551457311,
    0.958221336316796,
    0.9352482139953244,
    0.9344572758985409,
    0.9317543919525999,
    0.9161667133398784,
    0.913314113625823,
    0.9112034595434448,
    0.8738614011077241,
    0.872167044067738,
    0.8698602521885707,
    0.8460356868401142,
    0.8435646212300775,
    0.8411872383602504,
    0.8134669633773008,
    0.8101766500171115,
    0.8082513400740242,
    0.7825608103634925,
    0.7802511383701303,
    0.7776926441787564,
    0.7923258126780973,
    0.7890897093538466,
    0.7872034605432933,
    0.7651006065489415,
    0.7655498604090742,
    0.7625579144701612,
    0.7500306032667391,
    0.7489641934799749,
    0.7481254375846692,
    0.7282987930699212,
    0.7278595372507248,
    0.7277465387207613,
    0.731952402067806,
    0.7303552903942556,
    0.73150544392996,
    0.7249881971481792,
    0.7255908442831128,
    0.7238589471944884,
    0.7134398016627719
  ],
  "train_reconstruction_loss": [
    0.010367642231354944,
    0.008514080484513908,
    0.007991476021741745,
    0.007828033661896456,
    0.007655342306345146,
    0.007533045089326702,
    0.0074722349576069325,
    0.007407121267516575,
    0.007355016177551374,
    0.007325653396061235,
    0.00729596736932822,
    0.007270723822382686,
    0.007254634071592401,
    0.007236485840367705,
    0.0072183924938727245,
    0.007204946082820717,
    0.0071890522176104995,
    0.00717275750388008,
    0.007165005551113485,
    0.00715289948234123,
    0.0071424842487805605,
    0.007133996303174194,
    0.007124666564228981,
    0.007116221427376377,
    0.007112877912562708,
    0.007105536316651539,
    0.0070985428550154024,
    0.007096209032617135,
    0.007090091652425919,
    0.007084030163729324,
    0.007081404961368114,
    0.007076670715734501,
    0.007071279853866809,
    0.007069507254776675,
    0.007065000976791373,
    0.007061363817877665,
    0.007057727719492364,
    0.0070540988375562864,
    0.007048639114183032,
    0.007047770383596087,
    0.007045113134719917,
    0.00704144070261406,
    0.007042585883386697,
    0.007039478039143527,
    0.007035354631857555,
    0.007035176694615149,
    0.0070347088064783335,
    0.007031870130067986,
    0.007030433408909059,
    0.007028152932910668,
    0.007023938099924801,
    0.007020757120844927,
    0.00701686019490662,
    0.0070142997654234675,
    0.007012732281892437,
    0.007010196213345122,
    0.007006686642155523,
    0.007003368746517035,
    0.007000514856770329,
    0.00699573556859622,
    0.006993739086149513,
    0.006990375522753047,
    0.006985976067640484,
    0.006982175613366747,
    0.006980143186551288,
    0.006976622165470372,
    0.006973298785954825,
    0.006969782395472184,
    0.006966090112494468,
    0.006963341142219149
  ],
  "val_loss": [
    2.8475431071387396,
    2.712302949693468,
    2.668544054031372,
    2.1615042951371937,
    2.1404106616973877,
    2.127672698762682,
    2.0206999513838024,
    1.9999248319201999,
    1.9973344537946913,
    1.9384690523147583,
    1.940496391720242,
    1.9316951036453247,
    1.902432017856174,
    1.9000151024924383,
    1.8909444941414728,
    1.8589792119132147,
    1.8592243194580078,
    1.8549129830466375,
    1.795560982492235,
    1.781459093093872,
    1.7914706336127386,
    1.7946616411209106,
    1.7945420212215848,
    1.7993106709586248,
    1.7652961677975125,
    1.754607942369249,
    1.7490341265996296,
    1.7099383936987982,
    1.7085473934809368,
    1.7120854987038507,
    1.6923470099767048,
    1.6729484531614516,
    1.6912589338090684,
    1.6647066275278728,
    1.675384693675571,
    1.6707812812593248,
    1.6497685776816473,
    1.6577430301242404,
    1.643233550919427,
    1.6092816193898518,
    1.604853908220927,
    1.6111148065990872,
    1.5794629520840116,
    1.5837897327211168,
    1.5744087563620672,
    1.553475234243605,
    1.5493845674726698,
    1.5574883355034723,
    1.5295065111584134,
    1.5229008595148723,
    1.535725646548801,
    1.5266867478688557,
    1.535538739628262,
    1.5341193146175809,
    1.5121251079771254,
    1.5153992176055908,
    1.5056143071916368,
    1.4908206197950575,
    1.498803562588162,
    1.4865631130006578,
    1.4876262346903484,
    1.4698396921157837,
    1.4728375011020236,
    1.4754920932981703,
    1.4735154840681288,
    1.4679199986987643,
    1.4831594361199274,
    1.462803218099806,
    1.4742525551054213,
    1.4579951100879245
  ],