{
  "epoch": [
    1,
    2,
    3,
    4,
    5
  ],
  "train_loss": [
    3.0340470770439842,
    2.7951482354595676,
    2.7187720472808214,
    2.2217519660679765,
    2.18713567421201
  ],
  "train_contrastive_loss": [
    1.9972828544495935,
    1.943740186744562,
    1.9196244436047374,
    1.4389485979879368,
    1.4216014404314634
  ],
  "train_reconstruction_loss": [
    0.010367642231354944,
    0.008514080484513908,
    0.007991476021741745,
    0.007828033661896456,
    0.007655342306345146
  ],
  "val_loss": [
    2.8475431071387396,
    2.712302949693468,
    2.668544054031372,
    2.1615042951371937,
    2.1404106616973877
  ],
  "val_contrastive_loss": [
    1.9835786157184176,
    1.9161619742711384,
    1.9122395250532362,
    1.4126822021272447,
    1.4061341285705566
  ],
  "val_reconstruction_loss": [
    0.008639644727938704,
    0.007961409994297557,
    0.0075630453001293875,
    0.007488221344020631,
    0.007342765107750893
  ],
  "learning_rate": [
    0.0001,
    0.0001,
    0.0001,
    0.0001,
    0.0001
  ],
  "train_separation_ratio": [
    1.0342126840894872,
    1.4363158778710798,
    1.61476040428335,
    1.7874381975694136,
    1.9098854606801814
  ],
  "val_separation_ratio": [
    1.1472756067911785,
    1.6463954581154718,
    1.689594891336229,
    1.9118991427951388,
    1.9570364554723103
  ]
}