{
  "epoch": [
    1,
    2
  ],
  "train_loss": [
    3.0340470770439842,
    2.7951482354595676
  ],
  "train_contrastive_loss": [
    1.9972828544495935,
    1.943740186744562
  ],
  "train_reconstruction_loss": [
    0.010367642231354944,
    0.008514080484513908
  ],
  "val_loss": [
    2.8475431071387396,
    2.712302949693468
  ],
  "val_contrastive_loss": [
    1.9835786157184176,
    1.9161619742711384
  ],
  "val_reconstruction_loss": [
    0.008639644727938704,
    0.007961409994297557
  ],
  "learning_rate": [
    0.0001,
    0.0001
  ],
  "train_separation_ratio": [
    1.0342126840894872,
    1.4363158778710798
  ],
  "val_separation_ratio": [
    1.1472756067911785,
    1.6463954581154718
  ]
}