{
  "euclidean": {
    "phd_entailment": 17.06792967252082,
    "phd_neutral": 21.138272953254017,
    "phd_contradiction": 27.15330311712901,
    "centroid_ent_to_neutral": 0.2657029330730438,
    "centroid_ent_to_contradiction": 0.5709059238433838,
    "centroid_neutral_to_contradiction": 0.4338686168193817,
    "min_ent_to_neutral": "1.8257864",
    "min_ent_to_contradiction": "2.7591078",
    "entailment_separation": 2.3914302058473127
  },
  "manhattan": {
    "phd_entailment": 15.42583398570488,
    "phd_neutral": 20.032238320728545,
    "phd_contradiction": 24.885464947954045,
    "centroid_ent_to_neutral": 5.822638511657715,
    "centroid_ent_to_contradiction": 12.392662048339844,
    "centroid_neutral_to_contradiction": 9.40816593170166,
    "min_ent_to_neutral": 40.28758326464708,
    "min_ent_to_contradiction": 59.52080949235665,
    "entailment_separation": 52.06808367810178
  },
  "chebyshev": {
    "phd_entailment": 21.606575188707186,
    "phd_neutral": 22.973947600703934,
    "phd_contradiction": 32.23116481322975,
    "centroid_ent_to_neutral": 0.03343772143125534,
    "centroid_ent_to_contradiction": 0.08191277831792831,
    "centroid_neutral_to_contradiction": 0.06231386540457606,
    "min_ent_to_neutral": 0.25343555212020874,
    "min_ent_to_contradiction": 0.3013535290956497,
    "entailment_separation": 0.3297271682928606
  },
  "cosine": {
    "phd_entailment": 8.437959990531022,
    "phd_neutral": 10.213103714157526,
    "phd_contradiction": 12.985083170111512,
    "centroid_ent_to_neutral": 0.030628681182861328,
    "centroid_ent_to_contradiction": 0.16100740432739258,
    "centroid_neutral_to_contradiction": 0.10896492004394531,
    "min_ent_to_neutral": "0.10270214",
    "min_ent_to_contradiction": "0.22707558",
    "entailment_separation": 0.5477880369432183
  },
  "minkowski_3": {
    "phd_entailment": 18.232751972650153,
    "phd_neutral": 21.96645166734468,
    "phd_contradiction": 28.690053217807936,
    "centroid_ent_to_neutral": 0.10392337095316537,
    "centroid_ent_to_contradiction": 0.22550787268374653,
    "centroid_neutral_to_contradiction": 0.17166663186680312,
    "min_ent_to_neutral": 0.7076053159255739,
    "min_ent_to_contradiction": 1.0718597887160237,
    "entailment_separation": 0.9416728262797417
  },
  "minkowski_4": {
    "phd_entailment": 19.080426949498587,
    "phd_neutral": 22.56977525428657,
    "phd_contradiction": 29.732195481355003,
    "centroid_ent_to_neutral": 0.06791455661932286,
    "centroid_ent_to_contradiction": 0.14918764608165164,
    "centroid_neutral_to_contradiction": 0.11381438279223045,
    "min_ent_to_neutral": 0.46129281535599354,
    "min_ent_to_contradiction": 0.6743345129964464,
    "entailment_separation": 0.6205824394552877
  },
  "canberra": {
    "phd_entailment": 24.241945367110144,
    "phd_neutral": 32.6516537144275,
    "phd_contradiction": 39.71471997630453,
    "centroid_ent_to_neutral": 245.13395728275714,
    "centroid_ent_to_contradiction": 427.77886437066167,
    "centroid_neutral_to_contradiction": 399.6419833762496,
    "min_ent_to_neutral": 346.86200907515655,
    "min_ent_to_contradiction": 435.1083991281064,
    "entailment_separation": 1923.508261118832
  },
  "braycurtis": {
    "phd_entailment": 11.684404776335185,
    "phd_neutral": 13.969930826530721,
    "phd_contradiction": 16.986959586540184,
    "centroid_ent_to_neutral": 0.09540166364778188,
    "centroid_ent_to_contradiction": 0.21868599049228832,
    "centroid_neutral_to_contradiction": 0.1740051852502473,
    "min_ent_to_neutral": 0.1673804234088522,
    "min_ent_to_contradiction": 0.2553482910778589,
    "entailment_separation": 0.8978134730281968
  }
}