{
  "euclidean": {
    "phd_entailment": 31.6657680963161,
    "phd_neutral": 26.554164145739133,
    "phd_contradiction": 18.76219963119172,
    "centroid_ent_to_neutral": 0.2751520872116089,
    "centroid_ent_to_contradiction": 0.5742010474205017,
    "centroid_neutral_to_contradiction": 0.36982858180999756,
    "min_ent_to_neutral": "7.993591e-07",
    "min_ent_to_contradiction": "0.20952602",
    "entailment_separation": 1.6665172820498126
  },
  "manhattan": {
    "phd_entailment": 31.60261859293175,
    "phd_neutral": 26.270463610492836,
    "phd_contradiction": 18.669325388907495,
    "centroid_ent_to_neutral": 2.8226406574249268,
    "centroid_ent_to_contradiction": 5.2987518310546875,
    "centroid_neutral_to_contradiction": 3.3491039276123047,
    "min_ent_to_neutral": 6.984919309616089e-06,
    "min_ent_to_contradiction": 1.7846060395240784,
    "entailment_separation": 15.934998511806434
  },
  "chebyshev": {
    "phd_entailment": 24.238366293414874,
    "phd_neutral": 20.896834007539653,
    "phd_contradiction": 16.152846437415988,
    "centroid_ent_to_neutral": 0.045274109579622746,
    "centroid_ent_to_contradiction": 0.11813881993293762,
    "centroid_neutral_to_contradiction": 0.07977581582963467,
    "min_ent_to_neutral": 2.2351741790771484e-07,
    "min_ent_to_contradiction": 0.05558067560195923,
    "entailment_separation": 0.32063279693554925
  },
  "cosine": {
    "phd_entailment": 9.952959653872508,
    "phd_neutral": 9.978572546643262,
    "phd_contradiction": 8.681673105074369,
    "centroid_ent_to_neutral": 0.5946671366691589,
    "centroid_ent_to_contradiction": 0.9608507752418518,
    "centroid_neutral_to_contradiction": 0.1743740439414978,
    "min_ent_to_neutral": "0.20250016",
    "min_ent_to_contradiction": "0.14962369",
    "entailment_separation": 3.052084435834298
  },
  "minkowski_3": {
    "phd_entailment": 30.693313061939065,
    "phd_neutral": 26.329715638135358,
    "phd_contradiction": 18.424978061076903,
    "centroid_ent_to_neutral": 0.13084860570316603,
    "centroid_ent_to_contradiction": 0.29022340743003827,
    "centroid_neutral_to_contradiction": 0.1907760453254967,
    "min_ent_to_neutral": 4.258542621909143e-07,
    "min_ent_to_contradiction": 0.112319822011711,
    "entailment_separation": 0.8261861389113914
  },
  "minkowski_4": {
    "phd_entailment": 29.660945170758396,
    "phd_neutral": 25.773877627648254,
    "phd_contradiction": 18.06641635169871,
    "centroid_ent_to_neutral": 0.09182222848267207,
    "centroid_ent_to_contradiction": 0.212211596993209,
    "centroid_neutral_to_contradiction": 0.1415158066887931,
    "min_ent_to_neutral": 3.2634019936680103e-07,
    "min_ent_to_contradiction": 0.08544926373895931,
    "entailment_separation": 0.5965453046838228
  },
  "canberra": {
    "phd_entailment": 31.086220400521007,
    "phd_neutral": 34.365613561519524,
    "phd_contradiction": 28.9691918898337,
    "centroid_ent_to_neutral": 87.36445998837125,
    "centroid_ent_to_contradiction": 87.59515630729045,
    "centroid_neutral_to_contradiction": 71.66698536050356,
    "min_ent_to_neutral": 52.353295946144904,
    "min_ent_to_contradiction": 49.092211212299965,
    "entailment_separation": 343.2885714183141
  },
  "braycurtis": {
    "phd_entailment": NaN,
    "phd_neutral": 16.49096027581505,
    "phd_contradiction": 14.336631399479643,
    "centroid_ent_to_neutral": 0.7612602554358515,
    "centroid_ent_to_contradiction": 1.0258995679667609,
    "centroid_neutral_to_contradiction": 0.5532017321985818,
    "min_ent_to_neutral": 0.33580587256587635,
    "min_ent_to_contradiction": 0.2923872225136799,
    "entailment_separation": 3.506589438532633
  }
}