{
  "euclidean": {
    "phd_entailment": 1.9682006694949912,
    "phd_neutral": 1.18978563151591,
    "phd_contradiction": 1.0396282328638449,
    "centroid_ent_to_neutral": 0.35512933135032654,
    "centroid_ent_to_contradiction": 1.1882483959197998,
    "centroid_neutral_to_contradiction": 0.8331190347671509,
    "min_ent_to_neutral": "1.500605e-13",
    "min_ent_to_contradiction": "2.05338e-05",
    "entailment_separation": 5.133917224903767
  },
  "manhattan": {
    "phd_entailment": 1.9682006694949912,
    "phd_neutral": 1.18978563151591,
    "phd_contradiction": 1.0396282328638449,
    "centroid_ent_to_neutral": 0.35512933135032654,
    "centroid_ent_to_contradiction": 1.1882483959197998,
    "centroid_neutral_to_contradiction": 0.8331190347671509,
    "min_ent_to_neutral": 1.5006050601337056e-13,
    "min_ent_to_contradiction": 2.053380012512207e-05,
    "entailment_separation": 5.133917224903767
  },
  "chebyshev": {
    "phd_entailment": 1.9682006694949912,
    "phd_neutral": 1.18978563151591,
    "phd_contradiction": 1.0396282328638449,
    "centroid_ent_to_neutral": 0.35512933135032654,
    "centroid_ent_to_contradiction": 1.1882483661174774,
    "centroid_neutral_to_contradiction": 0.8331190347671509,
    "min_ent_to_neutral": 1.5006050601337056e-13,
    "min_ent_to_contradiction": 2.053380012512207e-05,
    "entailment_separation": 5.1339171257688285
  },
  "cosine": {
    "phd_entailment": NaN,
    "phd_neutral": NaN,
    "phd_contradiction": NaN,
    "centroid_ent_to_neutral": 0.0,
    "centroid_ent_to_contradiction": 0.0,
    "centroid_neutral_to_contradiction": 0.0,
    "min_ent_to_neutral": "0.0",
    "min_ent_to_contradiction": "0.0",
    "entailment_separation": 0.0
  },
  "minkowski_3": {
    "phd_entailment": 1.9682006694949912,
    "phd_neutral": 1.18978563151591,
    "phd_contradiction": 1.0396282328638449,
    "centroid_ent_to_neutral": 0.35512933135032654,
    "centroid_ent_to_contradiction": 1.1882483661174774,
    "centroid_neutral_to_contradiction": 0.8331190347671509,
    "min_ent_to_neutral": 1.5006050601337082e-13,
    "min_ent_to_contradiction": 2.0533800125122084e-05,
    "entailment_separation": 5.1339171257688285
  },
  "minkowski_4": {
    "phd_entailment": 1.9682006694949912,
    "phd_neutral": 1.18978563151591,
    "phd_contradiction": 1.0396282328638449,
    "centroid_ent_to_neutral": 0.35512933135032654,
    "centroid_ent_to_contradiction": 1.1882483661174774,
    "centroid_neutral_to_contradiction": 0.8331190347671509,
    "min_ent_to_neutral": 1.5006050601337056e-13,
    "min_ent_to_contradiction": 2.053380012512207e-05,
    "entailment_separation": 5.1339171257688285
  },
  "canberra": {
    "phd_entailment": 1.386731096903765,
    "phd_neutral": 1.1876699336618124,
    "phd_contradiction": 1.04175162357716,
    "centroid_ent_to_neutral": 0.43985602922116024,
    "centroid_ent_to_contradiction": 0.7243229190103552,
    "centroid_neutral_to_contradiction": 0.4174728098236894,
    "min_ent_to_neutral": 4.64227512156129e-06,
    "min_ent_to_contradiction": 2.5217024972516235e-05,
    "entailment_separation": 3.8725441281102873
  },
  "braycurtis": {
    "phd_entailment": NaN,
    "phd_neutral": 1.1876699336618124,
    "phd_contradiction": 1.04175162357716,
    "centroid_ent_to_neutral": 0.43985602922116024,
    "centroid_ent_to_contradiction": 0.7243229190103552,
    "centroid_neutral_to_contradiction": 0.4174728098236894,
    "min_ent_to_neutral": 4.64227512156129e-06,
    "min_ent_to_contradiction": 2.5217024972516235e-05,
    "entailment_separation": 3.8725441281102873
  }
}