{
  "euclidean": {
    "phd_entailment": 3.919225369242511,
    "phd_neutral": 3.5588852639254065,
    "phd_contradiction": 3.264952371959263,
    "centroid_ent_to_neutral": 0.5482887029647827,
    "centroid_ent_to_contradiction": 1.3000047206878662,
    "centroid_neutral_to_contradiction": 0.8496770858764648,
    "min_ent_to_neutral": "0.018850004",
    "min_ent_to_contradiction": "0.012969681",
    "entailment_separation": 2.5207194791172918
  },
  "manhattan": {
    "phd_entailment": 3.8187344412929196,
    "phd_neutral": 3.5294499102598267,
    "phd_contradiction": 3.1601463997214054,
    "centroid_ent_to_neutral": 1.1271840333938599,
    "centroid_ent_to_contradiction": 2.05965518951416,
    "centroid_neutral_to_contradiction": 1.055070400238037,
    "min_ent_to_neutral": 0.024032816290855408,
    "min_ent_to_contradiction": 0.02586645632982254,
    "entailment_separation": 4.346240484978824
  },
  "chebyshev": {
    "phd_entailment": 3.809683751118563,
    "phd_neutral": 3.6091091705854965,
    "phd_contradiction": 3.3733035221007417,
    "centroid_ent_to_neutral": 0.3551294356584549,
    "centroid_ent_to_contradiction": 1.1882482320070267,
    "centroid_neutral_to_contradiction": 0.8331187963485718,
    "min_ent_to_neutral": 0.01245240867137909,
    "min_ent_to_contradiction": 0.009862393140792847,
    "entailment_separation": 2.104872581773641
  },
  "cosine": {
    "phd_entailment": 1.8524821713678252,
    "phd_neutral": 1.568476598147208,
    "phd_contradiction": 1.3505881123146148,
    "centroid_ent_to_neutral": 0.02970200777053833,
    "centroid_ent_to_contradiction": 0.14312869310379028,
    "centroid_neutral_to_contradiction": 0.057376861572265625,
    "min_ent_to_neutral": "7.748604e-06",
    "min_ent_to_contradiction": "1.2516975e-06",
    "entailment_separation": 0.23570809088443068
  },
  "minkowski_3": {
    "phd_entailment": 3.9141870040776867,
    "phd_neutral": 3.5749562746068513,
    "phd_contradiction": 3.320180272014202,
    "centroid_ent_to_neutral": 0.442460644842876,
    "centroid_ent_to_contradiction": 1.2117434576725736,
    "centroid_neutral_to_contradiction": 0.8351454746668701,
    "min_ent_to_neutral": 0.015812743249853097,
    "min_ent_to_contradiction": 0.010936543058150082,
    "entailment_separation": 2.2560186874473573
  },
  "minkowski_4": {
    "phd_entailment": 3.900718343407471,
    "phd_neutral": 3.5844756292894204,
    "phd_contradiction": 3.3551444718003056,
    "centroid_ent_to_neutral": 0.40233247734739225,
    "centroid_ent_to_contradiction": 1.194194048773698,
    "centroid_neutral_to_contradiction": 0.8334081885108834,
    "min_ent_to_neutral": 0.014540881906414598,
    "min_ent_to_contradiction": 0.010317390182926345,
    "entailment_separation": 2.1773574811340137
  },
  "canberra": {
    "phd_entailment": 3.4050862298130053,
    "phd_neutral": 3.7812398625167414,
    "phd_contradiction": 3.3803013358608087,
    "centroid_ent_to_neutral": 0.8898088286511484,
    "centroid_ent_to_contradiction": 1.112065917298099,
    "centroid_neutral_to_contradiction": 0.6107830680824499,
    "min_ent_to_neutral": 0.0181275997301747,
    "min_ent_to_contradiction": 0.05031339930108545,
    "entailment_separation": 2.730175091406686
  },
  "braycurtis": {
    "phd_entailment": 3.7542817319938497,
    "phd_neutral": 3.5043075589503987,
    "phd_contradiction": 3.209938485396412,
    "centroid_ent_to_neutral": 0.1313901312733351,
    "centroid_ent_to_contradiction": 0.22201243128528092,
    "centroid_neutral_to_contradiction": 0.10843917905991243,
    "min_ent_to_neutral": 0.002238215392430192,
    "min_ent_to_contradiction": 0.00291304921111605,
    "entailment_separation": 0.48197364769658174
  }
}