{
  "euclidean": {
    "phd_entailment": 15.254700436977249,
    "phd_neutral": 19.889424719875276,
    "phd_contradiction": 18.87531268504649,
    "centroid_ent_to_neutral": 0.012175509706139565,
    "centroid_ent_to_contradiction": 0.0245625302195549,
    "centroid_neutral_to_contradiction": 0.017579523846507072,
    "min_ent_to_neutral": "0.028008461",
    "min_ent_to_contradiction": "0.036166813",
    "entailment_separation": 1.4526291454179097
  },
  "manhattan": {
    "phd_entailment": 14.185160664944277,
    "phd_neutral": 18.665068756817966,
    "phd_contradiction": 17.610768722792002,
    "centroid_ent_to_neutral": 0.05398028343915939,
    "centroid_ent_to_contradiction": 0.11641141027212143,
    "centroid_neutral_to_contradiction": 0.07697418332099915,
    "min_ent_to_neutral": 0.13033504062332213,
    "min_ent_to_contradiction": 0.1646023659268394,
    "entailment_separation": 6.737320252325607
  },
  "chebyshev": {
    "phd_entailment": 14.45157769214511,
    "phd_neutral": 16.88442382424379,
    "phd_contradiction": 16.094151147124233,
    "centroid_ent_to_neutral": 0.004631500691175461,
    "centroid_ent_to_contradiction": 0.009353559464216232,
    "centroid_neutral_to_contradiction": 0.008324618451297283,
    "min_ent_to_neutral": 0.009895240887999535,
    "min_ent_to_contradiction": 0.013496281579136848,
    "entailment_separation": 0.5529719610309524
  },
  "cosine": {
    "phd_entailment": 7.785441049427624,
    "phd_neutral": 10.092641487889622,
    "phd_contradiction": 9.147100917027373,
    "centroid_ent_to_neutral": 0.0022746920585632324,
    "centroid_ent_to_contradiction": 0.012218236923217773,
    "centroid_neutral_to_contradiction": 0.007018685340881348,
    "min_ent_to_neutral": "0.014851034",
    "min_ent_to_contradiction": "0.022820234",
    "entailment_separation": 0.5730531918411549
  },
  "minkowski_3": {
    "phd_entailment": 15.446823453407108,
    "phd_neutral": 20.210210802180924,
    "phd_contradiction": 19.046902502095772,
    "centroid_ent_to_neutral": 0.007941082884003307,
    "centroid_ent_to_contradiction": 0.015316836898898161,
    "centroid_neutral_to_contradiction": 0.011636402326966172,
    "min_ent_to_neutral": 0.01773999527940683,
    "min_ent_to_contradiction": 0.023522467819210822,
    "entailment_separation": 0.9196226093381002
  },
  "minkowski_4": {
    "phd_entailment": 15.515859406379112,
    "phd_neutral": 20.308279854958737,
    "phd_contradiction": 19.00961363080124,
    "centroid_ent_to_neutral": 0.00658630867060349,
    "centroid_ent_to_contradiction": 0.0124160800609384,
    "centroid_neutral_to_contradiction": 0.009896252711634093,
    "min_ent_to_neutral": 0.014443655775776195,
    "min_ent_to_contradiction": 0.019681389796979407,
    "entailment_separation": 0.7513580953101656
  },
  "canberra": {
    "phd_entailment": 17.616359155914548,
    "phd_neutral": 24.557675523268816,
    "phd_contradiction": 20.762633934439215,
    "centroid_ent_to_neutral": 2.5408991648235615,
    "centroid_ent_to_contradiction": 6.317200516256766,
    "centroid_neutral_to_contradiction": 4.689054755315396,
    "min_ent_to_neutral": 8.88248735082426,
    "min_ent_to_contradiction": 7.532076216401287,
    "entailment_separation": 350.25096046985516
  },
  "braycurtis": {
    "phd_entailment": 13.752292943822043,
    "phd_neutral": 18.616670475650338,
    "phd_contradiction": 16.71624317256559,
    "centroid_ent_to_neutral": 0.02973781559076866,
    "centroid_ent_to_contradiction": 0.06289921289345252,
    "centroid_neutral_to_contradiction": 0.0404379351453652,
    "min_ent_to_neutral": 0.07405419450479746,
    "min_ent_to_contradiction": 0.0785450809372999,
    "entailment_separation": 3.6628858750565203
  }
}