{
  "euclidean": {
    "phd_entailment": 32.487320311244375,
    "phd_neutral": 46.691150399301826,
    "phd_contradiction": 73.27612538370818,
    "centroid_ent_to_neutral": 0.15651527047157288,
    "centroid_ent_to_contradiction": 0.3959968090057373,
    "centroid_neutral_to_contradiction": 0.24168306589126587,
    "min_ent_to_neutral": "0.6455021",
    "min_ent_to_contradiction": "0.9269775",
    "entailment_separation": 5.568731563510435
  },
  "manhattan": {
    "phd_entailment": 30.112310128144056,
    "phd_neutral": 44.055999747087704,
    "phd_contradiction": 63.014313100299944,
    "centroid_ent_to_neutral": 4.206101894378662,
    "centroid_ent_to_contradiction": 10.609922409057617,
    "centroid_neutral_to_contradiction": 6.403819561004639,
    "min_ent_to_neutral": 12.201469826534804,
    "min_ent_to_contradiction": 17.8998282323777,
    "entailment_separation": 149.3296983883799
  },
  "chebyshev": {
    "phd_entailment": 33.771278917327656,
    "phd_neutral": 38.773848165265434,
    "phd_contradiction": 47.22727288500437,
    "centroid_ent_to_neutral": 0.010303176939487457,
    "centroid_ent_to_contradiction": 0.029401126317679882,
    "centroid_neutral_to_contradiction": 0.020264464430510998,
    "min_ent_to_neutral": 0.0816168300807476,
    "min_ent_to_contradiction": 0.11305896192789078,
    "entailment_separation": 0.40017696439242806
  },
  "cosine": {
    "phd_entailment": 18.99787852209208,
    "phd_neutral": 21.309814107499278,
    "phd_contradiction": 34.26183358373828,
    "centroid_ent_to_neutral": 0.0007085800170898438,
    "centroid_ent_to_contradiction": 0.010034918785095215,
    "centroid_neutral_to_contradiction": 0.00828784704208374,
    "min_ent_to_neutral": "0.13638103",
    "min_ent_to_contradiction": "0.26532227",
    "entailment_separation": 0.10828299163859532
  },
  "minkowski_3": {
    "phd_entailment": 34.79366253947144,
    "phd_neutral": 49.775015514478234,
    "phd_contradiction": 81.21393922571723,
    "centroid_ent_to_neutral": 0.05320262918756497,
    "centroid_ent_to_contradiction": 0.135070684509341,
    "centroid_neutral_to_contradiction": 0.08337432372979639,
    "min_ent_to_neutral": 0.26883829740865495,
    "min_ent_to_contradiction": 0.3639612017862759,
    "entailment_separation": 1.897593887073953
  },
  "minkowski_4": {
    "phd_entailment": 36.97875656355595,
    "phd_neutral": 52.24520262562583,
    "phd_contradiction": 86.49813766298539,
    "centroid_ent_to_neutral": 0.031424221673881474,
    "centroid_ent_to_contradiction": 0.08011851315188995,
    "centroid_neutral_to_contradiction": 0.050030642635934285,
    "min_ent_to_neutral": 0.1806834539927743,
    "min_ent_to_contradiction": 0.23874538277047347,
    "entailment_separation": 1.1242316162429833
  },
  "canberra": {
    "phd_entailment": 92.23424097321896,
    "phd_neutral": 94.07689735755513,
    "phd_contradiction": 121.77442610964228,
    "centroid_ent_to_neutral": 95.34850509425151,
    "centroid_ent_to_contradiction": 295.53854699135786,
    "centroid_neutral_to_contradiction": 210.91840187605547,
    "min_ent_to_neutral": 269.83333314517137,
    "min_ent_to_contradiction": 348.11631282111847,
    "entailment_separation": 3939.7239364901016
  },
  "braycurtis": {
    "phd_entailment": 39.35772384690536,
    "phd_neutral": 38.978813511909706,
    "phd_contradiction": 49.61977324703928,
    "centroid_ent_to_neutral": 0.12317153772742437,
    "centroid_ent_to_contradiction": 0.3824152422629064,
    "centroid_neutral_to_contradiction": 0.2720583823558789,
    "min_ent_to_neutral": 0.24958703888373757,
    "min_ent_to_contradiction": 0.40391125894354135,
    "entailment_separation": 5.095774670644795
  }
}