{
  "euclidean": {
    "phd_entailment": 1.2591917003151034,
    "phd_neutral": 1.3285185284142809,
    "phd_contradiction": 1.0313944667206183,
    "centroid_ent_to_neutral": 0.013949207961559296,
    "centroid_ent_to_contradiction": 0.05606687068939209,
    "centroid_neutral_to_contradiction": 0.042117662727832794,
    "min_ent_to_neutral": "0.0",
    "min_ent_to_contradiction": "5.9604645e-08",
    "entailment_separation": 1.8575512220683608
  },
  "manhattan": {
    "phd_entailment": 1.2591917003151034,
    "phd_neutral": 1.3285185284142809,
    "phd_contradiction": 1.0313944667206183,
    "centroid_ent_to_neutral": 0.013949207961559296,
    "centroid_ent_to_contradiction": 0.05606687068939209,
    "centroid_neutral_to_contradiction": 0.042117662727832794,
    "min_ent_to_neutral": 0.0,
    "min_ent_to_contradiction": 5.960464477539063e-08,
    "entailment_separation": 1.8575512220683608
  },
  "chebyshev": {
    "phd_entailment": 1.2591917003151034,
    "phd_neutral": 1.3285185284142809,
    "phd_contradiction": 1.0313944667206183,
    "centroid_ent_to_neutral": 0.013949207961559296,
    "centroid_ent_to_contradiction": 0.05606687068939209,
    "centroid_neutral_to_contradiction": 0.042117662727832794,
    "min_ent_to_neutral": 0.0,
    "min_ent_to_contradiction": 5.960464477539063e-08,
    "entailment_separation": 1.8575512220683608
  },
  "cosine": {
    "phd_entailment": NaN,
    "phd_neutral": NaN,
    "phd_contradiction": NaN,
    "centroid_ent_to_neutral": 0.0,
    "centroid_ent_to_contradiction": 0.0,
    "centroid_neutral_to_contradiction": 0.0,
    "min_ent_to_neutral": "0.0",
    "min_ent_to_contradiction": "0.0",
    "entailment_separation": 0.0
  },
  "minkowski_3": {
    "phd_entailment": 1.2591917003151034,
    "phd_neutral": 1.3285185284142809,
    "phd_contradiction": 1.0313944667206183,
    "centroid_ent_to_neutral": 0.013949207961559299,
    "centroid_ent_to_contradiction": 0.0560668706893921,
    "centroid_neutral_to_contradiction": 0.0421176627278328,
    "min_ent_to_neutral": 0.0,
    "min_ent_to_contradiction": 5.960464477539068e-08,
    "entailment_separation": 1.8575512220683612
  },
  "minkowski_4": {
    "phd_entailment": 1.2591917003151034,
    "phd_neutral": 1.3285185284142809,
    "phd_contradiction": 1.0313944667206183,
    "centroid_ent_to_neutral": 0.013949207961559296,
    "centroid_ent_to_contradiction": 0.05606687068939209,
    "centroid_neutral_to_contradiction": 0.042117662727832794,
    "min_ent_to_neutral": 0.0,
    "min_ent_to_contradiction": 5.960464477539063e-08,
    "entailment_separation": 1.8575512220683608
  },
  "canberra": {
    "phd_entailment": 1.7219715252243033,
    "phd_neutral": 1.4259071446189007,
    "phd_contradiction": 1.0376998515295195,
    "centroid_ent_to_neutral": 0.0747731472116392,
    "centroid_ent_to_contradiction": 0.24518535142601178,
    "centroid_neutral_to_contradiction": 0.17359476572629337,
    "min_ent_to_neutral": 0.0,
    "min_ent_to_contradiction": 4.602441134777886e-07,
    "entailment_separation": 8.48861163902744
  },
  "braycurtis": {
    "phd_entailment": NaN,
    "phd_neutral": 1.4259071446189007,
    "phd_contradiction": 1.0376998515295195,
    "centroid_ent_to_neutral": 0.0747731472116392,
    "centroid_ent_to_contradiction": 0.24518535142601178,
    "centroid_neutral_to_contradiction": 0.17359476572629337,
    "min_ent_to_neutral": 0.0,
    "min_ent_to_contradiction": 4.602441134777886e-07,
    "entailment_separation": 8.48861163902744
  }
}