{
  "euclidean": {
    "phd_entailment": 128.76979911479654,
    "phd_neutral": 35.575080392042764,
    "phd_contradiction": 33.822847046763634,
    "centroid_ent_to_neutral": 0.26580139994621277,
    "centroid_ent_to_contradiction": 0.570902407169342,
    "centroid_neutral_to_contradiction": 0.4333881437778473,
    "min_ent_to_neutral": "1.8801113e-06",
    "min_ent_to_contradiction": "0.5551436",
    "entailment_separation": 0.7590195191673298
  },
  "manhattan": {
    "phd_entailment": 135.52632959580671,
    "phd_neutral": 35.2078939457067,
    "phd_contradiction": 33.25693583655856,
    "centroid_ent_to_neutral": 5.768857479095459,
    "centroid_ent_to_contradiction": 12.369526863098145,
    "centroid_neutral_to_contradiction": 9.346246719360352,
    "min_ent_to_neutral": 4.077640778632485e-05,
    "min_ent_to_contradiction": 11.736043254119807,
    "entailment_separation": 16.45431471065679
  },
  "chebyshev": {
    "phd_entailment": 45.96744223715764,
    "phd_neutral": 26.4981414793719,
    "phd_contradiction": 26.608188702437584,
    "centroid_ent_to_neutral": 0.03354437852976844,
    "centroid_ent_to_contradiction": 0.08187779597938061,
    "centroid_neutral_to_contradiction": 0.062145269010216,
    "min_ent_to_neutral": 2.4586915969848633e-07,
    "min_ent_to_contradiction": 0.08166661113500595,
    "entailment_separation": 0.10470573057292507
  },
  "cosine": {
    "phd_entailment": 13.712952515031056,
    "phd_neutral": 17.128613966858968,
    "phd_contradiction": 12.92426684215806,
    "centroid_ent_to_neutral": 0.6604043841362,
    "centroid_ent_to_contradiction": 0.7866392135620117,
    "centroid_neutral_to_contradiction": 0.28810495138168335,
    "min_ent_to_neutral": "0.37334025",
    "min_ent_to_contradiction": "0.36919355",
    "entailment_separation": 1.3126919304041984
  },
  "minkowski_3": {
    "phd_entailment": 121.12927282183931,
    "phd_neutral": 35.64152657309825,
    "phd_contradiction": 33.82384987671939,
    "centroid_ent_to_neutral": 0.10398850069808406,
    "centroid_ent_to_contradiction": 0.22549719936070028,
    "centroid_neutral_to_contradiction": 0.1714892486741134,
    "min_ent_to_neutral": 7.360143884870445e-07,
    "min_ent_to_contradiction": 0.2221632905050353,
    "entailment_separation": 0.29889439429381115
  },
  "minkowski_4": {
    "phd_entailment": 110.85839872348764,
    "phd_neutral": 35.59063021157661,
    "phd_contradiction": 33.72106799080693,
    "centroid_ent_to_neutral": 0.06796660128466717,
    "centroid_ent_to_contradiction": 0.14917612452080203,
    "centroid_neutral_to_contradiction": 0.11369562614512019,
    "min_ent_to_neutral": 4.822712671209337e-07,
    "min_ent_to_contradiction": 0.1480425411144362,
    "entailment_separation": 0.19698197370433188
  },
  "canberra": {
    "phd_entailment": 48.2546878495063,
    "phd_neutral": 68.04136996391621,
    "phd_contradiction": 47.6640025456836,
    "centroid_ent_to_neutral": 510.8160746342758,
    "centroid_ent_to_contradiction": 586.8388904253446,
    "centroid_neutral_to_contradiction": 439.44667393163405,
    "min_ent_to_neutral": 432.49526984534236,
    "min_ent_to_contradiction": 415.8835322681075,
    "entailment_separation": 995.7425037461585
  },
  "braycurtis": {
    "phd_entailment": NaN,
    "phd_neutral": 23.39831459909536,
    "phd_contradiction": 18.293193819435974,
    "centroid_ent_to_neutral": 0.7423399526362986,
    "centroid_ent_to_contradiction": 0.9050727600631859,
    "centroid_neutral_to_contradiction": 0.5391338191017693,
    "min_ent_to_neutral": 0.49238715984549936,
    "min_ent_to_contradiction": 0.48101491268763963,
    "entailment_separation": 1.4944576496836919
  }
}