{
  "euclidean": {
    "phd_entailment": 358.5075386423768,
    "phd_neutral": 54.05403772029642,
    "phd_contradiction": 77.67208969501475,
    "centroid_ent_to_neutral": 0.051668353378772736,
    "centroid_ent_to_contradiction": 0.1355709433555603,
    "centroid_neutral_to_contradiction": 0.0904407650232315,
    "min_ent_to_neutral": "1.5904612e-13",
    "min_ent_to_contradiction": "0.014947183",
    "entailment_separation": 0.9773670224040254
  },
  "manhattan": {
    "phd_entailment": -117.11078167189581,
    "phd_neutral": 49.7871249554533,
    "phd_contradiction": 56.345138142699355,
    "centroid_ent_to_neutral": 1.1642805337905884,
    "centroid_ent_to_contradiction": 2.99086594581604,
    "centroid_neutral_to_contradiction": 1.8531993627548218,
    "min_ent_to_neutral": 1.7247267771488737e-12,
    "min_ent_to_contradiction": 0.1532222600341735,
    "entailment_separation": 21.689374043034615
  },
  "chebyshev": {
    "phd_entailment": 27.767800475742337,
    "phd_neutral": 17.02422487550001,
    "phd_contradiction": 30.589136990237357,
    "centroid_ent_to_neutral": 0.006098410114645958,
    "centroid_ent_to_contradiction": 0.023348647635430098,
    "centroid_neutral_to_contradiction": 0.018088966608047485,
    "min_ent_to_neutral": 6.045164369083977e-14,
    "min_ent_to_contradiction": 0.005140880646649748,
    "entailment_separation": 0.15371016476625057
  },
  "cosine": {
    "phd_entailment": 17.144287081109066,
    "phd_neutral": 20.725067900758454,
    "phd_contradiction": 15.551929510835084,
    "centroid_ent_to_neutral": 0.01578420400619507,
    "centroid_ent_to_contradiction": 0.045640647411346436,
    "centroid_neutral_to_contradiction": 0.024573802947998047,
    "min_ent_to_neutral": "0.30869746",
    "min_ent_to_contradiction": "0.29659265",
    "entailment_separation": 0.3206304722280235
  },
  "minkowski_3": {
    "phd_entailment": 94.92298200552706,
    "phd_neutral": 37.6631081101287,
    "phd_contradiction": 56.992692454282306,
    "centroid_ent_to_neutral": 0.019885976801397764,
    "centroid_ent_to_contradiction": 0.05403819596532687,
    "centroid_neutral_to_contradiction": 0.03804048859992332,
    "min_ent_to_neutral": 8.803249380720422e-14,
    "min_ent_to_contradiction": 0.008410109698973673,
    "entailment_separation": 0.38587545392893013
  },
  "minkowski_4": {
    "phd_entailment": 60.464353760626956,
    "phd_neutral": 30.62189547879046,
    "phd_contradiction": 50.206563118287455,
    "centroid_ent_to_neutral": 0.01288672150670889,
    "centroid_ent_to_contradiction": 0.03651135478473978,
    "centroid_neutral_to_contradiction": 0.02681998289093928,
    "min_ent_to_neutral": 7.165551771247022e-14,
    "min_ent_to_contradiction": 0.006707131483940123,
    "entailment_separation": 0.257852126020121
  },
  "canberra": {
    "phd_entailment": 15.66179807938753,
    "phd_neutral": 61.14746250708578,
    "phd_contradiction": 41.78585921849429,
    "centroid_ent_to_neutral": 136.32031614933686,
    "centroid_ent_to_contradiction": 260.38055364775545,
    "centroid_neutral_to_contradiction": 138.83182394570423,
    "min_ent_to_neutral": 360.0,
    "min_ent_to_contradiction": 350.0,
    "entailment_separation": 2070.7317035525725
  },
  "braycurtis": {
    "phd_entailment": NaN,
    "phd_neutral": 42.70446207638989,
    "phd_contradiction": 31.46986202693623,
    "centroid_ent_to_neutral": 0.18421061221240098,
    "centroid_ent_to_contradiction": 0.3668540156552234,
    "centroid_neutral_to_contradiction": 0.19916412740213996,
    "min_ent_to_neutral": 0.5117088216675036,
    "min_ent_to_contradiction": 0.5272565934358501,
    "entailment_separation": 2.8764922956068952
  }
}