{
  "euclidean": {
    "phd_entailment": -14.894153380941635,
    "phd_neutral": -2.184129389292142,
    "phd_contradiction": -5.4038210832166484,
    "centroid_ent_to_neutral": 121.00756072998047,
    "centroid_ent_to_contradiction": 121.86544036865234,
    "centroid_neutral_to_contradiction": 142.19912719726562,
    "min_ent_to_neutral": "38.41867",
    "min_ent_to_contradiction": "63.55306",
    "entailment_separation": 0.00489895609374137
  },
  "manhattan": {
    "phd_entailment": -103.27869144995628,
    "phd_neutral": -5.386212311396351,
    "phd_contradiction": -12.537007000312627,
    "centroid_ent_to_neutral": 1429.900390625,
    "centroid_ent_to_contradiction": 1704.3316650390625,
    "centroid_neutral_to_contradiction": 1685.3143310546875,
    "min_ent_to_neutral": 738.0023548007011,
    "min_ent_to_contradiction": 969.0537522993982,
    "entailment_separation": 0.0632201403978181
  },
  "chebyshev": {
    "phd_entailment": -14.306370872036302,
    "phd_neutral": -2.0460416740044476,
    "phd_contradiction": -5.040159511581322,
    "centroid_ent_to_neutral": 60.81308054924011,
    "centroid_ent_to_contradiction": 34.4289984703064,
    "centroid_neutral_to_contradiction": 60.662471294403076,
    "min_ent_to_neutral": 2.0000256299972534,
    "min_ent_to_contradiction": 18.357505798339844,
    "entailment_separation": 0.0019211141678276522
  },
  "cosine": {
    "phd_entailment": 4.3366549248098085,
    "phd_neutral": 4.198747671022567,
    "phd_contradiction": 4.043807919180989,
    "centroid_ent_to_neutral": 0.3809470534324646,
    "centroid_ent_to_contradiction": 0.3313330411911011,
    "centroid_neutral_to_contradiction": 0.4022102952003479,
    "min_ent_to_neutral": "0.00012558699",
    "min_ent_to_contradiction": "0.00085419416",
    "entailment_separation": 1.4367298523188707e-05
  },
  "minkowski_3": {
    "phd_entailment": -14.453599243427432,
    "phd_neutral": -2.0942333768180976,
    "phd_contradiction": -5.176779302974897,
    "centroid_ent_to_neutral": 75.89351222772446,
    "centroid_ent_to_contradiction": 64.75681766808356,
    "centroid_neutral_to_contradiction": 83.17213353407388,
    "min_ent_to_neutral": 14.345134574118267,
    "min_ent_to_contradiction": 32.35464694391138,
    "entailment_separation": 0.0028370374130221973
  },
  "minkowski_4": {
    "phd_entailment": -14.372620388148686,
    "phd_neutral": -2.071466503436835,
    "phd_contradiction": -5.118154001438849,
    "centroid_ent_to_neutral": 66.75869525510207,
    "centroid_ent_to_contradiction": 50.62209146450846,
    "centroid_neutral_to_contradiction": 69.6631076782606,
    "min_ent_to_neutral": 8.765683043239026,
    "min_ent_to_contradiction": 25.53294493791307,
    "entailment_separation": 0.002367670831203926
  },
  "canberra": {
    "phd_entailment": 25.24748942890709,
    "phd_neutral": 30.197015910206897,
    "phd_contradiction": 39.82376751695495,
    "centroid_ent_to_neutral": 147.68795203873228,
    "centroid_ent_to_contradiction": 170.04717900790308,
    "centroid_neutral_to_contradiction": 141.04353846447563,
    "min_ent_to_neutral": 220.57912135315348,
    "min_ent_to_contradiction": 274.0790872517724,
    "entailment_separation": 0.006408989263506035
  },
  "braycurtis": {
    "phd_entailment": 27.930325264616915,
    "phd_neutral": 30.727661995146086,
    "phd_contradiction": 30.37643057717909,
    "centroid_ent_to_neutral": 0.2584650426053529,
    "centroid_ent_to_contradiction": 0.2854061817802565,
    "centroid_neutral_to_contradiction": 0.2577753824605059,
    "min_ent_to_neutral": 0.08772248013901206,
    "min_ent_to_contradiction": 0.3451293761834555,
    "entailment_separation": 1.0970347617322953e-05
  }
}