{
  "euclidean": {
    "phd_entailment": -2006.2502586681048,
    "phd_neutral": 56.51672241898783,
    "phd_contradiction": 78.12761121317438,
    "centroid_ent_to_neutral": 0.07259362936019897,
    "centroid_ent_to_contradiction": 0.18810808658599854,
    "centroid_neutral_to_contradiction": 0.12455029785633087,
    "min_ent_to_neutral": "2.3258557e-13",
    "min_ent_to_contradiction": "0.021916594",
    "entailment_separation": 0.9666776436474224
  },
  "manhattan": {
    "phd_entailment": -108.72158611950312,
    "phd_neutral": 46.27198529164887,
    "phd_contradiction": 51.88201231354797,
    "centroid_ent_to_neutral": 2.314714193344116,
    "centroid_ent_to_contradiction": 5.918784141540527,
    "centroid_neutral_to_contradiction": 3.6577627658843994,
    "min_ent_to_neutral": 3.5348185495702838e-12,
    "min_ent_to_contradiction": 0.3081843748705444,
    "entailment_separation": 30.529675420256286
  },
  "chebyshev": {
    "phd_entailment": 42.86658244679636,
    "phd_neutral": 20.270357127583004,
    "phd_contradiction": 26.06198860902293,
    "centroid_ent_to_neutral": 0.006098410114645958,
    "centroid_ent_to_contradiction": 0.023348647635430098,
    "centroid_neutral_to_contradiction": 0.018088966608047485,
    "min_ent_to_neutral": 6.045164369083977e-14,
    "min_ent_to_contradiction": 0.0057468548766337335,
    "entailment_separation": 0.1091892022838382
  },
  "cosine": {
    "phd_entailment": 18.14738029264176,
    "phd_neutral": 23.63206454460676,
    "phd_contradiction": 16.77961163102486,
    "centroid_ent_to_neutral": 0.01586306095123291,
    "centroid_ent_to_contradiction": 0.04683542251586914,
    "centroid_neutral_to_contradiction": 0.024449586868286133,
    "min_ent_to_neutral": "0.3271786",
    "min_ent_to_contradiction": "0.3544585",
    "entailment_separation": 0.23248493796164096
  },
  "minkowski_3": {
    "phd_entailment": 261.8953113710003,
    "phd_neutral": 40.3437234948871,
    "phd_contradiction": 59.83513431696883,
    "centroid_ent_to_neutral": 0.024923655804603602,
    "centroid_ent_to_contradiction": 0.06653489100029024,
    "centroid_neutral_to_contradiction": 0.046247134022569115,
    "min_ent_to_neutral": 1.1352271171231147e-13,
    "min_ent_to_contradiction": 0.011205772093920121,
    "entailment_separation": 0.33912677634625976
  },
  "minkowski_4": {
    "phd_entailment": 134.99803887839988,
    "phd_neutral": 33.87598056608345,
    "phd_contradiction": 50.26175229100372,
    "centroid_ent_to_neutral": 0.015268068201259017,
    "centroid_ent_to_contradiction": 0.04231351897089033,
    "centroid_neutral_to_contradiction": 0.030517580550839706,
    "min_ent_to_neutral": 8.610512376424489e-14,
    "min_ent_to_contradiction": 0.008402775804407606,
    "entailment_separation": 0.21351157127227896
  },
  "canberra": {
    "phd_entailment": 15.490036092778583,
    "phd_neutral": 59.820087020523275,
    "phd_contradiction": 42.0120897636932,
    "centroid_ent_to_neutral": 272.13950646986206,
    "centroid_ent_to_contradiction": 522.856449324931,
    "centroid_neutral_to_contradiction": 279.7556202967613,
    "min_ent_to_neutral": 734.0,
    "min_ent_to_contradiction": 735.8562341761602,
    "entailment_separation": 2947.831833280075
  },
  "braycurtis": {
    "phd_entailment": NaN,
    "phd_neutral": 43.6797715569167,
    "phd_contradiction": 30.94021948310358,
    "centroid_ent_to_neutral": 0.18310125320334875,
    "centroid_ent_to_contradiction": 0.36414543716368397,
    "centroid_neutral_to_contradiction": 0.1971845267993455,
    "min_ent_to_neutral": 0.5169426309053341,
    "min_ent_to_contradiction": 0.5356417564499487,
    "entailment_separation": 2.0291816615699942
  }
}