{
  "euclidean": {
    "phd_entailment": -14.89353013315689,
    "phd_neutral": -2.1840522240010385,
    "phd_contradiction": -5.403862617017018,
    "centroid_ent_to_neutral": 121.00796508789062,
    "centroid_ent_to_contradiction": 121.86750030517578,
    "centroid_neutral_to_contradiction": 142.2000274658203,
    "min_ent_to_neutral": "38.43321",
    "min_ent_to_contradiction": "63.58012",
    "entailment_separation": 0.004899005800667119
  },
  "manhattan": {
    "phd_entailment": -113.88159766249098,
    "phd_neutral": -5.6327145663279845,
    "phd_contradiction": -13.354171978550765,
    "centroid_ent_to_neutral": 1441.03955078125,
    "centroid_ent_to_contradiction": 1730.3021240234375,
    "centroid_neutral_to_contradiction": 1702.917724609375,
    "min_ent_to_neutral": 760.1647977234444,
    "min_ent_to_contradiction": 1004.9747072761152,
    "entailment_separation": 0.06396867314539822
  },
  "chebyshev": {
    "phd_entailment": -14.306370872036302,
    "phd_neutral": -2.0460416740044476,
    "phd_contradiction": -5.040159511581322,
    "centroid_ent_to_neutral": 60.81308054924011,
    "centroid_ent_to_contradiction": 34.4289984703064,
    "centroid_neutral_to_contradiction": 60.662471294403076,
    "min_ent_to_neutral": 2.0000256299972534,
    "min_ent_to_contradiction": 18.357505798339844,
    "entailment_separation": 0.0019211141678276522
  },
  "cosine": {
    "phd_entailment": 4.337071891725203,
    "phd_neutral": 4.1992192811672515,
    "phd_contradiction": 4.044351513154979,
    "centroid_ent_to_neutral": 0.38094085454940796,
    "centroid_ent_to_contradiction": 0.33133888244628906,
    "centroid_neutral_to_contradiction": 0.40220797061920166,
    "min_ent_to_neutral": "0.00012558699",
    "min_ent_to_contradiction": "0.000854373",
    "entailment_separation": 1.4367291309528818e-05
  },
  "minkowski_3": {
    "phd_entailment": -14.453599243427432,
    "phd_neutral": -2.0942333768180976,
    "phd_contradiction": -5.1767324036639755,
    "centroid_ent_to_neutral": 75.89351230197127,
    "centroid_ent_to_contradiction": 64.75681878795378,
    "centroid_neutral_to_contradiction": 83.17213380766852,
    "min_ent_to_neutral": 14.345257643999233,
    "min_ent_to_contradiction": 32.35474262444893,
    "entailment_separation": 0.002837037437108559
  },
  "minkowski_4": {
    "phd_entailment": -14.372620388148686,
    "phd_neutral": -2.071466503436835,
    "phd_contradiction": -5.118154001438849,
    "centroid_ent_to_neutral": 66.75869525512084,
    "centroid_ent_to_contradiction": 50.62209146554566,
    "centroid_neutral_to_contradiction": 69.66310767838918,
    "min_ent_to_neutral": 8.76568541917755,
    "min_ent_to_contradiction": 25.532945448873154,
    "entailment_separation": 0.002367670831225226
  },
  "canberra": {
    "phd_entailment": 49.30582747018373,
    "phd_neutral": 64.45830673985432,
    "phd_contradiction": 56.3430502188551,
    "centroid_ent_to_neutral": 890.1728479165945,
    "centroid_ent_to_contradiction": 1312.8051700723609,
    "centroid_neutral_to_contradiction": 930.2404382178689,
    "min_ent_to_neutral": 1311.0453062595343,
    "min_ent_to_contradiction": 1407.9456663685967,
    "entailment_separation": 0.04443595021590084
  },
  "braycurtis": {
    "phd_entailment": 28.372743916401795,
    "phd_neutral": 31.252742153308848,
    "phd_contradiction": 31.030930353172288,
    "centroid_ent_to_neutral": 0.2582268776652997,
    "centroid_ent_to_contradiction": 0.28736998862780966,
    "centroid_neutral_to_contradiction": 0.2584839885152177,
    "min_ent_to_neutral": 0.09040358743233678,
    "min_ent_to_contradiction": 0.35024855899471535,
    "entailment_separation": 1.1005155290057764e-05
  }
}