{
  "euclidean": {
    "phd_entailment": 16.255728852261054,
    "phd_neutral": 20.748458508990524,
    "phd_contradiction": 21.617415229628026,
    "centroid_ent_to_neutral": 0.274862676858902,
    "centroid_ent_to_contradiction": 0.574268639087677,
    "centroid_neutral_to_contradiction": 0.3698572814464569,
    "min_ent_to_neutral": "0.7527263",
    "min_ent_to_contradiction": "0.8486591",
    "entailment_separation": 1.8841985232791318
  },
  "manhattan": {
    "phd_entailment": 14.801574512456906,
    "phd_neutral": 19.34323941466819,
    "phd_contradiction": 20.32101166439873,
    "centroid_ent_to_neutral": 2.828239679336548,
    "centroid_ent_to_contradiction": 5.303167819976807,
    "centroid_neutral_to_contradiction": 3.3556230068206787,
    "min_ent_to_neutral": 6.818090781569481,
    "min_ent_to_contradiction": 7.226412434130907,
    "entailment_separation": 18.043364688896926
  },
  "chebyshev": {
    "phd_entailment": 15.882545544818678,
    "phd_neutral": 18.195343352347674,
    "phd_contradiction": 20.923350314571135,
    "centroid_ent_to_neutral": 0.04523691534996033,
    "centroid_ent_to_contradiction": 0.11823563277721405,
    "centroid_neutral_to_contradiction": 0.07971227169036865,
    "min_ent_to_neutral": 0.17295485734939575,
    "min_ent_to_contradiction": 0.18686797469854355,
    "entailment_separation": 0.3627409895188423
  },
  "cosine": {
    "phd_entailment": 7.892664081582177,
    "phd_neutral": 10.743010383775477,
    "phd_contradiction": 10.62741504383065,
    "centroid_ent_to_neutral": 0.0029923319816589355,
    "centroid_ent_to_contradiction": 0.015199780464172363,
    "centroid_neutral_to_contradiction": 0.0071364641189575195,
    "min_ent_to_neutral": "0.026082277",
    "min_ent_to_contradiction": "0.025642514",
    "entailment_separation": 0.0403677861857585
  },
  "minkowski_3": {
    "phd_entailment": 16.744601939004166,
    "phd_neutral": 21.042781597846474,
    "phd_contradiction": 22.282581573064277,
    "centroid_ent_to_neutral": 0.13072172047220218,
    "centroid_ent_to_contradiction": 0.2902800485383025,
    "centroid_neutral_to_contradiction": 0.1907811388459228,
    "min_ent_to_neutral": 0.39226246086366184,
    "min_ent_to_contradiction": 0.45860691374120793,
    "entailment_separation": 0.934191092202517
  },
  "minkowski_4": {
    "phd_entailment": 16.98511205489531,
    "phd_neutral": 20.914851446059178,
    "phd_contradiction": 22.68231531174409,
    "centroid_ent_to_neutral": 0.09174107989228383,
    "centroid_ent_to_contradiction": 0.2122680659847441,
    "centroid_neutral_to_contradiction": 0.14151766580864691,
    "min_ent_to_neutral": 0.2969079901071995,
    "min_ent_to_contradiction": 0.35415234397923034,
    "entailment_separation": 0.6745877498185255
  },
  "canberra": {
    "phd_entailment": 17.9857312406599,
    "phd_neutral": 26.274483271161035,
    "phd_contradiction": 27.703683793223338,
    "centroid_ent_to_neutral": 8.593882928224188,
    "centroid_ent_to_contradiction": 14.875209598707338,
    "centroid_neutral_to_contradiction": 9.018213669471617,
    "min_ent_to_neutral": 24.849595952959532,
    "min_ent_to_contradiction": 21.284300886895366,
    "entailment_separation": 52.077256663947736
  },
  "braycurtis": {
    "phd_entailment": 14.870716569954878,
    "phd_neutral": 20.502179324258286,
    "phd_contradiction": 20.415064161275794,
    "centroid_ent_to_neutral": 0.032665018438649364,
    "centroid_ent_to_contradiction": 0.06018997721788746,
    "centroid_neutral_to_contradiction": 0.036912788238202446,
    "min_ent_to_neutral": 0.0755194483383719,
    "min_ent_to_contradiction": 0.06897698336537836,
    "entailment_separation": 0.20604262545670132
  }
}