{
  "epoch": [
    1,
    2,
    3,
    4,
    5
  ],
  "train_loss": [
    1.9603039530180464,
    1.8969890665075633,
    1.884314873809033,
    1.236672366797591,
    1.2147734724609545
  ],
  "train_contrastive_loss": [
    1.9603039530180464,
    1.8969890665075633,
    1.884314873809033,
    1.236672366797591,
    1.2147734724609545
  ],
  "train_reconstruction_loss": [
    0.010576810070367277,
    0.010512847540071113,
    0.010513111220558263,
    0.010512980353260617,
    0.010513149857437811
  ],
  "val_loss": [
    1.8882079389360216,
    1.8794993427064683,
    1.8801400396558974,
    1.2233321401807997,
    1.2120378414789836
  ],
  "val_contrastive_loss": [
    1.8882079389360216,
    1.8794993427064683,
    1.8801400396558974,
    1.2233321401807997,
    1.2120378414789836
  ],
  "val_reconstruction_loss": [
    0.010440082703199651,
    0.010441991810997328,
    0.01043816034992536,
    0.010445605239106549,
    0.010442625317308638
  ],
  "learning_rate": [
    0.0001,
    0.0001,
    0.0001,
    0.0001,
    0.0001
  ],
  "train_separation_ratio": [
    1.3954229977997867,
    2.2037325230511753,
    2.506555340506814,
    2.5590679320422085,
    2.8181731700897217
  ],
  "val_separation_ratio": [
    2.3893068896399603,
    2.6850207646687827,
    2.6292924086252847,
    2.5550071663326688,
    2.863680813047621
  ]
}