{
  "epoch": [
    1
  ],
  "train_loss": [
    1.9603039530180464
  ],
  "train_contrastive_loss": [
    1.9603039530180464
  ],
  "train_reconstruction_loss": [
    0.010576810070367277
  ],
  "val_loss": [
    1.8882079389360216
  ],
  "val_contrastive_loss": [
    1.8882079389360216
  ],
  "val_reconstruction_loss": [
    0.010440082703199651
  ],
  "learning_rate": [
    0.0001
  ],
  "train_separation_ratio": [
    1.3954229977997867
  ],
  "val_separation_ratio": [
    2.3893068896399603
  ]
}