{
  "epoch": [
    1,
    2
  ],
  "train_loss": [
    1.9603039530180464,
    1.8969890665075633
  ],
  "train_contrastive_loss": [
    1.9603039530180464,
    1.8969890665075633
  ],
  "train_reconstruction_loss": [
    0.010576810070367277,
    0.010512847540071113
  ],
  "val_loss": [
    1.8882079389360216,
    1.8794993427064683
  ],
  "val_contrastive_loss": [
    1.8882079389360216,
    1.8794993427064683
  ],
  "val_reconstruction_loss": [
    0.010440082703199651,
    0.010441991810997328
  ],
  "learning_rate": [
    0.0001,
    0.0001
  ],
  "train_separation_ratio": [
    1.3954229977997867,
    2.2037325230511753
  ],
  "val_separation_ratio": [
    2.3893068896399603,
    2.6850207646687827
  ]
}