{
  "epoch": [
    1,
    2,
    3,
    4,
    5,
    6,
    7,
    8,
    9
  ],
  "train_loss": [
    1.9603039530180464,
    1.8969890665075633,
    1.884314873809033,
    1.236672366797591,
    1.2147734724609545,
    1.2002339807080602,
    1.1642417654644843,
    1.155748675211404,
    1.1547139661050154
  ],
  "train_contrastive_loss": [
    1.9603039530180464,
    1.8969890665075633,
    1.884314873809033,
    1.236672366797591,
    1.2147734724609545,
    1.2002339807080602,
    1.1642417654644843,
    1.155748675211404,
    1.1547139661050154
  ],
  "train_reconstruction_loss": [
    0.010576810070367277,
    0.010512847540071113,
    0.010513111220558263,
    0.010512980353260617,
    0.010513149857437811,
    0.010513079706475388,
    0.010513215192231164,
    0.01051309438217674,
    0.010513083230586136
  ],
  "val_loss": [
    1.8882079389360216,
    1.8794993427064683,
    1.8801400396558974,
    1.2233321401807997,
    1.2120378414789836,
    1.1961069107055664,
    1.1723546584447224,
    1.1807020240359836,
    1.1698862844043307
  ],
  "val_contrastive_loss": [
    1.8882079389360216,
    1.8794993427064683,
    1.8801400396558974,
    1.2233321401807997,
    1.2120378414789836,
    1.1961069107055664,
    1.1723546584447224,
    1.1807020240359836,
    1.1698862844043307
  ],
  "val_reconstruction_loss": [
    0.010440082703199651,
    0.010441991810997328,
    0.01043816034992536,
    0.010445605239106549,
    0.010442625317308638,
    0.010440671195586523,
    0.010439868912928633,
    0.010442281969719462,
    0.010436979536381032
  ],
  "learning_rate": [
    0.0001,
    0.0001,
    0.0001,
    0.0001,
    0.0001,
    0.0001,
    0.0001,
    0.0001,
    0.0001
  ],
  "train_separation_ratio": [
    1.3954229977997867,
    2.2037325230511753,
    2.506555340506814,
    2.5590679320422085,
    2.8181731700897217,
    3.031089565970681,
    3.214666149832986,
    3.324115677313371,
    3.4139040275053545
  ],
  "val_separation_ratio": [
    2.3893068896399603,
    2.6850207646687827,
    2.6292924086252847,
    2.5550071663326688,
    2.863680813047621,
    2.8776463402642145,
    2.949618869357639,
    2.853146606021457,
    2.9425625801086426
  ]
}