{
  "epoch": [
    1,
    2,
    3,
    4,
    5,
    6,
    7,
    8,
    9,
    10,
    11,
    12,
    13,
    14,
    15,
    16,
    17,
    18,
    19,
    20
  ],
  "train_loss": [
    1.9603039530180464,
    1.8969890665075633,
    1.884314873809033,
    1.236672366797591,
    1.2147734724609545,
    1.2002339807080602,
    1.1642417654644843,
    1.155748675211404,
    1.1547139661050154,
    1.150239154835209,
    1.148356612168211,
    1.1464700419143592,
    1.1404276014040302,
    1.1394076351790898,
    1.141141997147317,
    1.137345591292923,
    1.1368544616734737,
    1.1385673788450728,
    1.108587725646447,
    1.1082509518557642
  ],
  "train_contrastive_loss": [
    1.9603039530180464,
    1.8969890665075633,
    1.884314873809033,
    1.236672366797591,
    1.2147734724609545,
    1.2002339807080602,
    1.1642417654644843,
    1.155748675211404,
    1.1547139661050154,
    1.150239154835209,
    1.148356612168211,
    1.1464700419143592,
    1.1404276014040302,
    1.1394076351790898,
    1.141141997147317,
    1.137345591292923,
    1.1368544616734737,
    1.1385673788450728,
    1.108587725646447,
    1.1082509518557642
  ],
  "train_reconstruction_loss": [
    0.010576810070367277,
    0.010512847540071113,
    0.010513111220558263,
    0.010512980353260617,
    0.010513149857437811,
    0.010513079706475388,
    0.010513215192231164,
    0.01051309438217674,
    0.010513083230586136,
    0.010513122580265644,
    0.010513160963936447,
    0.010513010287390297,
    0.010513174593850998,
    0.010513074125477166,
    0.010513193629598818,
    0.010513042966927118,
    0.01051316394520927,
    0.010513159784608046,
    0.010513138211569862,
    0.010513178945225932
  ],
  "val_loss": [
    1.8882079389360216,
    1.8794993427064683,
    1.8801400396558974,
    1.2233321401807997,
    1.2120378414789836,
    1.1961069107055664,
    1.1723546584447224,
    1.1807020240359836,
    1.1698862844043307,
    1.176835881339179,
    1.1602500809563532,
    1.1798383129967585,
    1.164668983883328,
    1.1643961138195462,
    1.1771035061942206,
    1.1579637395011053,
    1.1609665022956,
    1.1608335309558444,
    1.1450887786017523,
    1.1388139592276678
  ],
  "val_contrastive_loss": [
    1.8882079389360216,
    1.8794993427064683,
    1.8801400396558974,
    1.2233321401807997,
    1.2120378414789836,
    1.1961069107055664,
    1.1723546584447224,
    1.1807020240359836,
    1.1698862844043307,
    1.176835881339179,
    1.1602500809563532,
    1.1798383129967585,
    1.164668983883328,
    1.1643961138195462,
    1.1771035061942206,
    1.1579637395011053,
    1.1609665022956,
    1.1608335309558444,
    1.1450887786017523,
    1.1388139592276678
  ],
  "val_reconstruction_loss": [
    0.010440082703199651,
    0.010441991810997328,
    0.01043816034992536,
    0.010445605239106549,
    0.010442625317308638,
    0.010440671195586523,
    0.010439868912928633,
    0.010442281969719462,
    0.010436979536381032,
    0.010440245995091068,
    0.010439707069761224,
    0.01044162217941549,
    0.010443375135461489,
    0.010443192078835435,
    0.010441178042027686,
    0.010440673575633101,
    0.010440289663771788,
    0.010440629803472094,
    0.010441049312551817,
    0.01044255050106181
  ],
  "learning_rate": [
    0.0001,
    0.0001,
    0.0001,
    0.0001,
    0.0001,
    0.0001,
    0.0001,
    0.0001,
    0.0001,
    0.0001,
    0.0001,
    0.0001,
    0.0001,
    0.0001,
    0.0001,
    0.0001,
    0.0001,
    0.0001,
    0.0001,
    0.0001
  ],
  "train_separation_ratio": [
    1.3954229977997867,
    2.2037325230511753,
    2.506555340506814,
    2.5590679320422085,
    2.8181731700897217,
    3.031089565970681,
    3.214666149832986,
    3.324115677313371,
    3.4139040275053545,
    3.4088707620447334,
    3.3843279643492266,
    3.4929924553090874,
    3.49005126953125,
    3.5712647438049316,
    3.471168734810569,
    3.5847454179417,
    3.4941659407182173,
    3.4015548662705855,
    3.4822444048794834,
    3.426815997470509
  ],
  "val_separation_ratio": [
    2.3893068896399603,
    2.6850207646687827,
    2.6292924086252847,
    2.5550071663326688,
    2.863680813047621,
    2.8776463402642145,
    2.949618869357639,
    2.853146606021457,
    2.9425625801086426,
    2.9439291689130993,
    3.1244287490844727,
    2.914399915271335,
    2.97208579381307,
    2.8695976734161377,
    2.9150000943077936,
    2.871203793419732,
    3.012867901060316,
    3.002796014149984,
    2.9763896465301514,
    3.127661122216119
  ]
}