{
  "subsumption_metrics_by_class": {
    "bert_embeddings": {
      "entailment": {
        "containment_proxy_score": 0.07791418021287032,
        "asymmetric_energy_score": "35.144466",
        "lattice_height_score": 0.1264062373185899,
        "subsumption_distance_score": 5.3741219555799695,
        "num_tests": 183416
      },
      "neutral": {
        "containment_proxy_score": 0.08632318547632654,
        "asymmetric_energy_score": "39.058453",
        "lattice_height_score": 0.15315272892555412,
        "subsumption_distance_score": 5.258499491383769,
        "num_tests": 182764
      },
      "contradiction": {
        "containment_proxy_score": 0.08507478576763251,
        "asymmetric_energy_score": "38.828968",
        "lattice_height_score": 0.17873243305889516,
        "subsumption_distance_score": 5.130746511867595,
        "num_tests": 183187
      }
    },
    "order_embeddings": {
      "entailment": {
        "containment_proxy_score": 0.06725706112631058,
        "asymmetric_energy_score": "0.09579724",
        "lattice_height_score": 0.008913137200013672,
        "subsumption_distance_score": 0.7000355160667886,
        "num_tests": 183416
      },
      "neutral": {
        "containment_proxy_score": 0.09841022860375491,
        "asymmetric_energy_score": "0.28286195",
        "lattice_height_score": 0.05257047324676736,
        "subsumption_distance_score": 0.710747718623409,
        "num_tests": 182764
      },
      "contradiction": {
        "containment_proxy_score": 0.10613641928018001,
        "asymmetric_energy_score": "0.33210635",
        "lattice_height_score": 0.07128924345165434,
        "subsumption_distance_score": 0.7196941594532296,
        "num_tests": 183187
      }
    },
    "hyperbolic_embeddings": {
      "entailment": {
        "containment_proxy_score": 0.08804804782183329,
        "asymmetric_energy_score": "0.0010453078",
        "lattice_height_score": 0.0007657733636886257,
        "subsumption_distance_score": 3.6513923781086945,
        "num_tests": 183416
      },
      "neutral": {
        "containment_proxy_score": 0.12661134753594672,
        "asymmetric_energy_score": "0.0016900268",
        "lattice_height_score": 0.0034103242470321787,
        "subsumption_distance_score": 3.4046594389523004,
        "num_tests": 182764
      },
      "contradiction": {
        "containment_proxy_score": 0.1360165623855622,
        "asymmetric_energy_score": "0.0019628943",
        "lattice_height_score": 0.004544666501752844,
        "subsumption_distance_score": 3.2770335416366687,
        "num_tests": 183187
      }
    }
  },
  "timestamp": "2025-06-29T16:20:52.111092"
}