{
  "subsumption_metrics_by_class": {
    "bert_embeddings": {
      "entailment": {
        "containment_proxy_score": 0.06887313634157181,
        "asymmetric_energy_score": "31.21454",
        "lattice_height_score": 0.13299040794372557,
        "subsumption_distance_score": 4.243848613500595,
        "num_tests": 100
      },
      "neutral": {
        "containment_proxy_score": 0.08624155789613724,
        "asymmetric_energy_score": "39.273125",
        "lattice_height_score": 0.18143930435180664,
        "subsumption_distance_score": 3.6481645303964614,
        "num_tests": 100
      },
      "contradiction": {
        "containment_proxy_score": 0.0846109727025032,
        "asymmetric_energy_score": "38.996162",
        "lattice_height_score": 0.11814634323120117,
        "subsumption_distance_score": 4.15666721612215,
        "num_tests": 100
      }
    },
    "order_embeddings": {
      "entailment": {
        "containment_proxy_score": 0.06692112296819687,
        "asymmetric_energy_score": "0.09464396",
        "lattice_height_score": 0.008102874755859375,
        "subsumption_distance_score": 0.7026990832388401,
        "num_tests": 100
      },
      "neutral": {
        "containment_proxy_score": 0.10417187705636025,
        "asymmetric_energy_score": "0.29701236",
        "lattice_height_score": 0.0516450047492981,
        "subsumption_distance_score": 0.7107579456269741,
        "num_tests": 100
      },
      "contradiction": {
        "containment_proxy_score": 0.10644351184368134,
        "asymmetric_energy_score": "0.35262907",
        "lattice_height_score": 0.07751961171627045,
        "subsumption_distance_score": 0.718751834332943,
        "num_tests": 100
      }
    },
    "hyperbolic_embeddings": {
      "entailment": {
        "containment_proxy_score": 0.09450584024190903,
        "asymmetric_energy_score": "0.0012010236",
        "lattice_height_score": 0.0005754028260707855,
        "subsumption_distance_score": 2.6731877759099008,
        "num_tests": 100
      },
      "neutral": {
        "containment_proxy_score": 0.12710557863116265,
        "asymmetric_energy_score": "0.00178595",
        "lattice_height_score": 0.002983313947916031,
        "subsumption_distance_score": 2.5572453524405137,
        "num_tests": 100
      },
      "contradiction": {
        "containment_proxy_score": 0.13508381813764572,
        "asymmetric_energy_score": "0.0018448769",
        "lattice_height_score": 0.004758709147572517,
        "subsumption_distance_score": 3.7612943728268147,
        "num_tests": 100
      }
    }
  },
  "timestamp": "2025-06-28T19:54:46.009764"
}