{
  "subsumption_metrics_by_class": {
    "bert_embeddings": {
      "entailment": {
        "containment_proxy_score": 0.08256947427988053,
        "asymmetric_energy_score": "37.082165",
        "lattice_height_score": 0.12878710746765137,
        "subsumption_distance_score": 3.721439977195114,
        "num_tests": 100
      },
      "neutral": {
        "containment_proxy_score": 0.08710962682962417,
        "asymmetric_energy_score": "38.908276",
        "lattice_height_score": 0.10420120239257813,
        "subsumption_distance_score": 4.225463645160199,
        "num_tests": 100
      },
      "contradiction": {
        "containment_proxy_score": 0.08993981212377548,
        "asymmetric_energy_score": "41.223377",
        "lattice_height_score": 0.22975367546081543,
        "subsumption_distance_score": 3.316931491792202,
        "num_tests": 100
      }
    },
    "order_embeddings": {
      "entailment": {
        "containment_proxy_score": 0.06409471809864044,
        "asymmetric_energy_score": "0.0995634",
        "lattice_height_score": 0.0091259503364563,
        "subsumption_distance_score": 0.6930985447764396,
        "num_tests": 100
      },
      "neutral": {
        "containment_proxy_score": 0.11063585966825486,
        "asymmetric_energy_score": "0.30611032",
        "lattice_height_score": 0.05508204519748688,
        "subsumption_distance_score": 0.7170409055054188,
        "num_tests": 100
      },
      "contradiction": {
        "containment_proxy_score": 0.10548433899879456,
        "asymmetric_energy_score": "0.3469226",
        "lattice_height_score": 0.07699077546596528,
        "subsumption_distance_score": 0.7113261941075325,
        "num_tests": 100
      }
    }
  },
  "timestamp": "2025-06-28T19:39:53.256004"
}