{
  "subsumption_metrics_by_class": {
    "sbert_embeddings": {
      "entailment": {
        "containment_proxy_score": 0.1601673202773433,
        "asymmetric_energy_score": "2.5841162",
        "lattice_height_score": 0.1269562814269172,
        "subsumption_distance_score": 4.228076629037717,
        "containment_proxy_std": 0.07269580931782253,
        "asymmetric_energy_std": "1.1637856",
        "lattice_height_std": 0.12297520405080836,
        "subsumption_distance_std": 32.341713596012156,
        "containment_proxy_snr": 2.203253829627229,
        "asymmetric_energy_snr": "2.2204401",
        "lattice_height_snr": 1.0323730089072591,
        "subsumption_distance_snr": 0.13073137316876904,
        "num_tests": 183416
      },
      "neutral": {
        "containment_proxy_score": 0.23051591317558656,
        "asymmetric_energy_score": "3.736261",
        "lattice_height_score": 0.13413365801416335,
        "subsumption_distance_score": 4.965443303985574,
        "containment_proxy_std": 0.08831918193720342,
        "asymmetric_energy_std": "1.4362762",
        "lattice_height_std": 0.13094935103421781,
        "subsumption_distance_std": 57.36247098093698,
        "containment_proxy_snr": 2.610032250292894,
        "asymmetric_energy_snr": "2.6013527",
        "lattice_height_snr": 1.0243170886666972,
        "subsumption_distance_snr": 0.08656257687427234,
        "num_tests": 182764
      },
      "contradiction": {
        "containment_proxy_score": 0.3436433061401944,
        "asymmetric_energy_score": "5.5686255",
        "lattice_height_score": 0.12645573531872595,
        "subsumption_distance_score": 5.537503267918544,
        "containment_proxy_std": 0.10199411174001657,
        "asymmetric_energy_std": "1.6983755",
        "lattice_height_std": 0.12735193379191925,
        "subsumption_distance_std": 51.471889515538074,
        "containment_proxy_snr": 3.3692465209770406,
        "asymmetric_energy_snr": "3.2787952",
        "lattice_height_snr": 0.9929628200647694,
        "subsumption_distance_snr": 0.1075830578600949,
        "num_tests": 183187
      }
    },
    "order_embeddings": {
      "entailment": {
        "containment_proxy_score": 0.0022767671266643885,
        "asymmetric_energy_score": "0.0021564486",
        "lattice_height_score": 0.006539973997529534,
        "subsumption_distance_score": 0.8580862973527186,
        "containment_proxy_std": 0.0032597685342139553,
        "asymmetric_energy_std": "0.0042286455",
        "lattice_height_std": 0.010757214632542133,
        "subsumption_distance_std": 0.03651210689116174,
        "containment_proxy_snr": 0.6984444149232814,
        "asymmetric_energy_snr": "0.509962",
        "lattice_height_snr": 0.6079616537300618,
        "subsumption_distance_snr": 23.501418307921043,
        "num_tests": 183416
      },
      "neutral": {
        "containment_proxy_score": 0.0030920282348699205,
        "asymmetric_energy_score": "0.0029265373",
        "lattice_height_score": 0.008665985633319275,
        "subsumption_distance_score": 0.864195475787197,
        "containment_proxy_std": 0.004062045058784294,
        "asymmetric_energy_std": "0.005201486",
        "lattice_height_std": 0.01352563075292991,
        "subsumption_distance_std": 0.032363296448479996,
        "containment_proxy_snr": 0.7611998858021817,
        "asymmetric_energy_snr": "0.5626349",
        "lattice_height_snr": 0.640708429175627,
        "subsumption_distance_snr": 26.702949656656056,
        "num_tests": 182764
      },
      "contradiction": {
        "containment_proxy_score": 0.005281902149505845,
        "asymmetric_energy_score": "0.00622769",
        "lattice_height_score": 0.015223956605853396,
        "subsumption_distance_score": 0.8718155056148371,
        "containment_proxy_std": 0.006669358929594969,
        "asymmetric_energy_std": "0.010492142",
        "lattice_height_std": 0.02069447602160204,
        "subsumption_distance_std": 0.029418516914245137,
        "containment_proxy_snr": 0.7919654955242625,
        "asymmetric_energy_snr": "0.5935575",
        "lattice_height_snr": 0.7356531564250183,
        "subsumption_distance_snr": 29.634923750785124,
        "num_tests": 183187
      }
    },
    "hyperbolic_embeddings": {
      "entailment": {
        "containment_proxy_score": 0.0029321866844480024,
        "asymmetric_energy_score": "8.844257e-06",
        "lattice_height_score": 0.000401713207662892,
        "subsumption_distance_score": 1.6098642972888892,
        "containment_proxy_std": 0.004244727536633586,
        "asymmetric_energy_std": "1.476221e-05",
        "lattice_height_std": 0.0006813573748179426,
        "subsumption_distance_std": 18.37944670403725,
        "containment_proxy_snr": 0.6907832503128022,
        "asymmetric_energy_snr": "0.59911466",
        "lattice_height_snr": 0.5895778375778629,
        "subsumption_distance_snr": 0.08759046576387225,
        "num_tests": 183416
      },
      "neutral": {
        "containment_proxy_score": 0.003969664013092778,
        "asymmetric_energy_score": "1.1788381e-05",
        "lattice_height_score": 0.0005262786583371497,
        "subsumption_distance_score": 1.6311827997191783,
        "containment_proxy_std": 0.005308118399006999,
        "asymmetric_energy_std": "1.765348e-05",
        "lattice_height_std": 0.0008490167387027943,
        "subsumption_distance_std": 7.458584201107594,
        "containment_proxy_snr": 0.7478476768407034,
        "asymmetric_energy_snr": "0.6677653",
        "lattice_height_snr": 0.6198684128904767,
        "subsumption_distance_snr": 0.21869871757658096,
        "num_tests": 182764
      },
      "contradiction": {
        "containment_proxy_score": 0.006840419162493494,
        "asymmetric_energy_score": "2.2756041e-05",
        "lattice_height_score": 0.0008408770368963372,
        "subsumption_distance_score": 1.9020838550530554,
        "containment_proxy_std": 0.009062348388552,
        "asymmetric_energy_std": "3.6422338e-05",
        "lattice_height_std": 0.0012017038036618557,
        "subsumption_distance_std": 14.833869008966309,
        "containment_proxy_snr": 0.7548175008516165,
        "asymmetric_energy_snr": "0.62478256",
        "lattice_height_snr": 0.6997373515287211,
        "subsumption_distance_snr": 0.1282257416391734,
        "num_tests": 183187
      }
    }
  },
  "timestamp": "2025-06-29T19:15:33.396652"
}