{
  "subsumption_metrics_by_class": {
    "sbert_embeddings": {
      "entailment": {
        "containment_proxy_score": 0.16470070387570812,
        "asymmetric_energy_score": "2.6379714",
        "lattice_height_score": 0.14610720572732125,
        "subsumption_distance_score": 3.997116315074601,
        "containment_proxy_std": 0.0749027933604197,
        "asymmetric_energy_std": "1.1893401",
        "lattice_height_std": 0.13840978597280132,
        "subsumption_distance_std": 12.219511150400523,
        "containment_proxy_snr": 2.198859301323996,
        "asymmetric_energy_snr": "2.2180126",
        "lattice_height_snr": 1.0556132624613157,
        "subsumption_distance_snr": 0.3271093471643165,
        "num_tests": 3368
      },
      "neutral": {
        "containment_proxy_score": 0.23878522829909796,
        "asymmetric_energy_score": "3.8394027",
        "lattice_height_score": 0.1525736729822458,
        "subsumption_distance_score": 4.899148992608518,
        "containment_proxy_std": 0.085844929053313,
        "asymmetric_energy_std": "1.3789736",
        "lattice_height_std": 0.14379238291793245,
        "subsumption_distance_std": 22.098738436974692,
        "containment_proxy_snr": 2.7815880440742538,
        "asymmetric_energy_snr": "2.7842467",
        "lattice_height_snr": 1.0610692297193876,
        "subsumption_distance_snr": 0.2216936051160036,
        "num_tests": 3219
      },
      "contradiction": {
        "containment_proxy_score": 0.3489200436177938,
        "asymmetric_energy_score": "5.6114526",
        "lattice_height_score": 0.14361182863343303,
        "subsumption_distance_score": 4.897747458030974,
        "containment_proxy_std": 0.0999440676441625,
        "asymmetric_energy_std": "1.6487447",
        "lattice_height_std": 0.13735425080714322,
        "subsumption_distance_std": 11.706536029433575,
        "containment_proxy_snr": 3.491153120364052,
        "asymmetric_energy_snr": "3.4034696",
        "lattice_height_snr": 1.0455579480760007,
        "subsumption_distance_snr": 0.41837717371873606,
        "num_tests": 3237
      }
    },
    "order_embeddings": {
      "entailment": {
        "containment_proxy_score": 0.041326978577924736,
        "asymmetric_energy_score": "0.23147877",
        "lattice_height_score": 0.050019437655134044,
        "subsumption_distance_score": 0.17479271652296433,
        "containment_proxy_std": 0.02715409243552944,
        "asymmetric_energy_std": "0.23505893",
        "lattice_height_std": 0.11466197787029898,
        "subsumption_distance_std": 0.06425906260563931,
        "containment_proxy_snr": 1.5219429143524221,
        "asymmetric_energy_snr": "0.98476905",
        "lattice_height_snr": 0.43623386395544317,
        "subsumption_distance_snr": 2.7201255268175153,
        "num_tests": 3368
      },
      "neutral": {
        "containment_proxy_score": 0.05617583865018023,
        "asymmetric_energy_score": "0.603671",
        "lattice_height_score": 0.15653951236941718,
        "subsumption_distance_score": 0.22881705981672606,
        "containment_proxy_std": 0.030682553659922257,
        "asymmetric_energy_std": "0.4658128",
        "lattice_height_std": 0.21604056109796105,
        "subsumption_distance_std": 0.07025267109682562,
        "containment_proxy_snr": 1.8308723345787694,
        "asymmetric_energy_snr": "1.295952",
        "lattice_height_snr": 0.7245839002354572,
        "subsumption_distance_snr": 3.25705850388748,
        "num_tests": 3219
      },
      "contradiction": {
        "containment_proxy_score": 0.09750500758249597,
        "asymmetric_energy_score": "1.4902192",
        "lattice_height_score": 0.34256081298283675,
        "subsumption_distance_score": 0.2886204646349616,
        "containment_proxy_std": 0.04484629994509292,
        "asymmetric_energy_std": "1.1471263",
        "lattice_height_std": 0.3783703933974843,
        "subsumption_distance_std": 0.08139627669277404,
        "containment_proxy_snr": 2.174204063699239,
        "asymmetric_energy_snr": "1.2990891",
        "lattice_height_snr": 0.90535839738119,
        "subsumption_distance_snr": 3.5458681448580793,
        "num_tests": 3237
      }
    },
    "hyperbolic_embeddings": {
      "entailment": {
        "containment_proxy_score": 0.0431563573449213,
        "asymmetric_energy_score": "0.0015528647",
        "lattice_height_score": 0.0034578536015508294,
        "subsumption_distance_score": 2.4392733696968163,
        "containment_proxy_std": 0.03248028022837024,
        "asymmetric_energy_std": "0.001245767",
        "lattice_height_std": 0.007556242704707841,
        "subsumption_distance_std": 10.076108578044916,
        "containment_proxy_snr": 1.3286941196777584,
        "asymmetric_energy_snr": "1.2465129",
        "lattice_height_snr": 0.4576154759291213,
        "subsumption_distance_snr": 0.2420848634969863,
        "num_tests": 3368
      },
      "neutral": {
        "containment_proxy_score": 0.058275710007869595,
        "asymmetric_energy_score": "0.0021229181",
        "lattice_height_score": 0.009983516583793761,
        "subsumption_distance_score": 2.7563892289800838,
        "containment_proxy_std": 0.03770449265051472,
        "asymmetric_energy_std": "0.001550145",
        "lattice_height_std": 0.013745224679026424,
        "subsumption_distance_std": 17.3856844618072,
        "containment_proxy_snr": 1.5455906156338124,
        "asymmetric_energy_snr": "1.3694965",
        "lattice_height_snr": 0.7263261835965052,
        "subsumption_distance_snr": 0.15854361299581318,
        "num_tests": 3219
      },
      "contradiction": {
        "containment_proxy_score": 0.10265588441131142,
        "asymmetric_energy_score": "0.004726338",
        "lattice_height_score": 0.02142905741976042,
        "subsumption_distance_score": 2.8294485229178847,
        "containment_proxy_std": 0.056770989859926395,
        "asymmetric_energy_std": "0.0033452995",
        "lattice_height_std": 0.02353102038109667,
        "subsumption_distance_std": 7.312454758633321,
        "containment_proxy_snr": 1.8082454553742833,
        "asymmetric_energy_snr": "1.4128296",
        "lattice_height_snr": 0.9106726811122549,
        "subsumption_distance_snr": 0.3869355252526309,
        "num_tests": 3237
      }
    }
  },
  "timestamp": "2025-06-30T22:01:20.587096"
}