{
  "subsumption_metrics_by_class": {
    "sbert_embeddings": {
      "entailment": {
        "containment_proxy_score": 0.16470070387570812,
        "asymmetric_energy_score": "2.6379714",
        "lattice_height_score": 0.14610720572732125,
        "subsumption_distance_score": 3.997116315074601,
        "containment_proxy_std": 0.0749027933604197,
        "asymmetric_energy_std": "1.1893401",
        "lattice_height_std": 0.13840978597280132,
        "subsumption_distance_std": 12.219511150400523,
        "containment_proxy_snr": 2.198859301323996,
        "asymmetric_energy_snr": "2.2180126",
        "lattice_height_snr": 1.0556132624613157,
        "subsumption_distance_snr": 0.3271093471643165,
        "num_tests": 3368
      },
      "neutral": {
        "containment_proxy_score": 0.23878522829909796,
        "asymmetric_energy_score": "3.8394027",
        "lattice_height_score": 0.1525736729822458,
        "subsumption_distance_score": 4.899148992608518,
        "containment_proxy_std": 0.085844929053313,
        "asymmetric_energy_std": "1.3789736",
        "lattice_height_std": 0.14379238291793245,
        "subsumption_distance_std": 22.098738436974692,
        "containment_proxy_snr": 2.7815880440742538,
        "asymmetric_energy_snr": "2.7842467",
        "lattice_height_snr": 1.0610692297193876,
        "subsumption_distance_snr": 0.2216936051160036,
        "num_tests": 3219
      },
      "contradiction": {
        "containment_proxy_score": 0.3489200436177938,
        "asymmetric_energy_score": "5.6114526",
        "lattice_height_score": 0.14361182863343303,
        "subsumption_distance_score": 4.897747458030974,
        "containment_proxy_std": 0.0999440676441625,
        "asymmetric_energy_std": "1.6487447",
        "lattice_height_std": 0.13735425080714322,
        "subsumption_distance_std": 11.706536029433575,
        "containment_proxy_snr": 3.491153120364052,
        "asymmetric_energy_snr": "3.4034696",
        "lattice_height_snr": 1.0455579480760007,
        "subsumption_distance_snr": 0.41837717371873606,
        "num_tests": 3237
      }
    },
    "3way-order_embeddings": {
      "entailment": {
        "containment_proxy_score": 0.1223005576583506,
        "asymmetric_energy_score": "0.36242253",
        "lattice_height_score": 0.0887982846368237,
        "subsumption_distance_score": 0.7327271908152635,
        "containment_proxy_std": 0.09475238944195269,
        "asymmetric_energy_std": "0.3670522",
        "lattice_height_std": 0.1587890100072351,
        "subsumption_distance_std": 0.1204935702727715,
        "containment_proxy_snr": 1.290738506739975,
        "asymmetric_energy_snr": "0.9873869",
        "lattice_height_snr": 0.5592218544140911,
        "subsumption_distance_snr": 6.081048052244837,
        "num_tests": 3368
      },
      "neutral": {
        "containment_proxy_score": 0.14676544309685452,
        "asymmetric_energy_score": "0.9315167",
        "lattice_height_score": 0.24753432714187348,
        "subsumption_distance_score": 0.7329263267734843,
        "containment_proxy_std": 0.08143612762576939,
        "asymmetric_energy_std": "0.66456586",
        "lattice_height_std": 0.27164665695587176,
        "subsumption_distance_std": 0.10996003936921193,
        "containment_proxy_snr": 1.8022153972165607,
        "asymmetric_energy_snr": "1.401692",
        "lattice_height_snr": 0.9112364198249079,
        "subsumption_distance_snr": 6.665387998930625,
        "num_tests": 3219
      },
      "contradiction": {
        "containment_proxy_score": 0.22949473715501217,
        "asymmetric_energy_score": "1.8270223",
        "lattice_height_score": 0.39619803375250623,
        "subsumption_distance_score": 0.77283783873214,
        "containment_proxy_std": 0.09977631358857071,
        "asymmetric_energy_std": "1.1132115",
        "lattice_height_std": 0.3722686786730757,
        "subsumption_distance_std": 0.10699661347997634,
        "containment_proxy_snr": 2.3000923656223415,
        "asymmetric_energy_snr": "1.6412176",
        "lattice_height_snr": 1.0642797969593492,
        "subsumption_distance_snr": 7.22301214586358,
        "num_tests": 3237
      }
    },
    "hyperbolic_embeddings": {
      "entailment": {
        "containment_proxy_score": 0.1287884088778551,
        "asymmetric_energy_score": "0.0014886373",
        "lattice_height_score": 0.005557227396404021,
        "subsumption_distance_score": 595.3311396355284,
        "containment_proxy_std": 0.1062711492875972,
        "asymmetric_energy_std": "0.0012810591",
        "lattice_height_std": 0.009804425653472436,
        "subsumption_distance_std": 19905.257060083124,
        "containment_proxy_snr": 1.2118849729320265,
        "asymmetric_energy_snr": "1.1620364",
        "lattice_height_snr": 0.5668080510596576,
        "subsumption_distance_snr": 0.029908236695388966,
        "num_tests": 3368
      },
      "neutral": {
        "containment_proxy_score": 0.15590753935055554,
        "asymmetric_energy_score": "0.0021744107",
        "lattice_height_score": 0.014623383535740537,
        "subsumption_distance_score": 3.4606778173074972,
        "containment_proxy_std": 0.09735889219485952,
        "asymmetric_energy_std": "0.0016277346",
        "lattice_height_std": 0.01687299929154035,
        "subsumption_distance_std": 12.411310544357304,
        "containment_proxy_snr": 1.601369282617899,
        "asymmetric_energy_snr": "1.3358508",
        "lattice_height_snr": 0.8666736294520141,
        "subsumption_distance_snr": 0.2788325862074948,
        "num_tests": 3219
      },
      "contradiction": {
        "containment_proxy_score": 0.23157527861311067,
        "asymmetric_energy_score": "0.0041566794",
        "lattice_height_score": 0.025593759889657165,
        "subsumption_distance_score": 3.8220129280805972,
        "containment_proxy_std": 0.1119155033849972,
        "asymmetric_energy_std": "0.0027478514",
        "lattice_height_std": 0.02437032273872357,
        "subsumption_distance_std": 15.129349050166423,
        "containment_proxy_snr": 2.0691974892564744,
        "asymmetric_energy_snr": "1.5127016",
        "lattice_height_snr": 1.0502019265009401,
        "subsumption_distance_snr": 0.25262243044346677,
        "num_tests": 3237
      }
    }
  },
  "timestamp": "2025-07-01T18:43:46.078983"
}