{
  "subsumption_metrics_by_class": {
    "sbert_embeddings": {
      "entailment": {
        "containment_proxy_score": 0.16470070387570812,
        "asymmetric_energy_score": "2.6379714",
        "lattice_height_score": 0.14610720572732125,
        "subsumption_distance_score": 3.997116315074601,
        "containment_proxy_std": 0.0749027933604197,
        "asymmetric_energy_std": "1.1893401",
        "lattice_height_std": 0.13840978597280132,
        "subsumption_distance_std": 12.219511150400523,
        "containment_proxy_snr": 2.198859301323996,
        "asymmetric_energy_snr": "2.2180126",
        "lattice_height_snr": 1.0556132624613157,
        "subsumption_distance_snr": 0.3271093471643165,
        "num_tests": 3368
      },
      "neutral": {
        "containment_proxy_score": 0.23878522829909796,
        "asymmetric_energy_score": "3.8394027",
        "lattice_height_score": 0.1525736729822458,
        "subsumption_distance_score": 4.899148992608518,
        "containment_proxy_std": 0.085844929053313,
        "asymmetric_energy_std": "1.3789736",
        "lattice_height_std": 0.14379238291793245,
        "subsumption_distance_std": 22.098738436974692,
        "containment_proxy_snr": 2.7815880440742538,
        "asymmetric_energy_snr": "2.7842467",
        "lattice_height_snr": 1.0610692297193876,
        "subsumption_distance_snr": 0.2216936051160036,
        "num_tests": 3219
      },
      "contradiction": {
        "containment_proxy_score": 0.3489200436177938,
        "asymmetric_energy_score": "5.6114526",
        "lattice_height_score": 0.14361182863343303,
        "subsumption_distance_score": 4.897747458030974,
        "containment_proxy_std": 0.0999440676441625,
        "asymmetric_energy_std": "1.6487447",
        "lattice_height_std": 0.13735425080714322,
        "subsumption_distance_std": 11.706536029433575,
        "containment_proxy_snr": 3.491153120364052,
        "asymmetric_energy_snr": "3.4034696",
        "lattice_height_snr": 1.0455579480760007,
        "subsumption_distance_snr": 0.41837717371873606,
        "num_tests": 3237
      }
    },
    "order_embeddings": {
      "entailment": {
        "containment_proxy_score": 0.054030669627450144,
        "asymmetric_energy_score": "0.19229442",
        "lattice_height_score": 0.009893016336649444,
        "subsumption_distance_score": 0.28348491332911824,
        "containment_proxy_std": 0.03624735590200862,
        "asymmetric_energy_std": "0.17234853",
        "lattice_height_std": 0.03326580381963406,
        "subsumption_distance_std": 0.08739278393274803,
        "containment_proxy_snr": 1.4906099571377582,
        "asymmetric_energy_snr": "1.1157299",
        "lattice_height_snr": 0.2973929741872166,
        "subsumption_distance_snr": 3.2438022977648857,
        "num_tests": 3368
      },
      "neutral": {
        "containment_proxy_score": 0.07379568273993745,
        "asymmetric_energy_score": "0.53869593",
        "lattice_height_score": 0.03823388078339391,
        "subsumption_distance_score": 0.2972486380576791,
        "containment_proxy_std": 0.03766201104028374,
        "asymmetric_energy_std": "0.32456124",
        "lattice_height_std": 0.07392524928154366,
        "subsumption_distance_std": 0.06997458748194052,
        "containment_proxy_snr": 1.959419603509879,
        "asymmetric_energy_snr": "1.6597667",
        "lattice_height_snr": 0.5171965080263783,
        "subsumption_distance_snr": 4.247951274230733,
        "num_tests": 3219
      },
      "contradiction": {
        "containment_proxy_score": 0.1401152245177875,
        "asymmetric_energy_score": "1.1992265",
        "lattice_height_score": 0.0773508193723427,
        "subsumption_distance_score": 0.351880906198656,
        "containment_proxy_std": 0.05908589003533832,
        "asymmetric_energy_std": "0.64384866",
        "lattice_height_std": 0.10957812339739419,
        "subsumption_distance_std": 0.08161027949758316,
        "containment_proxy_snr": 2.3713821427414707,
        "asymmetric_energy_snr": "1.8625907",
        "lattice_height_snr": 0.7058965510097623,
        "subsumption_distance_snr": 4.311722841349621,
        "num_tests": 3237
      }
    },
    "hyperbolic_embeddings": {
      "entailment": {
        "containment_proxy_score": 0.06151178692447601,
        "asymmetric_energy_score": "0.0012589069",
        "lattice_height_score": 0.001160290724909787,
        "subsumption_distance_score": 4.959709139543315,
        "containment_proxy_std": 0.045136655829184615,
        "asymmetric_energy_std": "0.0009746546",
        "lattice_height_std": 0.003135705632607122,
        "subsumption_distance_std": 140.05102112814797,
        "containment_proxy_snr": 1.362790082571946,
        "asymmetric_energy_snr": "1.2916441",
        "lattice_height_snr": 0.370025398061707,
        "subsumption_distance_snr": 0.03541358784528344,
        "num_tests": 3368
      },
      "neutral": {
        "containment_proxy_score": 0.08654509086662955,
        "asymmetric_energy_score": "0.001760045",
        "lattice_height_score": 0.0025650698375668576,
        "subsumption_distance_score": 3.418191476048086,
        "containment_proxy_std": 0.05086791759845956,
        "asymmetric_energy_std": "0.0011977967",
        "lattice_height_std": 0.005254407128747252,
        "subsumption_distance_std": 26.35285625132124,
        "containment_proxy_snr": 1.7013688578682924,
        "asymmetric_energy_snr": "1.4694021",
        "lattice_height_snr": 0.48817493100851855,
        "subsumption_distance_snr": 0.12970857668897692,
        "num_tests": 3219
      },
      "contradiction": {
        "containment_proxy_score": 0.15748100913485646,
        "asymmetric_energy_score": "0.0036579294",
        "lattice_height_score": 0.0067115379983641536,
        "subsumption_distance_score": 3.8661091658650704,
        "containment_proxy_std": 0.07586583137890167,
        "asymmetric_energy_std": "0.0021916688",
        "lattice_height_std": 0.009808494527618145,
        "subsumption_distance_std": 22.388757044256725,
        "containment_proxy_snr": 2.0757830801107127,
        "asymmetric_energy_snr": "1.6690155",
        "lattice_height_snr": 0.684257709423829,
        "subsumption_distance_snr": 0.17268083075012974,
        "num_tests": 3237
      }
    }
  },
  "timestamp": "2025-06-30T19:50:59.377929"
}