{
  "subsumption_metrics_by_class": {
    "bert_embeddings": {
      "entailment": {
        "containment_proxy_score": 0.07791418021287032,
        "asymmetric_energy_score": "35.144466",
        "lattice_height_score": 0.1264062373185899,
        "subsumption_distance_score": 5.3741219555799695,
        "containment_proxy_std": 0.043738234724075335,
        "asymmetric_energy_std": "18.812191",
        "lattice_height_std": 0.2812224990273048,
        "subsumption_distance_std": 109.78974696809948,
        "containment_proxy_snr": 1.7813745960346938,
        "asymmetric_energy_snr": "1.868175",
        "lattice_height_snr": 0.4494883508816154,
        "subsumption_distance_snr": 0.04894921524085009,
        "num_tests": 183416
      },
      "neutral": {
        "containment_proxy_score": 0.08632318547632654,
        "asymmetric_energy_score": "39.058453",
        "lattice_height_score": 0.15315272892555412,
        "subsumption_distance_score": 5.258499491383769,
        "containment_proxy_std": 0.04562740141561531,
        "asymmetric_energy_std": "19.667513",
        "lattice_height_std": 0.32022550304683234,
        "subsumption_distance_std": 57.369637634428294,
        "containment_proxy_snr": 1.8919154455020903,
        "asymmetric_energy_snr": "1.9859376",
        "lattice_height_snr": 0.4782652457982269,
        "subsumption_distance_snr": 0.09165997395507466,
        "num_tests": 182764
      },
      "contradiction": {
        "containment_proxy_score": 0.08507478576763251,
        "asymmetric_energy_score": "38.828968",
        "lattice_height_score": 0.17873243305889516,
        "subsumption_distance_score": 5.130746511867595,
        "containment_proxy_std": 0.04403163937569263,
        "asymmetric_energy_std": "19.178846",
        "lattice_height_std": 0.3454001611137442,
        "subsumption_distance_std": 109.36094317984576,
        "containment_proxy_snr": 1.9321285097233396,
        "asymmetric_energy_snr": "2.0245726",
        "lattice_height_snr": 0.5174648224904462,
        "subsumption_distance_snr": 0.04691571197799568,
        "num_tests": 183187
      }
    },
    "order_embeddings": {
      "entailment": {
        "containment_proxy_score": 0.06725706112631058,
        "asymmetric_energy_score": "0.09579724",
        "lattice_height_score": 0.008913137200013672,
        "subsumption_distance_score": 0.7000355160667886,
        "containment_proxy_std": 0.040205728842287354,
        "asymmetric_energy_std": "0.11504211",
        "lattice_height_std": 0.0379528014169505,
        "subsumption_distance_std": 0.07216589027888323,
        "containment_proxy_snr": 1.672822830550738,
        "asymmetric_energy_snr": "0.83271456",
        "lattice_height_snr": 0.2348479392099072,
        "subsumption_distance_snr": 9.70036555166879,
        "num_tests": 183416
      },
      "neutral": {
        "containment_proxy_score": 0.09841022860375491,
        "asymmetric_energy_score": "0.28286195",
        "lattice_height_score": 0.05257047324676736,
        "subsumption_distance_score": 0.710747718623409,
        "containment_proxy_std": 0.05524228182499391,
        "asymmetric_energy_std": "0.2194589",
        "lattice_height_std": 0.09883186362674623,
        "subsumption_distance_std": 0.06688459821442194,
        "containment_proxy_snr": 1.7814294658485672,
        "asymmetric_energy_snr": "1.2889063",
        "lattice_height_snr": 0.5319182631758099,
        "subsumption_distance_snr": 10.626478107035329,
        "num_tests": 182764
      },
      "contradiction": {
        "containment_proxy_score": 0.10613641928018001,
        "asymmetric_energy_score": "0.33210635",
        "lattice_height_score": 0.07128924345165434,
        "subsumption_distance_score": 0.7196941594532296,
        "containment_proxy_std": 0.06139382386527554,
        "asymmetric_energy_std": "0.30598798",
        "lattice_height_std": 0.13005758493512268,
        "subsumption_distance_std": 0.06925703325532122,
        "containment_proxy_snr": 1.728780072619177,
        "asymmetric_energy_snr": "1.0853575",
        "lattice_height_snr": 0.5481359928928092,
        "subsumption_distance_snr": 10.391640034594369,
        "num_tests": 183187
      }
    },
    "hyperbolic_embeddings": {
      "entailment": {
        "containment_proxy_score": 0.08804804782183329,
        "asymmetric_energy_score": "0.0010453078",
        "lattice_height_score": 0.0007657733636886257,
        "subsumption_distance_score": 3.6513923781086945,
        "containment_proxy_std": 0.06139099605291156,
        "asymmetric_energy_std": "0.0007951174",
        "lattice_height_std": 0.003048303958618434,
        "subsumption_distance_std": 32.46691976521388,
        "containment_proxy_snr": 1.4342176130510507,
        "asymmetric_energy_snr": "1.3146585",
        "lattice_height_snr": 0.25121292826575375,
        "subsumption_distance_snr": 0.11246500759893199,
        "num_tests": 183416
      },
      "neutral": {
        "containment_proxy_score": 0.12661134753594672,
        "asymmetric_energy_score": "0.0016900268",
        "lattice_height_score": 0.0034103242470321787,
        "subsumption_distance_score": 3.4046594389523004,
        "containment_proxy_std": 0.07883611215628394,
        "asymmetric_energy_std": "0.001184105",
        "lattice_height_std": 0.0068002067198276025,
        "subsumption_distance_std": 59.42882762074474,
        "containment_proxy_snr": 1.6060069944209527,
        "asymmetric_energy_snr": "1.4272609",
        "lattice_height_snr": 0.5015030259431049,
        "subsumption_distance_snr": 0.057289695510732916,
        "num_tests": 182764
      },
      "contradiction": {
        "containment_proxy_score": 0.1360165623855622,
        "asymmetric_energy_score": "0.0019628943",
        "lattice_height_score": 0.004544666501752844,
        "subsumption_distance_score": 3.2770335416366687,
        "containment_proxy_std": 0.08866726976492827,
        "asymmetric_energy_std": "0.0015529761",
        "lattice_height_std": 0.008559227824760658,
        "subsumption_distance_std": 68.27558454318697,
        "containment_proxy_snr": 1.5340109461604583,
        "asymmetric_energy_snr": "1.2639565",
        "lattice_height_snr": 0.5309668809849593,
        "subsumption_distance_snr": 0.047997151010312,
        "num_tests": 183187
      }
    }
  },
  "timestamp": "2025-06-29T17:15:59.552450"
}