{
  "epoch": [
    1,
    2,
    3,
    4,
    5,
    6,
    7,
    8,
    9,
    10,
    11,
    12,
    13,
    14,
    15,
    16,
    17,
    18,
    19,
    20,
    21,
    22,
    23,
    24,
    25,
    26,
    27,
    28,
    29,
    30,
    31,
    32,
    33
  ],
  "train_loss": [
    5.954419967626504,
    2.9965127078292535,
    2.986772058174375,
    2.7785187961890934,
    2.7115411864978642,
    2.693241524740748,
    2.148398332311676,
    2.1251548131306968,
    2.110337939342307,
    2.0167673575367564,
    2.0061318157327466,
    1.9964333610605705,
    1.9703781498211057,
    1.9623699092776195,
    1.9553960393038985,
    1.9295709079870298,
    1.925095177007565,
    1.9204875719169887,
    1.909342927861702,
    1.9050958198764028,
    1.9014620994056404,
    1.870272051688679,
    1.8637862258783267,
    1.8628760862616853,
    1.8511953225126923,
    1.8491784533974844,
    1.845542838897563,
    1.8217580487164262,
    1.819507165772067,
    1.8172040820343756,
    1.8203527707627365,
    1.8176171624238708,
    1.8162591927988347
  ],
  "train_contrastive_loss": [
    2.42819470067264,
    1.9995370406234287,
    1.984991202585302,
    1.7618863294022487,
    1.7174879860833592,
    1.7041825833045348,
    1.1591045832056794,
    1.136477089017019,
    1.123019750335807,
    1.030230561781196,
    1.0225194553867176,
    1.0174320663153793,
    0.9968214289214136,
    0.992596882903598,
    0.9883256385890243,
    0.9654844533131776,
    0.9627884402177409,
    0.9601377002353775,
    0.9520249925068193,
    0.9484588154201401,
    0.9459945148817875,
    0.9158356802423573,
    0.909802404417894,
    0.9094048980450053,
    0.8982893936682902,
    0.8964318923888038,
    0.8934160344427524,
    0.8699333527900653,
    0.8680657769936645,
    0.8659603927610529,
    0.8693084495915603,
    0.8669503906141668,
    0.8658163174570606
  ],
  "train_reconstruction_loss": [
    0.03526225304179018,
    0.009969756693979882,
    0.010017808530222992,
    0.010166324723643741,
    0.009940532001439531,
    0.009890589370518867,
    0.009892937482735299,
    0.009886777266041416,
    0.009873181895406664,
    0.009865368017493235,
    0.009836123640574446,
    0.009790012956331562,
    0.009735567214269212,
    0.00969773027837776,
    0.009670704016999604,
    0.009640864535361473,
    0.009623067422286092,
    0.009603498744634387,
    0.009573179343975457,
    0.009566370031867503,
    0.009554675860014818,
    0.009544363762191333,
    0.00953983821259253,
    0.009534711913106828,
    0.009529059298433626,
    0.009527465632077813,
    0.009521268030673654,
    0.00951824697806349,
    0.009514413895414972,
    0.009512436916111679,
    0.009510443176470656,
    0.0095066676849371,
    0.009504428735172838
  ],
  "val_loss": [
    2.9899153974321155,
    2.98070928785536,
    2.963614675733778,
    2.69907980495029,
    2.6753878593444824,
    2.6682877805497913,
    2.1363837983873157,
    2.1289151774512396,
    2.1237091488308377,
    2.0359529389275446,
    2.031354626019796,
    2.030147420035468,
    2.004250831074185,
    2.0025185214148626,
    1.9931283394495647,
    1.9709107743369207,
    1.9711438682344224,
    1.971759835879008,
    1.949022266599867,
    1.9534618854522705,
    1.9623663557900324,
    1.9287696944342718,
    1.9363406366772122,
    1.936245282491048,
    1.9140107101864285,
    1.916977392302619,
    1.9164263937208388,
    1.8857813543743558,
    1.8952815930048625,
    1.888035708003574,
    1.8891134791904025,
    1.8969952000512018,
    1.8805533117718167
  ],
  "val_contrastive_loss": [
    2.000408093134562,
    1.9929527706570096,
    1.9698781967163086,
    1.7057713402642145,
    1.69368310769399,
    1.6895957787831624,
    1.1549296379089355,
    1.1490593486362033,
    1.1457405222786798,
    1.0588137441211276,
    1.0587533977296617,
    1.0612367391586304,
    1.041509469350179,
    1.0426434146033392,
    1.0354665517807007,
    1.0162292056613498,
    1.0187529722849529,
    1.0220033393965826,
    1.0009057654274836,
    1.0062783625390794,
    1.015364083978865,
    0.9837584826681349,
    0.9907911684778001,
    0.9920019838545058,
    0.9698075585895114,
    0.9733734064631991,
    0.9730649458037482,
    0.942303114467197,
    0.952475799454583,
    0.9453740914662679,
    0.9468071460723877,
    0.9546468522813585,
    0.9387820959091187
  ],
  "val_reconstruction_loss": [
    0.009895073146455817,
    0.009877565316855907,
    0.009937365021970537,
    0.009933084559937319,
    0.009817047768996822,
    0.009786920415030586,
    0.009814541786909103,
    0.009798557911482122,
    0.009779686108231544,
    0.009771391852862306,
    0.009726012436052164,
    0.009689106709427305,
    0.00962741362551848,
    0.00959875113848183,
    0.009576617843574949,
    0.009546815624667538,
    0.009523908607661724,
    0.009497564906875292,
    0.009481165040698316,
    0.009471835051145818,
    0.009470022593935331,
    0.009450111848612627,
    0.009455494686133332,
    0.009442432990504636,
    0.009442031590474976,
    0.009436039667990472,
    0.00943361460748646,
    0.009434782485995028,
    0.009428057819604874,
    0.00942661633921994,
    0.009423063343597783,
    0.009423483473559221,
    0.009417712378005186
  ],
  "learning_rate": [
    0.0001,
    0.0001,
    0.0001,
    0.0001,
    0.0001,
    0.0001,
    0.0001,
    0.0001,
    0.0001,
    0.0001,
    0.0001,
    0.0001,
    0.0001,
    0.0001,
    0.0001,
    0.0001,
    0.0001,
    0.0001,
    0.0001,
    0.0001,
    0.0001,
    0.0001,
    0.0001,
    0.0001,
    0.0001,
    0.0001,
    0.0001,
    0.0001,
    0.0001,
    0.0001,
    0.0001,
    0.0001,
    0.0001
  ],
  "train_separation_ratio": [
    0.9999326169490814,
    1.0387194427576931,
    1.516168399290605,
    1.9985305612737483,
    2.304350647059354,
    2.480514949018305,
    2.849705208431591,
    3.2068495100194756,
    3.4178311716426504,
    3.5821623477068814,
    3.6156998439268633,
    3.706519061868841,
    3.793921047990972,
    3.8352217132394966,
    3.947596235708757,
    3.9962898709557275,
    4.025082382288846,
    3.9627421552484687,
    4.006414424289357,
    4.141956481066617,
    4.154451023448598,
    4.374607595530423,
    4.394330154765736,
    4.41497248953039,
    4.386640971357172,
    4.527386491948908,
    4.5901009819724345,
    4.634640086780895,
    4.629721143028953,
    4.684453855861317,
    4.710794622247869,
    4.894573818553578,
    4.889368729157881
  ],
  "val_separation_ratio": [
    1.0029169453514948,
    1.4751025703218248,
    2.200457387500339,
    2.687490357293023,
    2.803317255443997,
    2.8969142172071667,
    2.9842738840315075,
    3.044449355867174,
    3.128279368082682,
    3.158215867148505,
    3.173575692706638,
    3.18310809135437,
    3.1484371026357016,
    3.163669851091173,
    3.134599049886068,
    3.138634787665473,
    3.179193443722195,
    3.129432519276937,
    3.190441449483236,
    3.2212143739064536,
    3.1941418912675648,
    3.1989468468560114,
    3.15492410129971,
    3.2411505116356745,
    3.234757555855645,
    3.2037803067101374,
    3.2938227388593884,
    3.2120244767930775,
    3.219708071814643,
    3.3270865281422934,
    3.279854085710314,
    3.273915900124444,
    3.3522457281748452
  ]
}