{
  "epoch": [
    1,
    2,
    3,
    4,
    5
  ],
  "train_loss": [
    5.954419967626504,
    2.9965127078292535,
    2.986772058174375,
    2.7785187961890934,
    2.7115411864978642
  ],
  "train_contrastive_loss": [
    2.42819470067264,
    1.9995370406234287,
    1.984991202585302,
    1.7618863294022487,
    1.7174879860833592
  ],
  "train_reconstruction_loss": [
    0.03526225304179018,
    0.009969756693979882,
    0.010017808530222992,
    0.010166324723643741,
    0.009940532001439531
  ],
  "val_loss": [
    2.9899153974321155,
    2.98070928785536,
    2.963614675733778,
    2.69907980495029,
    2.6753878593444824
  ],
  "val_contrastive_loss": [
    2.000408093134562,
    1.9929527706570096,
    1.9698781967163086,
    1.7057713402642145,
    1.69368310769399
  ],
  "val_reconstruction_loss": [
    0.009895073146455817,
    0.009877565316855907,
    0.009937365021970537,
    0.009933084559937319,
    0.009817047768996822
  ],
  "learning_rate": [
    0.0001,
    0.0001,
    0.0001,
    0.0001,
    0.0001
  ],
  "train_separation_ratio": [
    0.9999326169490814,
    1.0387194427576931,
    1.516168399290605,
    1.9985305612737483,
    2.304350647059354
  ],
  "val_separation_ratio": [
    1.0029169453514948,
    1.4751025703218248,
    2.200457387500339,
    2.687490357293023,
    2.803317255443997
  ]
}