{
  "epoch": [
    1,
    2,
    3,
    4,
    5,
    6,
    7,
    8,
    9,
    10
  ],
  "train_loss": [
    5.954419967626504,
    2.9965127078292535,
    2.986772058174375,
    2.7785187961890934,
    2.7115411864978642,
    2.693241524740748,
    2.148398332311676,
    2.1251548131306968,
    2.110337939342307,
    2.0167673575367564
  ],
  "train_contrastive_loss": [
    2.42819470067264,
    1.9995370406234287,
    1.984991202585302,
    1.7618863294022487,
    1.7174879860833592,
    1.7041825833045348,
    1.1591045832056794,
    1.136477089017019,
    1.123019750335807,
    1.030230561781196
  ],
  "train_reconstruction_loss": [
    0.03526225304179018,
    0.009969756693979882,
    0.010017808530222992,
    0.010166324723643741,
    0.009940532001439531,
    0.009890589370518867,
    0.009892937482735299,
    0.009886777266041416,
    0.009873181895406664,
    0.009865368017493235
  ],
  "val_loss": [
    2.9899153974321155,
    2.98070928785536,
    2.963614675733778,
    2.69907980495029,
    2.6753878593444824,
    2.6682877805497913,
    2.1363837983873157,
    2.1289151774512396,
    2.1237091488308377,
    2.0359529389275446
  ],
  "val_contrastive_loss": [
    2.000408093134562,
    1.9929527706570096,
    1.9698781967163086,
    1.7057713402642145,
    1.69368310769399,
    1.6895957787831624,
    1.1549296379089355,
    1.1490593486362033,
    1.1457405222786798,
    1.0588137441211276
  ],
  "val_reconstruction_loss": [
    0.009895073146455817,
    0.009877565316855907,
    0.009937365021970537,
    0.009933084559937319,
    0.009817047768996822,
    0.009786920415030586,
    0.009814541786909103,
    0.009798557911482122,
    0.009779686108231544,
    0.009771391852862306
  ],
  "learning_rate": [
    0.0001,
    0.0001,
    0.0001,
    0.0001,
    0.0001,
    0.0001,
    0.0001,
    0.0001,
    0.0001,
    0.0001
  ],
  "train_separation_ratio": [
    0.9999326169490814,
    1.0387194427576931,
    1.516168399290605,
    1.9985305612737483,
    2.304350647059354,
    2.480514949018305,
    2.849705208431591,
    3.2068495100194756,
    3.4178311716426504,
    3.5821623477068814
  ],
  "val_separation_ratio": [
    1.0029169453514948,
    1.4751025703218248,
    2.200457387500339,
    2.687490357293023,
    2.803317255443997,
    2.8969142172071667,
    2.9842738840315075,
    3.044449355867174,
    3.128279368082682,
    3.158215867148505
  ]
}