{
  "epoch": [
    1
  ],
  "train_loss": [
    5.954419967626504
  ],
  "train_contrastive_loss": [
    2.42819470067264
  ],
  "train_reconstruction_loss": [
    0.03526225304179018
  ],
  "val_loss": [
    2.9899153974321155
  ],
  "val_contrastive_loss": [
    2.000408093134562
  ],
  "val_reconstruction_loss": [
    0.009895073146455817
  ],
  "learning_rate": [
    0.0001
  ],
  "train_separation_ratio": [
    0.9999326169490814
  ],
  "val_separation_ratio": [
    1.0029169453514948
  ]
}