{
  "epoch": [
    1,
    2
  ],
  "train_loss": [
    5.954419967626504,
    2.9965127078292535
  ],
  "train_contrastive_loss": [
    2.42819470067264,
    1.9995370406234287
  ],
  "train_reconstruction_loss": [
    0.03526225304179018,
    0.009969756693979882
  ],
  "val_loss": [
    2.9899153974321155,
    2.98070928785536
  ],
  "val_contrastive_loss": [
    2.000408093134562,
    1.9929527706570096
  ],
  "val_reconstruction_loss": [
    0.009895073146455817,
    0.009877565316855907
  ],
  "learning_rate": [
    0.0001,
    0.0001
  ],
  "train_separation_ratio": [
    0.9999326169490814,
    1.0387194427576931
  ],
  "val_separation_ratio": [
    1.0029169453514948,
    1.4751025703218248
  ]
}