{
  "epoch": [
    1,
    2,
    3,
    4,
    5,
    6,
    7,
    8,
    9,
    10,
    11,
    12,
    13,
    14,
    15,
    16,
    17,
    18,
    19,
    20,
    21,
    22,
    23,
    24,
    25,
    26,
    27,
    28,
    29,
    30,
    31,
    32,
    33,
    34,
    35,
    36,
    37,
    38,
    39,
    40,
    41,
    42,
    43,
    44,
    45,
    46,
    47,
    48,
    49,
    50,
    51,
    52,
    53,
    54,
    55,
    56,
    57,
    58,
    59,
    60,
    61,
    62,
    63,
    64,
    65,
    66,
    67,
    68,
    69,
    70,
    71,
    72,
    73,
    74,
    75,
    76,
    77,
    78,
    79,
    80,
    81
  ],
  "train_loss": [
    5.954419967626504,
    2.9965127078292535,
    2.986772058174375,
    2.7785187961890934,
    2.7115411864978642,
    2.693241524740748,
    2.148398332311676,
    2.1251548131306968,
    2.110337939342307,
    2.0167673575367564,
    2.0061318157327466,
    1.9964333610605705,
    1.9703781498211057,
    1.9623699092776195,
    1.9553960393038985,
    1.9295709079870298,
    1.925095177007565,
    1.9204875719169887,
    1.909342927861702,
    1.9050958198764028,
    1.9014620994056404,
    1.870272051688679,
    1.8637862258783267,
    1.8628760862616853,
    1.8511953225126923,
    1.8491784533974844,
    1.845542838897563,
    1.8217580487164262,
    1.819507165772067,
    1.8172040820343756,
    1.8203527707627365,
    1.8176171624238708,
    1.8162591927988347,
    1.8107687985208891,
    1.8064857372802507,
    1.8038679301405751,
    1.7843128971103406,
    1.7818593970002188,
    1.7802088766790636,
    1.7667292440847755,
    1.7649869288368154,
    1.7620862811193343,
    1.7601676644337687,
    1.756180005588567,
    1.7554957507042912,
    1.7412115029116582,
    1.7401219149097606,
    1.7398832623519045,
    1.750221664679117,
    1.7487043131219164,
    1.7476271350956496,
    1.7210261393303756,
    1.7204616194108788,
    1.7192931734649828,
    1.7207969305013588,
    1.7226169044967026,
    1.7193830024374708,
    1.7138877390039255,
    1.7107442726192084,
    1.7077042401613913,
    1.6984589974529472,
    1.6935099461003167,
    1.6881909721168504,
    1.6708437120004296,
    1.668723868702155,
    1.6665062724545014,
    1.669541125634973,
    1.6683398669436436,
    1.6683417152426097,
    1.6493537934354785,
    1.6477881601180888,
    1.6448955968771566,
    1.6196303700601589,
    1.6193743613401161,
    1.617859370215645,
    1.5999638301700188,
    1.6004604589561733,
    1.5978999766113593,
    1.6004695208601,
    1.6008878886366689,
    1.5994244387695908
  ],
  "train_contrastive_loss": [
    2.42819470067264,
    1.9995370406234287,
    1.984991202585302,
    1.7618863294022487,
    1.7174879860833592,
    1.7041825833045348,
    1.1591045832056794,
    1.136477089017019,
    1.123019750335807,
    1.030230561781196,
    1.0225194553867176,
    1.0174320663153793,
    0.9968214289214136,
    0.992596882903598,
    0.9883256385890243,
    0.9654844533131776,
    0.9627884402177409,
    0.9601377002353775,
    0.9520249925068193,
    0.9484588154201401,
    0.9459945148817875,
    0.9158356802423573,
    0.909802404417894,
    0.9094048980450053,
    0.8982893936682902,
    0.8964318923888038,
    0.8934160344427524,
    0.8699333527900653,
    0.8680657769936645,
    0.8659603927610529,
    0.8693084495915603,
    0.8669503906141668,
    0.8658163174570606,
    0.8605120106560336,
    0.8566968547565311,
    0.8544013717765027,
    0.8349326137501878,
    0.8326529264450073,
    0.8309983019500249,
    0.8173540831722139,
    0.814678296807536,
    0.812522970098357,
    0.8107606294656821,
    0.8067877194956916,
    0.8061726849172368,
    0.7918821525529333,
    0.7908767586091822,
    0.7907096829050302,
    0.8011140823364258,
    0.7996880872733544,
    0.7987582127475206,
    0.7723333444897245,
    0.7719659685422589,
    0.7710361064479337,
    0.7728452651416345,
    0.7749515138080888,
    0.7722606703333793,
    0.7675687668487791,
    0.7658037848534752,
    0.7652616014693703,
    0.7615958059300257,
    0.7615834809770353,
    0.7599840640355755,
    0.7459874096529444,
    0.7456925146184598,
    0.7449936480495517,
    0.7490933913758347,
    0.7488182717639419,
    0.7493945882973059,
    0.7310101568587888,
    0.7298636251099727,
    0.7272796921667884,
    0.70220619939559,
    0.7022160552511446,
    0.7010898135005873,
    0.6833579170637291,
    0.6841321282324623,
    0.6818392554252951,
    0.6846597532098297,
    0.685308761436846,
    0.684051431979103
  ],
  "train_reconstruction_loss": [
    0.03526225304179018,
    0.009969756693979882,
    0.010017808530222992,
    0.010166324723643741,
    0.009940532001439531,
    0.009890589370518867,
    0.009892937482735299,
    0.009886777266041416,
    0.009873181895406664,
    0.009865368017493235,
    0.009836123640574446,
    0.009790012956331562,
    0.009735567214269212,
    0.00969773027837776,
    0.009670704016999604,
    0.009640864535361473,
    0.009623067422286092,
    0.009603498744634387,
    0.009573179343975457,
    0.009566370031867503,
    0.009554675860014818,
    0.009544363762191333,
    0.00953983821259253,
    0.009534711913106828,
    0.009529059298433626,
    0.009527465632077813,
    0.009521268030673654,
    0.00951824697806349,
    0.009514413895414972,
    0.009512436916111679,
    0.009510443176470656,
    0.0095066676849371,
    0.009504428735172838,
    0.009502567891968029,
    0.009497888828497692,
    0.009494665597376432,
    0.009493802833670899,
    0.009492064689180261,
    0.009492105764494706,
    0.00949375160399207,
    0.009503086310858166,
    0.009495633121864312,
    0.009494070303617687,
    0.009493922844210039,
    0.009493230670357549,
    0.009493293476532069,
    0.009492451538378632,
    0.009491735783161065,
    0.009491075806708198,
    0.009490162250369066,
    0.00948868922410564,
    0.00948692794223238,
    0.009484956519647017,
    0.00948257066371887,
    0.009479516655817156,
    0.009476653914170225,
    0.00947122332020845,
    0.009463189672713396,
    0.009449404867251493,
    0.009424426393441205,
    0.00936863192459447,
    0.009319264655048287,
    0.00928206909864142,
    0.009248563006964253,
    0.009230313532997888,
    0.009215126254594082,
    0.009204477324970829,
    0.009195215953253833,
    0.009189471272921652,
    0.009183436347730112,
    0.009179245361458211,
    0.009176159076378776,
    0.00917424171559471,
    0.00917158304632154,
    0.00916769554113598,
    0.00916605911892275,
    0.009163283323262102,
    0.009160607225943211,
    0.009158097668871755,
    0.009155791256320099,
    0.009153730067766135
  ],