{
  "sbert_concat_euclidean": {
    "space": "sbert_concat",
    "metric": "euclidean",
    "sample_results": [
      {
        "accuracy": 1.0,
        "silhouette": 0.7814559963814189,
        "ari": 1.0,
        "ph_dim_values": {
          "entailment": [
            16.377501873912877,
            15.657399480721327,
            17.64406645500284,
            16.59066713467525,
            14.853575120058037,
            17.623151969241714,
            18.20554336630485,
            17.621270126181518,
            17.373979683338224,
            17.560799413937147
          ],
          "neutral": [
            23.52915216880881,
            22.053660876263276,
            21.42917426565582,
            21.28631557877972,
            23.542646624781373,
            24.49940599106043,
            21.097513543714232,
            23.39091508109101,
            22.431084531947914,
            23.52733633572248
          ],
          "contradiction": [
            24.43730903485656,
            25.72777477283045,
            26.013627296159367,
            30.477081620451315,
            27.366646383151803,
            27.908766292564284,
            29.621396381558935,
            25.569182070268067,
            26.129049567494633,
            28.389288279298494
          ]
        },
        "perfect_clustering": 