{
  "order_concat_euclidean": {
    "space": "order_concat",
    "metric": "euclidean",
    "sample_results": [
      {
        "accuracy": 0.7333333333333333,
        "silhouette": 0.5542408304026983,
        "ari": 0.48444444444444446,
        "ph_dim_values": {
          "entailment": [
            25.04748257651796,
            24.395704860928134,
            24.31941351391001,
            26.18489277730402,
            25.05236896401535,
            26.317915027204062,
            25.133774159536333,
            26.04231337283265,
            23.68683982866888,
            24.365329206402336
          ],
          "neutral": [
            26.040092346645014,
            26.909600446444323,
            28.011243810432596,
            31.31183777069931,
            27.39213781680187,
            29.335710802947062,
            25.152623623867974,
            27.749752127468682,
            28.881555136485257,
            26.129304731885757
          ],
          "contradiction": [
            30.25668790046527,
            28.47712676256906,
            27.42776660565033,
            29.947007357579782,
            24.486952712509407,
            22.5679553468888,
            25.695014853963485,
            25.667652158675924,
            27.807198864020965,
            29.910051111916015
          ]
        },
        "perfect_clustering": 