{
  "sbert_concat_euclidean": {
    "space": "sbert_concat",
    "metric": "euclidean",
    "sample_results": [
      {
        "accuracy": 0.4,
        "silhouette": 0.4867526898284036,
        "ari": 0.02054706562219083,
        "ph_dim_values": {
          "entailment": [
            15.892462125616742,
            14.761712193535983,
            15.510982576834323,
            16.403030043908373,
            17.956928661359708,
            16.29731789467926,
            16.10842732172959,
            15.566008362923066,
            16.61625916611049,
            15.518623751869308
          ],
          "neutral": [
            23.368368475601653,
            21.034284493153404,
            19.93690155559727,
            19.877957130449207,
            18.573206033935303,
            20.376086098228413,
            17.88456416209739,
            18.45680696159382,
            20.466178449278527,
            18.550371139601946
          ],
          "contradiction": [
            21.5614713179001,
            23.542659676806313,
            25.19493575385522,
            23.630953393585326,
            24.428983011029384,
            24.61009929425752,
            23.895424305494817,
            22.985821521671333,
            24.327542201819643,
            23.50633322166551
          ]
        },
        "perfect_clustering": 