{
  "sbert_concat_euclidean": {
    "space": "sbert_concat",
    "metric": "euclidean",
    "statistics": {
      "n_samples": 10,
      "accuracy_mean": 0.6799999999999999,
      "accuracy_std": 0.09333333333333335,
      "accuracy_ci_95": [
        0.5666666666666667,
        0.8333333333333334
      ],
      "silhouette_mean": 0.5606168802868317,
      "silhouette_std": 0.025080850383456157,
      "silhouette_ci_95": [
        0.5194844240017336,
        0.5980928569822415
      ],
      "perfect_clustering_rate": 0.0,
      "ph_dim_stats": {
        "entailment": {
          "mean": 34.85765059049517,
          "std": 4.456399178649747,
          "min": 26.617516032542063,
          "max": 51.6917623936832,
          "n_samples": 100
        },
        "neutral": {
          "mean": 38.605369151124755,
          "std": 5.2196907753568675,
          "min": 27.807529702401244,
          "max": 53.382170637805125,
          "n_samples": 100
        },
        "contradiction": {
          "mean": 38.971141319551755,
          "std": 4.719353720081571,
          "min": 29.947551534808113,
          "max": 54.57596367184269,
          "n_samples": 100
        }
      }
    },
    "significance_tests": {
      "perfect_clustering_vs_threshold": {
        "perfect_rate": 0.0,
        "perfect_count": 0,
        "n_samples": 10,
        "p_value": 1.0,
        "significant": 