{
  "lattice_containment_euclidean": {
    "space": "lattice_containment",
    "metric": "euclidean",
    "statistics": {
      "n_samples": 10,
      "accuracy_mean": 0.6933333333333332,
      "accuracy_std": 0.06463573143221774,
      "accuracy_ci_95": [
        0.5816666666666667,
        0.7666666666666667
      ],
      "silhouette_mean": 0.6416376515323862,
      "silhouette_std": 0.03836310938243985,
      "silhouette_ci_95": [
        0.5803786258132058,
        0.6970754661289557
      ],
      "perfect_clustering_rate": 0.0,
      "ph_dim_stats": {
        "entailment": {
          "mean": 91.93664121586363,
          "std": 60.56324488675984,
          "min": 36.63700843791489,
          "max": 373.46184549918695,
          "n_samples": 100
        },
        "neutral": {
          "mean": 96.7445893545094,
          "std": 74.51373480559158,
          "min": 33.85915562628505,
          "max": 586.0944331557087,
          "n_samples": 100
        },
        "contradiction": {
          "mean": 106.7075577487799,
          "std": 214.30514773004876,
          "min": 36.701560710142125,
          "max": 2187.2311524951924,
          "n_samples": 100
        }
      }
    },
    "significance_tests": {
      "perfect_clustering_vs_threshold": {
        "perfect_rate": 0.0,
        "perfect_count": 0,
        "n_samples": 10,
        "p_value": 1.0,
        "significant": 