{
  "sbert_concat_euclidean": {
    "space": "sbert_concat",
    "metric": "euclidean",
    "statistics": {
      "n_samples": 10,
      "accuracy_mean": 0.99,
      "accuracy_std": 0.015275252316519463,
      "accuracy_ci_95": [
        0.9666666666666667,
        1.0
      ],
      "silhouette_mean": 0.7580055842481734,
      "silhouette_std": 0.0405409096293998,
      "silhouette_ci_95": [
        0.6818015603200563,
        0.8006134788593255
      ],
      "perfect_clustering_rate": 0.7,
      "ph_dim_stats": {
        "entailment": {
          "mean": 17.335960691806573,
          "std": 1.3920459782964725,
          "min": 14.737632798512045,
          "max": 21.58112867752352,
          "n_samples": 100
        },
        "neutral": {
          "mean": 23.428843605218,
          "std": 2.0127171686722933,
          "min": 19.5162700729512,
          "max": 28.830338517030864,
          "n_samples": 100
        },
        "contradiction": {
          "mean": 27.45216905378655,
          "std": 2.0339795464409347,
          "min": 23.926944475282244,
          "max": 32.65778016078681,
          "n_samples": 100
        }
      }
    },
    "significance_tests": {
      "perfect_clustering_vs_threshold": {
        "perfect_rate": 0.7,
        "perfect_count": 7,
        "n_samples": 10,
        "p_value": 0.6496107184,
        "significant": 