{
  "sbert_concat_euclidean": {
    "space": "sbert_concat",
    "metric": "euclidean",
    "statistics": {
      "n_samples": 10,
      "accuracy_mean": 1.0,
      "accuracy_std": 0.0,
      "accuracy_ci_95": [
        1.0,
        1.0
      ],
      "silhouette_mean": 0.7480342092604617,
      "silhouette_std": 0.022093451307469602,
      "silhouette_ci_95": [
        0.7027917180155574,
        0.7774028041383422
      ],
      "perfect_clustering_rate": 1.0,
      "ph_dim_stats": {
        "entailment": {
          "mean": 17.23003959876228,
          "std": 1.446743272635648,
          "min": 14.125313291108064,
          "max": 21.4555040388115,
          "n_samples": 100
        },
        "neutral": {
          "mean": 23.48394720650085,
          "std": 1.9678662988776692,
          "min": 19.64039642764639,
          "max": 29.712975063719117,
          "n_samples": 100
        },
        "contradiction": {
          "mean": 27.725130160446884,
          "std": 2.3162200992975874,
          "min": 23.767543638697095,
          "max": 34.82307879401435,
          "n_samples": 100
        }
      }
    },
    "significance_tests": {
      "vs_random_chance": {
        "t_statistic": Infinity,
        "p_value": 0.0,
        "significant": 