{
  "lattice_containment_euclidean": {
    "space": "lattice_containment",
    "metric": "euclidean",
    "statistics": {
      "n_samples": 10,
      "accuracy_mean": 1.0,
      "accuracy_std": 0.0,
      "accuracy_ci_95": [
        1.0,
        1.0
      ],
      "silhouette_mean": 0.8327669927684646,
      "silhouette_std": 0.025247335458149407,
      "silhouette_ci_95": [
        0.7906863264105535,
        0.8620932377761638
      ],
      "perfect_clustering_rate": 1.0,
      "ph_dim_stats": {
        "entailment": {
          "mean": 32.871283310837136,
          "std": 3.700787436009287,
          "min": 26.508118006218634,
          "max": 47.679623945955406,
          "n_samples": 100
        },
        "neutral": {
          "mean": 48.99865663207416,
          "std": 8.23794155676599,
          "min": 37.75134472434764,
          "max": 92.32432917772508,
          "n_samples": 100
        },
        "contradiction": {
          "mean": 72.31476335247254,
          "std": 11.69376306274439,
          "min": 46.057671345818385,
          "max": 104.93398857831306,
          "n_samples": 100
        }
      }
    },
    "significance_tests": {
      "perfect_clustering_vs_threshold": {
        "perfect_rate": 1.0,
        "perfect_count": 10,
        "n_samples": 10,
        "p_value": 0.02824752489999998,
        "significant": 