{
  "sbert_concat": {
    "euclidean": {
      "phd_entailment": 26.813618866159473,
      "phd_neutral": 38.4547115445717,
      "phd_contradiction": 40.7554339631239,
      "centroid_ent_to_neutral": 0.13221204280853271,
      "centroid_ent_to_contradiction": 0.5294039249420166,
      "centroid_neutral_to_contradiction": 0.48042839765548706,
      "min_ent_to_neutral": "1.4055076",
      "min_ent_to_contradiction": "1.9126323",
      "entailment_separation": 1.448482203035398
    },
    "manhattan": {
      "phd_entailment": 27.114903140413876,
      "phd_neutral": 38.25920184373972,
      "phd_contradiction": 39.841361254530085,
      "centroid_ent_to_neutral": 2.825425863265991,
      "centroid_ent_to_contradiction": 11.523330688476562,
      "centroid_neutral_to_contradiction": 10.383284568786621,
      "min_ent_to_neutral": 31.112721874324905,
      "min_ent_to_contradiction": 41.853425175531925,
      "entailment_separation": 31.41387075579601
    },
    "chebyshev": {
      "phd_entailment": 27.50008114394004,
      "phd_neutral": 30.96700132785967,
      "phd_contradiction": 32.103822515172865,
      "centroid_ent_to_neutral": 0.01753115514293313,
      "centroid_ent_to_contradiction": 0.08120966848218814,
      "centroid_neutral_to_contradiction": 0.07786475267494097,
      "min_ent_to_neutral": 0.16359630227088928,
      "min_ent_to_contradiction": 0.262653648853302,
      "entailment_separation": 0.216174235063157
    },
    "cosine": {
      "phd_entailment": 13.751236442342952,
      "phd_neutral": 17.139298473833954,
      "phd_contradiction": 18.101649902852497,
      "centroid_ent_to_neutral": 0.013220906257629395,
      "centroid_ent_to_contradiction": 0.1971491575241089,
      "centroid_neutral_to_contradiction": 0.16278702020645142,
      "min_ent_to_neutral": "0.06087613",
      "min_ent_to_contradiction": "0.11039078",
      "entailment_separation": 0.46056520442710625
    },
    "minkowski_3": {
      "phd_entailment": 26.86172463782228,
      "phd_neutral": 38.33596083495547,
      "phd_contradiction": 41.12382006990534,
      "centroid_ent_to_neutral": 0.05206830560698562,
      "centroid_ent_to_contradiction": 0.2094393028211859,
      "centroid_neutral_to_contradiction": 0.19003854044740656,
      "min_ent_to_neutral": 0.5421688999621249,
      "min_ent_to_contradiction": 0.7466417982522465,
      "entailment_separation": 0.5725211228719497
    },
    "minkowski_4": {
      "phd_entailment": 27.009774335335,
      "phd_neutral": 38.38521116248131,
      "phd_contradiction": 41.319601438539124,
      "centroid_ent_to_neutral": 0.0341055782287811,
      "centroid_ent_to_contradiction": 0.13918222929742846,
      "centroid_neutral_to_contradiction": 0.12632900637681438,
      "min_ent_to_neutral": 0.3508026595191053,
      "min_ent_to_contradiction": 0.48844601523287284,
      "entailment_separation": 0.379380664070331
    },
    "canberra": {
      "phd_entailment": 51.19810714495114,
      "phd_neutral": 66.1029978811109,
      "phd_contradiction": 64.93254152245173,
      "centroid_ent_to_neutral": 172.06586393281313,
      "centroid_ent_to_contradiction": 422.99395619568907,
      "centroid_neutral_to_contradiction": 398.6076029039524,
      "min_ent_to_neutral": 299.1534060203144,
      "min_ent_to_contradiction": 345.2358654897507,
      "entailment_separation": 1302.7701887669036
    },
    "braycurtis": {
      "phd_entailment": 18.66161746410258,
      "phd_neutral": 22.683385664695795,
      "phd_contradiction": 23.605280331405982,
      "centroid_ent_to_neutral": 0.057897119694283856,
      "centroid_ent_to_contradiction": 0.23962740424239098,
      "centroid_neutral_to_contradiction": 0.2146019532735541,
      "min_ent_to_neutral": 0.1287573050703964,
      "min_ent_to_contradiction": 0.17267075124355521,
      "entailment_separation": 0.6513733024825337
    }
  },
  "order_concat": {
    "euclidean": {
      "phd_entailment": 24.055346813090363,
      "phd_neutral": 27.55209711392377,
      "phd_contradiction": 24.705452171131043,
      "centroid_ent_to_neutral": 0.06622276455163956,
      "centroid_ent_to_contradiction": 0.39327430725097656,
      "centroid_neutral_to_contradiction": 0.3487422466278076,
      "min_ent_to_neutral": "0.53460515",
      "min_ent_to_contradiction": "0.8662997",
      "entailment_separation": 1.0649492866269121
    },
    "manhattan": {
      "phd_entailment": 23.513233242834666,
      "phd_neutral": 27.20583372513123,
      "phd_contradiction": 24.518722453538803,
      "centroid_ent_to_neutral": 0.6246201395988464,
      "centroid_ent_to_contradiction": 3.517749786376953,
      "centroid_neutral_to_contradiction": 3.1267967224121094,
      "min_ent_to_neutral": 4.562419665977359,
      "min_ent_to_contradiction": 7.701915893703699,
      "entailment_separation": 9.600526680848342
    },
    "chebyshev": {
      "phd_entailment": 21.38653132080707,
      "phd_neutral": 23.31831429709906,
      "phd_contradiction": 22.270510328838732,
      "centroid_ent_to_neutral": 0.01430213451385498,
      "centroid_ent_to_contradiction": 0.09162063896656036,
      "centroid_neutral_to_contradiction": 0.08827202022075653,
      "min_ent_to_neutral": 0.1342536360025406,
      "min_ent_to_contradiction": 0.1748935952782631,
      "entailment_separation": 0.24549097040594045
    },
    "cosine": {
      "phd_entailment": 11.168584794318418,
      "phd_neutral": 13.821820607251206,
      "phd_contradiction": 12.813996516184547,
      "centroid_ent_to_neutral": 0.0001582503318786621,
      "centroid_ent_to_contradiction": 0.005646824836730957,
      "centroid_neutral_to_contradiction": 0.004445016384124756,
      "min_ent_to_neutral": "0.008146286",
      "min_ent_to_contradiction": "0.021291077",
      "entailment_separation": 0.013454080643808835
    },
    "minkowski_3": {
      "phd_entailment": 24.069995558545486,
      "phd_neutral": 27.292372401660952,
      "phd_contradiction": 24.586105081464012,
      "centroid_ent_to_neutral": 0.033422871230406784,
      "centroid_ent_to_contradiction": 0.20505826302840272,
      "centroid_neutral_to_contradiction": 0.1820356283638726,
      "min_ent_to_neutral": 0.28459684256255513,
      "min_ent_to_contradiction": 0.4471594951912851,
      "entailment_separation": 0.552713671942599
    },
    "minkowski_4": {
      "phd_entailment": 23.94196132014977,
      "phd_neutral": 26.926173545998253,
      "phd_contradiction": 24.20297123465569,
      "centroid_ent_to_neutral": 0.024522092730274357,
      "centroid_ent_to_contradiction": 0.15354985637345592,
      "centroid_neutral_to_contradiction": 0.13670478280243115,
      "min_ent_to_neutral": 0.21544134818324567,
      "min_ent_to_contradiction": 0.3318425415940495,
      "entailment_separation": 0.4127068632283756
    },
    "canberra": {
      "phd_entailment": 27.402056565093105,
      "phd_neutral": 36.082834847557976,
      "phd_contradiction": 28.869090126014772,
      "centroid_ent_to_neutral": 1.3935128604449847,
      "centroid_ent_to_contradiction": 7.982484098902401,
      "centroid_neutral_to_contradiction": 7.134106183247654,
      "min_ent_to_neutral": 12.667846043918534,
      "min_ent_to_contradiction": 19.380100291692592,
      "entailment_separation": 21.730195655223426
    },
    "braycurtis": {
      "phd_entailment": 22.417719384763494,
      "phd_neutral": 28.942632800789863,
      "phd_contradiction": 25.491321979465344,
      "centroid_ent_to_neutral": 0.005468140399297061,
      "centroid_ent_to_contradiction": 0.030776329326821217,
      "centroid_neutral_to_contradiction": 0.027317959925641493,
      "min_ent_to_neutral": 0.0383541343049504,
      "min_ent_to_contradiction": 0.07181459124249102,
      "entailment_separation": 0.08400167171376655
    }
  },
  "hyperbolic_concat": {
    "euclidean": {
      "phd_entailment": 19.519172439014728,
      "phd_neutral": 19.575167638162192,
      "phd_contradiction": 20.544681810201155,