{
  "euclidean": {
    "phd_entailment": 54.16479670071593,
    "phd_neutral": 72.01969207717512,
    "phd_contradiction": 116.8547408847247,
    "centroid_ent_to_neutral": 0.19257013499736786,
    "centroid_ent_to_contradiction": 0.27578139305114746,
    "centroid_neutral_to_contradiction": 0.09607470035552979,
    "min_ent_to_neutral": "0.47166234",
    "min_ent_to_contradiction": "0.68274605",
    "entailment_separation": 4.000618984298063
  },
  "manhattan": {
    "phd_entailment": 53.30618407291683,
    "phd_neutral": 74.18768546741272,
    "phd_contradiction": 106.87517850933767,
    "centroid_ent_to_neutral": 5.20791482925415,
    "centroid_ent_to_contradiction": 7.25262975692749,
    "centroid_neutral_to_contradiction": 2.0551633834838867,
    "min_ent_to_neutral": 8.946041269377531,
    "min_ent_to_contradiction": 12.487374898924998,
    "entailment_separation": 106.43691381531458
  },
  "chebyshev": {
    "phd_entailment": 34.659259793968396,
    "phd_neutral": 36.26126826048699,
    "phd_contradiction": 49.23904731649803,
    "centroid_ent_to_neutral": 0.010517314076423645,
    "centroid_ent_to_contradiction": 0.02872777171432972,
    "centroid_neutral_to_contradiction": 0.01888897828757763,
    "min_ent_to_neutral": 0.0727125033736229,
    "min_ent_to_contradiction": 0.12008742289617658,
    "entailment_separation": 0.3352281904771118
  },
  "cosine": {
    "phd_entailment": 46.6059165317288,
    "phd_neutral": 49.169465406525234,
    "phd_contradiction": 37.77408811395239,
    "centroid_ent_to_neutral": 0.0007796287536621094,
    "centroid_ent_to_contradiction": 0.00921165943145752,
    "centroid_neutral_to_contradiction": 0.007352709770202637,
    "min_ent_to_neutral": "0.061736822",
    "min_ent_to_contradiction": "0.14434862",
    "entailment_separation": 0.085344735304978
  },
  "minkowski_3": {
    "phd_entailment": 53.47549215143867,
    "phd_neutral": 69.18905546484449,
    "phd_contradiction": 124.01475898679291,
    "centroid_ent_to_neutral": 0.06499223976410703,
    "centroid_ent_to_contradiction": 0.09630201385271576,
    "centroid_neutral_to_contradiction": 0.03983973009870285,
    "min_ent_to_neutral": 0.19879779400857261,
    "min_ent_to_contradiction": 0.29887909188673184,
    "entailment_separation": 1.377761818705554
  },
  "minkowski_4": {
    "phd_entailment": 51.5249622425934,
    "phd_neutral": 67.1761923505033,
    "phd_contradiction": 118.04042411158117,
    "centroid_ent_to_neutral": 0.038081225996124915,
    "centroid_ent_to_contradiction": 0.058731321032846305,
    "centroid_neutral_to_contradiction": 0.027834176837617443,
    "min_ent_to_neutral": 0.13569848945256863,
    "min_ent_to_contradiction": 0.21260242628988835,
    "entailment_separation": 0.8269645562514975
  },
  "canberra": {
    "phd_entailment": 167.7260818318111,
    "phd_neutral": 235.29695143014115,
    "phd_contradiction": 133.65544292028653,
    "centroid_ent_to_neutral": 116.14699165105398,
    "centroid_ent_to_contradiction": 173.31994998067003,
    "centroid_neutral_to_contradiction": 60.01556256465664,
    "min_ent_to_neutral": 223.80056537622127,
    "min_ent_to_contradiction": 262.2190075574456,
    "entailment_separation": 2472.6020364315223
  },
  "braycurtis": {
    "phd_entailment": 106.6055482067718,
    "phd_neutral": 89.66046713134807,
    "phd_contradiction": 54.24110655067252,
    "centroid_ent_to_neutral": 0.1492850842032428,
    "centroid_ent_to_contradiction": 0.22084079824262,
    "centroid_neutral_to_contradiction": 0.07437332069787958,
    "min_ent_to_neutral": 0.16558653422831707,
    "min_ent_to_contradiction": 0.2521992545264164,
    "entailment_separation": 3.1615838600180814
  }
}