{
  "euclidean": {
    "phd_entailment": 24.055346813090363,
    "phd_neutral": 27.55209711392377,
    "phd_contradiction": 24.705452171131043,
    "centroid_ent_to_neutral": 0.06622276455163956,
    "centroid_ent_to_contradiction": 0.39327430725097656,
    "centroid_neutral_to_contradiction": 0.3487422466278076,
    "min_ent_to_neutral": "0.53460515",
    "min_ent_to_contradiction": "0.8662997",
    "entailment_separation": 1.0649492866269121
  },
  "manhattan": {
    "phd_entailment": 23.513233242834666,
    "phd_neutral": 27.20583372513123,
    "phd_contradiction": 24.518722453538803,
    "centroid_ent_to_neutral": 0.6246201395988464,
    "centroid_ent_to_contradiction": 3.517749786376953,
    "centroid_neutral_to_contradiction": 3.1267967224121094,
    "min_ent_to_neutral": 4.562419665977359,
    "min_ent_to_contradiction": 7.701915893703699,
    "entailment_separation": 9.600526680848342
  },
  "chebyshev": {
    "phd_entailment": 21.38653132080707,
    "phd_neutral": 23.31831429709906,
    "phd_contradiction": 22.270510328838732,
    "centroid_ent_to_neutral": 0.01430213451385498,
    "centroid_ent_to_contradiction": 0.09162063896656036,
    "centroid_neutral_to_contradiction": 0.08827202022075653,
    "min_ent_to_neutral": 0.1342536360025406,
    "min_ent_to_contradiction": 0.1748935952782631,
    "entailment_separation": 0.24549097040594045
  },
  "cosine": {
    "phd_entailment": 11.168584794318418,
    "phd_neutral": 13.821820607251206,
    "phd_contradiction": 12.813996516184547,
    "centroid_ent_to_neutral": 0.0001582503318786621,
    "centroid_ent_to_contradiction": 0.005646824836730957,
    "centroid_neutral_to_contradiction": 0.004445016384124756,
    "min_ent_to_neutral": "0.008146286",
    "min_ent_to_contradiction": "0.021291077",
    "entailment_separation": 0.013454080643808835
  },
  "minkowski_3": {
    "phd_entailment": 24.069995558545486,
    "phd_neutral": 27.292372401660952,
    "phd_contradiction": 24.586105081464012,
    "centroid_ent_to_neutral": 0.033422871230406784,
    "centroid_ent_to_contradiction": 0.20505826302840272,
    "centroid_neutral_to_contradiction": 0.1820356283638726,
    "min_ent_to_neutral": 0.28459684256255513,
    "min_ent_to_contradiction": 0.4471594951912851,
    "entailment_separation": 0.552713671942599
  },
  "minkowski_4": {
    "phd_entailment": 23.94196132014977,
    "phd_neutral": 26.926173545998253,
    "phd_contradiction": 24.20297123465569,
    "centroid_ent_to_neutral": 0.024522092730274357,
    "centroid_ent_to_contradiction": 0.15354985637345592,
    "centroid_neutral_to_contradiction": 0.13670478280243115,
    "min_ent_to_neutral": 0.21544134818324567,
    "min_ent_to_contradiction": 0.3318425415940495,
    "entailment_separation": 0.4127068632283756
  },
  "canberra": {
    "phd_entailment": 27.402056565093105,
    "phd_neutral": 36.082834847557976,
    "phd_contradiction": 28.869090126014772,
    "centroid_ent_to_neutral": 1.3935128604449847,
    "centroid_ent_to_contradiction": 7.982484098902401,
    "centroid_neutral_to_contradiction": 7.134106183247654,
    "min_ent_to_neutral": 12.667846043918534,
    "min_ent_to_contradiction": 19.380100291692592,
    "entailment_separation": 21.730195655223426
  },
  "braycurtis": {
    "phd_entailment": 22.417719384763494,
    "phd_neutral": 28.942632800789863,
    "phd_contradiction": 25.491321979465344,
    "centroid_ent_to_neutral": 0.005468140399297061,
    "centroid_ent_to_contradiction": 0.030776329326821217,
    "centroid_neutral_to_contradiction": 0.027317959925641493,
    "min_ent_to_neutral": 0.0383541343049504,
    "min_ent_to_contradiction": 0.07181459124249102,
    "entailment_separation": 0.08400167171376655
  }
}