{
  "euclidean": {
    "phd_entailment": 19.519172439014728,
    "phd_neutral": 19.575167638162192,
    "phd_contradiction": 20.544681810201155,
    "centroid_ent_to_neutral": 0.0030125235207378864,
    "centroid_ent_to_contradiction": 0.018916286528110504,
    "centroid_neutral_to_contradiction": 0.01672256365418434,
    "min_ent_to_neutral": "0.020590797",
    "min_ent_to_contradiction": "0.03575384",
    "entailment_separation": 0.8876160124841379
  },
  "manhattan": {
    "phd_entailment": 19.131717041838503,
    "phd_neutral": 19.196728677719577,
    "phd_contradiction": 20.382472458443157,
    "centroid_ent_to_neutral": 0.013596776872873306,
    "centroid_ent_to_contradiction": 0.08310556411743164,
    "centroid_neutral_to_contradiction": 0.07257300615310669,
    "min_ent_to_neutral": 0.0893064326082822,
    "min_ent_to_contradiction": 0.14411629756796174,
    "entailment_separation": 3.914236391144423
  },
  "chebyshev": {
    "phd_entailment": 16.31296701297906,
    "phd_neutral": 17.97793348462773,
    "phd_contradiction": 16.700381303982375,
    "centroid_ent_to_neutral": 0.0010770088993012905,
    "centroid_ent_to_contradiction": 0.007563037797808647,
    "centroid_neutral_to_contradiction": 0.007073996588587761,
    "min_ent_to_neutral": 0.008920185267925262,
    "min_ent_to_contradiction": 0.012971729040145874,
    "entailment_separation": 0.3497245760204036
  },
  "cosine": {
    "phd_entailment": 9.592767289566963,
    "phd_neutral": 10.262882708187501,
    "phd_contradiction": 11.053175338689963,
    "centroid_ent_to_neutral": 0.0001385807991027832,
    "centroid_ent_to_contradiction": 0.005491673946380615,
    "centroid_neutral_to_contradiction": 0.0042841434478759766,
    "min_ent_to_neutral": "0.003743112",
    "min_ent_to_contradiction": "0.020461619",
    "entailment_separation": 0.22789673745741243
  },
  "minkowski_3": {
    "phd_entailment": 19.082093077678227,
    "phd_neutral": 19.56469845620991,
    "phd_contradiction": 20.284932290536048,
    "centroid_ent_to_neutral": 0.001934579635887792,
    "centroid_ent_to_contradiction": 0.012371091341509969,
    "centroid_neutral_to_contradiction": 0.011057822409213396,
    "min_ent_to_neutral": 0.013576686151501524,
    "min_ent_to_contradiction": 0.02465056882574264,
    "entailment_separation": 0.5790529718932333
  },
  "minkowski_4": {
    "phd_entailment": 18.79869428650293,
    "phd_neutral": 19.41131875855393,
    "phd_contradiction": 19.740801348832836,
    "centroid_ent_to_neutral": 0.0015872050390008394,
    "centroid_ent_to_contradiction": 0.010318852135101428,
    "centroid_neutral_to_contradiction": 0.009285618797853428,
    "min_ent_to_neutral": 0.011362183847330808,
    "min_ent_to_contradiction": 0.02083665646293117,
    "entailment_separation": 0.48192341352511314
  },
  "canberra": {
    "phd_entailment": 21.937350870731592,
    "phd_neutral": 23.65289790964896,
    "phd_contradiction": 25.620836443774767,
    "centroid_ent_to_neutral": 0.6706112181510684,
    "centroid_ent_to_contradiction": 3.057595797529274,
    "centroid_neutral_to_contradiction": 2.5723110837403884,
    "min_ent_to_neutral": 6.121170910629114,
    "min_ent_to_contradiction": 6.312191464988266,
    "entailment_separation": 150.9072420072953
  },
  "braycurtis": {
    "phd_entailment": 18.928587265580383,
    "phd_neutral": 19.6122947593831,
    "phd_contradiction": 20.556849725322195,
    "centroid_ent_to_neutral": 0.005771201556991012,
    "centroid_ent_to_contradiction": 0.03520475801868259,
    "centroid_neutral_to_contradiction": 0.030702640746559966,
    "min_ent_to_neutral": 0.030827590507844466,
    "min_ent_to_contradiction": 0.06735393333080726,
    "entailment_separation": 1.6585905831301906
  }
}