{
  "timestamp": "20250708_171649",
  "experiment_config": {
    "sample_size": 10000,
    "embedding_space": "lattice_containment",
    "svm_kernel": "linear",
    "test_size": 0.2,
    "random_state": 42
  },
  "performance_metrics": {
    "test_accuracy": 0.5895,
    "confusion_matrix": [
      [
        423,
        193,
        46
      ],
      [
        225,
        304,
        135
      ],
      [
        72,
        150,
        452
      ]
    ],
    "classification_report": {
      "Entailment": {
        "precision": 0.5875,
        "recall": 0.6389728096676737,
        "f1-score": 0.6121562952243126,
        "support": 662.0
      },
      "Neutral": {
        "precision": 0.46986089644513135,
        "recall": 0.4578313253012048,
        "f1-score": 0.46376811594202894,
        "support": 664.0
      },
      "Contradiction": {
        "precision": 0.7140600315955766,
        "recall": 0.6706231454005934,
        "f1-score": 0.6916602907421575,
        "support": 674.0
      },
      "accuracy": 0.5895,
      "macro avg": {
        "precision": 0.5904736426802359,
        "recall": 0.5891424267898239,
        "f1-score": 0.5891949006361664,
        "support": 2000.0
      },
      "weighted avg": {
        "precision": 0.5910945482674929,
        "recall": 0.5895,
        "f1-score": 0.5896842661921081,
        "support": 2000.0
      }
    }
  },
  "decision_function_stats": {
    "shape": [
      2000,
      3
    ],
    "mean_per_class": [
      0.8638913967013178,
      1.379668955822233,
      0.8123799911283418
    ],
    "std_per_class": [
      1.0999925553728471,
      0.6735767353327002,
      1.1113651354556027
    ],
    "min_per_class": [
      -0.3149342982819626,
      -0.2769733897334466,
      -0.31371470364007564
    ],
    "max_per_class": [
      2.311850208963785,
      2.2976760752533965,
      2.316440095367536
    ]
  }
}