{
  "timestamp": "20250708_130816",
  "experiment_config": {
    "approach": "centroid_distances",
    "sample_size": 20000,
    "embedding_space": "lattice_containment",
    "distance_metric": "cosine",
    "svm_kernel": "linear",
    "feature_dimensions": 3,
    "test_size": 0.2,
    "random_state": 42
  },
  "performance_metrics": {
    "test_accuracy": 0.615,
    "confusion_matrix": [
      [
        987,
        291,
        59
      ],
      [
        519,
        542,
        261
      ],
      [
        142,
        268,
        931
      ]
    ],
    "classification_report": {
      "Entailment": {
        "precision": 0.5989077669902912,
        "recall": 0.7382198952879581,
        "f1-score": 0.6613065326633165,
        "support": 1337.0
      },
      "Neutral": {
        "precision": 0.49227974568574023,
        "recall": 0.40998487140695916,
        "f1-score": 0.4473792818819646,
        "support": 1322.0
      },
      "Contradiction": {
        "precision": 0.7442046362909672,
        "recall": 0.6942580164056674,
        "f1-score": 0.7183641975308641,
        "support": 1341.0
      },
      "accuracy": 0.615,
      "macro avg": {
        "precision": 0.6117973829889997,
        "recall": 0.6141542610335282,
        "f1-score": 0.6090166706920485,
        "support": 4000.0
      },
      "weighted avg": {
        "precision": 0.6123779813821888,
        "recall": 0.615,
        "f1-score": 0.6097321584269251,
        "support": 4000.0
      }
    }
  },
  "decision_function_stats": {
    "shape": [
      4000,
      3
    ],
    "mean_per_class": [
      0.9637540178890349,
      1.4329196993733004,
      0.7004703949657606
    ],
    "std_per_class": [
      1.1359537518094744,
      0.45768276430971977,
      1.1124909888767793
    ],
    "min_per_class": [
      -0.30644094192328936,
      0.919143593242059,
      -0.2891667778289589
    ],
    "max_per_class": [
      2.285679660725945,
      2.2390954376630425,
      2.304427499458531
    ]
  }
}