{
  "timestamp": "20250708_121301",
  "experiment_config": {
    "sample_size": 20000,
    "embedding_space": "lattice_containment",
    "svm_kernel": "rbf",
    "test_size": 0.2,
    "random_state": 42
  },
  "performance_metrics": {
    "test_accuracy": 0.656,
    "confusion_matrix": [
      [
        1027,
        263,
        47
      ],
      [
        438,
        640,
        244
      ],
      [
        121,
        263,
        957
      ]
    ],
    "classification_report": {
      "Entailment": {
        "precision": 0.6475409836065574,
        "recall": 0.7681376215407629,
        "f1-score": 0.7027027027027026,
        "support": 1337.0
      },
      "Neutral": {
        "precision": 0.548885077186964,
        "recall": 0.48411497730711045,
        "f1-score": 0.5144694533762058,
        "support": 1322.0
      },
      "Contradiction": {
        "precision": 0.7668269230769231,
        "recall": 0.7136465324384788,
        "f1-score": 0.7392815758980302,
        "support": 1341.0
      },
      "accuracy": 0.656,
      "macro avg": {
        "precision": 0.6544176612901482,
        "recall": 0.6552997104287841,
        "f1-score": 0.6521512439923128,
        "support": 4000.0
      },
      "weighted avg": {
        "precision": 0.654925817742322,
        "recall": 0.656,
        "f1-score": 0.652754681039029,
        "support": 4000.0
      }
    }
  },
  "decision_function_stats": {
    "shape": [
      4000,
      3
    ],
    "mean_per_class": [
      0.91647095659462,
      1.388611891667687,
      0.7429538021950023
    ],
    "std_per_class": [
      1.112985218391501,
      0.5204346554756216,
      1.0806729540737157
    ],
    "min_per_class": [
      -0.28882184600664046,
      -0.21389461940911306,
      -0.2754610976055423
    ],
    "max_per_class": [
      2.2766790102492536,
      2.2436073975997997,
      2.2890085607900166
    ]
  }
}