{
  "timestamp": "20250708_141045",
  "experiment_config": {
    "approach": "centroid_distances",
    "sample_size": 50000,
    "embedding_space": "lattice_containment",
    "distance_metric": "euclidean",
    "svm_kernel": "linear",
    "feature_dimensions": 3,
    "test_size": 0.2,
    "random_state": 42
  },
  "performance_metrics": {
    "test_accuracy": 0.6215,
    "confusion_matrix": [
      [
        2365,
        828,
        120
      ],
      [
        1133,
        1514,
        667
      ],
      [
        298,
        739,
        2336
      ]
    ],
    "classification_report": {
      "Entailment": {
        "precision": 0.6230242360379347,
        "recall": 0.7138545125264111,
        "f1-score": 0.665353776902518,
        "support": 3313.0
      },
      "Neutral": {
        "precision": 0.4913988964621876,
        "recall": 0.4568497284248642,
        "f1-score": 0.47349491790461296,
        "support": 3314.0
      },
      "Contradiction": {
        "precision": 0.7479987191802754,
        "recall": 0.692558553216721,
        "f1-score": 0.7192118226600985,
        "support": 3373.0
      },
      "accuracy": 0.6215,
      "macro avg": {
        "precision": 0.6208072838934658,
        "recall": 0.6210875980559988,
        "f1-score": 0.6193535058224098,
        "support": 10000.0
      },
      "weighted avg": {
        "precision": 0.6215574916664436,
        "recall": 0.6215,
        "f1-score": 0.6199380698646443,
        "support": 10000.0
      }
    }
  },
  "decision_function_stats": {
    "shape": [
      10000,
      3
    ],
    "mean_per_class": [
      0.9129534813812367,
      1.4364882488256803,
      0.7166990187569402
    ],
    "std_per_class": [
      1.1204906612342904,
      0.5037320461326206,
      1.1088440282743923
    ],
    "min_per_class": [
      -0.304961506664674,
      -0.136319354619041,
      -0.28586293382908384
    ],
    "max_per_class": [
      2.2913004662299916,
      2.2508190801516075,
      2.3037231433374736
    ]
  }
}