{
  "epoch": [
    1,
    2
  ],
  "train_loss": [
    1.933213587135798,
    1.8913588450607641
  ],
  "train_contrastive_loss": [
    1.933213587135798,
    1.8913588450607641
  ],
  "train_reconstruction_loss": [
    0.010766923117140928,
    0.010515311127615263
  ],
  "val_loss": [
    1.8914782073762682,
    1.8795074886745877
  ],
  "val_contrastive_loss": [
    1.8914782073762682,
    1.8795074886745877
  ],
  "val_reconstruction_loss": [
    0.010453083862860998,
    0.010439266140262285
  ],
  "learning_rate": [
    0.0001,
    0.0001
  ],
  "train_separation_ratio": [
    1.6314966136758977,
    2.200449000705372
  ],
  "val_separation_ratio": [
    2.165969000922309,
    2.3957388401031494
  ]
}