{
  "epoch": [
    1
  ],
  "train_loss": [
    1.933213587135798
  ],
  "train_contrastive_loss": [
    1.933213587135798
  ],
  "train_reconstruction_loss": [
    0.010766923117140928
  ],
  "val_loss": [
    1.8914782073762682
  ],
  "val_contrastive_loss": [
    1.8914782073762682
  ],
  "val_reconstruction_loss": [
    0.010453083862860998
  ],
  "learning_rate": [
    0.0001
  ],
  "train_separation_ratio": [
    1.6314966136758977
  ],
  "val_separation_ratio": [
    2.165969000922309
  ]
}