{
  "epoch": [
    1,
    2,
    3,
    4,
    5,
    6,
    7,
    8
  ],
  "train_loss": [
    1.933213587135798,
    1.8913588450607641,
    1.8794068719643677,
    1.2115187252034023,
    1.188297155405112,
    1.1748403348514265,
    1.0790859993609636,
    1.0680841882357606
  ],
  "train_contrastive_loss": [
    1.933213587135798,
    1.8913588450607641,
    1.8794068719643677,
    1.2115187252034023,
    1.188297155405112,
    1.1748403348514265,
    1.0790859993609636,
    1.0680841882357606
  ],
  "train_reconstruction_loss": [
    0.010766923117140928,
    0.010515311127615263,
    0.010513192519642675,
    0.010513097656547357,
    0.010513110285767074,
    0.010513167332309807,
    0.010513167928911233,
    0.010513104817498774
  ],
  "val_loss": [
    1.8914782073762682,
    1.8795074886745877,
    1.8730563984976873,
    1.1972095039155748,
    1.1805273691813152,
    1.181093732515971,
    1.0917130178875394,
    1.0906902419196234
  ],
  "val_contrastive_loss": [
    1.8914782073762682,
    1.8795074886745877,
    1.8730563984976873,
    1.1972095039155748,
    1.1805273691813152,
    1.181093732515971,
    1.0917130178875394,
    1.0906902419196234
  ],
  "val_reconstruction_loss": [
    0.010453083862860998,
    0.010439266140262285,
    0.010444384068250656,
    0.010438288148078654,
    0.010442023682925437,
    0.010437414464023378,
    0.01044299163752132,
    0.010439945281379752
  ],
  "learning_rate": [
    0.0001,
    0.0001,
    0.0001,
    0.0001,
    0.0001,
    0.0001,
    0.0001,
    0.0001
  ],
  "train_separation_ratio": [
    1.6314966136758977,
    2.200449000705372,
    2.383758154782382,
    2.545406840064309,
    2.7645825906233354,
    2.960607268593528,
    2.993776711550626,
    3.0573771541768853
  ],
  "val_separation_ratio": [
    2.165969000922309,
    2.3957388401031494,
    2.5637411541408963,
    2.659365256627401,
    2.772536940044827,
    2.8288376331329346,
    2.876074102189806,
    2.893435928556654
  ]
}