{
  "epoch": [
    1,
    2,
    3,
    4,
    5,
    6,
    7,
    8,
    9,
    10,
    11,
    12,
    13,
    14,
    15,
    16,
    17,
    18,
    19,
    20,
    21,
    22,
    23,
    24,
    25,
    26,
    27,
    28,
    29,
    30,
    31,
    32,
    33,
    34,
    35,
    36,
    37,
    38,
    39,
    40,
    41,
    42,
    43,
    44,
    45,
    46,
    47,
    48,
    49,
    50,
    51,
    52,
    53,
    54,
    55,
    56,
    57,
    58,
    59,
    60,
    61,
    62,
    63,
    64,
    65,
    66,
    67,
    68,
    69,
    70,
    71,
    72,
    73,
    74,
    75
  ],
  "train_loss": [
    1.933213587135798,
    1.8913588450607641,
    1.8794068719643677,
    1.2115187252034023,
    1.188297155405112,
    1.1748403348514265,
    1.0790859993609636,
    1.0680841882357606,
    1.0617596907766615,
    1.0236004770801055,
    1.0158383418949846,
    1.0100597205330761,
    0.9599935425726395,
    0.9546470024954229,
    0.9491447613225968,
    0.9118156898177092,
    0.9075442419371791,
    0.9035501508961399,
    0.8682979346431612,
    0.8648335193344556,
    0.8597357057770315,
    0.8341139776968646,
    0.8299502972340007,
    0.826514359959011,
    0.7874241070596422,
    0.7830257916361704,
    0.7810938963232982,
    0.7493272017500254,
    0.7457931102765117,
    0.7439939779276289,
    0.7400537872447648,
    0.7372186859892733,
    0.7351780950024142,
    0.712181422297515,
    0.7089876199567784,
    0.7065514542537028,
    0.6846356337518887,
    0.6833019083438638,
    0.6799262768729439,
    0.6595554554928614,
    0.656349986403126,
    0.6553940790769552,
    0.6237522701089386,
    0.6228851048862024,
    0.6197109486581671,
    0.6179906583809098,
    0.6154206509474713,
    0.6158774737095256,
    0.6211434404055277,
    0.6170766536749941,
    0.6159913658651782,
    0.5869446764223181,
    0.5853079971432464,
    0.5839726808350846,
    0.5743025867632647,
    0.5736018267201756,
    0.5699150062806113,
    0.5767050061367965,
    0.5765736686894791,
    0.5751653880824368,
    0.5693276645528982,
    0.5674274894556298,
    0.5681113550782869,
    0.5453325975651626,
    0.5450852720320114,
    0.5418091076712369,
    0.5475497702535527,
    0.5455468088332945,
    0.5434183001629245,
    0.5335030056799812,
    0.5326697868563831,
    0.5316406953490203,
    0.5162388147366558,
    0.5143415610994485,
    0.513665246785908
  ],
  "train_contrastive_loss": [
    1.933213587135798,
    1.8913588450607641,
    1.8794068719643677,
    1.2115187252034023,
    1.188297155405112,
    1.1748403348514265,
    1.0790859993609636,
    1.0680841882357606,
    1.0617596907766615,
    1.0236004770801055,
    1.0158383418949846,
    1.0100597205330761,
    0.9599935425726395,
    0.9546470024954229,
    0.9491447613225968,
    0.9118156898177092,
    0.9075442419371791,
    0.9035501508961399,
    0.8682979346431612,
    0.8648335193344556,
    0.8597357057770315,
    0.8341139776968646,
    0.8299502972340007,
    0.826514359959011,
    0.7874241070596422,
    0.7830257916361704,
    0.7810938963232982,
    0.7493272017500254,
    0.7457931102765117,
    0.7439939779276289,
    0.7400537872447648,
    0.7372186859892733,
    0.7351780950024142,
    0.712181422297515,
    0.7089876199567784,
    0.7065514542537028,
    0.6846356337518887,
    0.6833019083438638,
    0.6799262768729439,
    0.6595554554928614,
    0.656349986403126,
    0.6553940790769552,
    0.6237522701089386,
    0.6228851048862024,
    0.6197109486581671,
    0.6179906583809098,
    0.6154206509474713,
    0.6158774737095256,
    0.6211434404055277,
    0.6170766536749941,
    0.6159913658651782,
    0.5869446764223181,
    0.5853079971432464,
    0.5839726808350846,
    0.5743025867632647,
    0.5736018267201756,
    0.5699150062806113,
    0.5767050061367965,
    0.5765736686894791,
    0.5751653880824368,
    0.5693276645528982,
    0.5674274894556298,
    0.5681113550782869,
    0.5453325975651626,
    0.5450852720320114,
    0.5418091076712369,
    0.5475497702535527,
    0.5455468088332945,
    0.5434183001629245,
    0.5335030056799812,
    0.5326697868563831,
    0.5316406953490203,
    0.5162388147366558,
    0.5143415610994485,
    0.513665246785908
  ],
  "train_reconstruction_loss": [
    0.010766923117140928,
    0.010515311127615263,
    0.010513192519642675,
    0.010513097656547357,
    0.010513110285767074,
    0.010513167332309807,
    0.010513167928911233,
    0.010513104817498774,
    0.010513124167156064,
    0.01051320532229304,
    0.010513066893419186,
    0.01051315466320104,
    0.010513268607136146,
    0.010513092406801672,
    0.010513207075676883,
    0.010513159014575973,
    0.010513121600382487,
    0.010513188279263357,
    0.010513102812640493,
    0.010513076716531034,
    0.010513173048583933,
    0.010513132781456302,
    0.010513075339491695,
    0.010513188742323184,
    0.010513086491082301,
    0.010513150577174996,
    0.010513134980556907,
    0.010513043653712481,
    0.010513148816853928,
    0.010513164182809256,
    0.010513212224832794,
    0.01051306194717713,
    0.010513091577803179,
    0.010513179817582086,
    0.010513026934998107,
    0.010513106477230066,
    0.01051311019038022,
    0.01051318827752905,
    0.010513147122436506,
    0.010513154505379152,
    0.010513058785536435,
    0.010513119970134406,
    0.010513084557330587,
    0.010513102496996716,
    0.010513153934792322,
    0.01051314543495631,
    0.010513104456763027,
    0.010513048698810003,
    0.010513182505757116,
    0.010513039427207613,
    0.010513150969128257,
    0.010513170032624981,
    0.010513172890762043,
    0.01051317566912101,
    0.010513112993019475,
    0.010513077498703251,
    0.010513068622522735,
    0.010513032710238653,
    0.010513173692011633,
    0.010513114609393106,
    0.01051315669754253,
    0.01051298639558436,
    0.010513206591805378,
    0.010513172070435084,
    0.010513123452621799,
    0.010513177367007045,
    0.01051317879954419,
    0.010513190096816538,
    0.010513256395884287,
    0.010513117170963763,
    0.010513176335094694,
    0.010513108294783247,
    0.010513199871367805,
    0.010513060849361135,
    0.01051308234435553
  ],