{
  "epoch": [
    1,
    2,
    3,
    4,
    5,
    6,
    7,
    8,
    9,
    10,
    11,
    12,
    13,
    14,
    15,
    16,
    17,
    18,
    19,
    20,
    21,
    22,
    23,
    24,
    25,
    26,
    27,
    28
  ],
  "train_loss": [
    1.933213587135798,
    1.8913588450607641,
    1.8794068719643677,
    1.2115187252034023,
    1.188297155405112,
    1.1748403348514265,
    1.0790859993609636,
    1.0680841882357606,
    1.0617596907766615,
    1.0236004770801055,
    1.0158383418949846,
    1.0100597205330761,
    0.9599935425726395,
    0.9546470024954229,
    0.9491447613225968,
    0.9118156898177092,
    0.9075442419371791,
    0.9035501508961399,
    0.8682979346431612,
    0.8648335193344556,
    0.8597357057770315,
    0.8341139776968646,
    0.8299502972340007,
    0.826514359959011,
    0.7874241070596422,
    0.7830257916361704,
    0.7810938963232982,
    0.7493272017500254
  ],
  "train_contrastive_loss": [
    1.933213587135798,
    1.8913588450607641,
    1.8794068719643677,
    1.2115187252034023,
    1.188297155405112,
    1.1748403348514265,
    1.0790859993609636,
    1.0680841882357606,
    1.0617596907766615,
    1.0236004770801055,
    1.0158383418949846,
    1.0100597205330761,
    0.9599935425726395,
    0.9546470024954229,
    0.9491447613225968,
    0.9118156898177092,
    0.9075442419371791,
    0.9035501508961399,
    0.8682979346431612,
    0.8648335193344556,
    0.8597357057770315,
    0.8341139776968646,
    0.8299502972340007,
    0.826514359959011,
    0.7874241070596422,
    0.7830257916361704,
    0.7810938963232982,
    0.7493272017500254
  ],
  "train_reconstruction_loss": [
    0.010766923117140928,
    0.010515311127615263,
    0.010513192519642675,
    0.010513097656547357,
    0.010513110285767074,
    0.010513167332309807,
    0.010513167928911233,
    0.010513104817498774,
    0.010513124167156064,
    0.01051320532229304,
    0.010513066893419186,
    0.01051315466320104,
    0.010513268607136146,
    0.010513092406801672,
    0.010513207075676883,
    0.010513159014575973,
    0.010513121600382487,
    0.010513188279263357,
    0.010513102812640493,
    0.010513076716531034,
    0.010513173048583933,
    0.010513132781456302,
    0.010513075339491695,
    0.010513188742323184,
    0.010513086491082301,
    0.010513150577174996,
    0.010513134980556907,
    0.010513043653712481
  ],
  "val_loss": [
    1.8914782073762682,
    1.8795074886745877,
    1.8730563984976873,
    1.1972095039155748,
    1.1805273691813152,
    1.181093732515971,
    1.0917130178875394,
    1.0906902419196234,
    1.0748899380366008,
    1.0480678876241047,
    1.0442036257849798,
    1.0486166742112901,
    1.0036335521274142,
    0.9956318802303739,
    0.9947163462638855,
    0.9785362746980455,
    0.9567609892951118,
    0.9667714436848959,
    0.922774506939782,
    0.940466218524509,
    0.927002489566803,
    0.9025302396880256,
    0.9036490254931979,
    0.9042112165027194,
    0.8683143787913852,
    0.8660066194004483,
    0.8708874781926473,
    0.8351372480392456
  ],
  "val_contrastive_loss": [
    1.8914782073762682,
    1.8795074886745877,
    1.8730563984976873,
    1.1972095039155748,
    1.1805273691813152,
    1.181093732515971,
    1.0917130178875394,
    1.0906902419196234,
    1.0748899380366008,
    1.0480678876241047,
    1.0442036257849798,
    1.0486166742112901,
    1.0036335521274142,
    0.9956318802303739,
    0.9947163462638855,
    0.9785362746980455,
    0.9567609892951118,
    0.9667714436848959,
    0.922774506939782,
    0.940466218524509,
    0.927002489566803,
    0.9025302396880256,
    0.9036490254931979,
    0.9042112165027194,
    0.8683143787913852,
    0.8660066194004483,
    0.8708874781926473,
    0.8351372480392456
  ],
  "val_reconstruction_loss": [
    0.010453083862860998,
    0.010439266140262285,
    0.010444384068250656,
    0.010438288148078654,
    0.010442023682925437,
    0.010437414464023378,
    0.01044299163752132,
    0.010439945281379752,
    0.010441239923238754,
    0.010444158998628458,
    0.010439969392286407,
    0.010440307151940133,
    0.010438207226494947,
    0.01044246181845665,
    0.010444867114226023,
    0.010441914511223635,
    0.010440436295337148,
    0.010440178525944551,
    0.01043944371243318,
    0.010438020341098309,
    0.010438225025104152,
    0.010437734942469332,
    0.010442308978074126,
    0.010441074872182475,
    0.010438544261786673,
    0.010442160897784762,
    0.010440620800687207,
    0.01044273210896386
  ],
  "learning_rate": [
    0.0001,
    0.0001,
    0.0001,
    0.0001,
    0.0001,
    0.0001,
    0.0001,
    0.0001,
    0.0001,
    0.0001,
    0.0001,
    0.0001,
    0.0001,
    0.0001,
    0.0001,
    0.0001,
    0.0001,
    0.0001,
    0.0001,
    0.0001,
    0.0001,
    0.0001,
    0.0001,
    0.0001,
    0.0001,
    0.0001,
    0.0001,
    0.0001
  ],
  "train_separation_ratio": [
    1.6314966136758977,
    2.200449000705372,
    2.383758154782382,
    2.545406840064309,
    2.7645825906233354,
    2.960607268593528,
    2.993776711550626,
    3.0573771541768853,
    3.1820553866299717,
    3.240500883622603,
    3.244460626081987,
    3.385126330635764,
    3.413827993653037,
    3.483958764509721,
    3.5415508421984585,
    3.600994966246865,
    3.682219689542597,
    3.714459451762113,
    3.767272028056058,
    3.733189734545621,
    3.8071166602048008,
    3.836877942085266,
    3.858279509977861,
    3.9523461406881157,
    3.87328547781164,
    4.051372874866832,
    3.9837768294594507,
    4.0852895108136265
  ],
  "val_separation_ratio": [
    2.165969000922309,
    2.3957388401031494,
    2.5637411541408963,
    2.659365256627401,
    2.772536940044827,
    2.8288376331329346,
    2.876074102189806,
    2.893435928556654,
    2.9706297980414496,
    2.990385373433431,
    2.967946237987942,
    3.0082540247175427,
    3.0237598684098987,
    3.0207822587754993,
    3.049700445599026,
    3.017414781782362,
    3.0932709640926785,
    3.0331339836120605,
    3.0802713765038385,
    3.0442113081614175,
    3.046514696545071,
    3.067886882358127,
    3.094397942225138,
    3.0661487579345703,
    3.0648174815707736,
    3.0757302708095975,
    3.069480578104655,
    3.09525900416904
  ]
}