{
  "epoch": [
    1,
    2,
    3,
    4,
    5
  ],
  "train_loss": [
    1.933213587135798,
    1.8913588450607641,
    1.8794068719643677,
    1.2115187252034023,
    1.188297155405112
  ],
  "train_contrastive_loss": [
    1.933213587135798,
    1.8913588450607641,
    1.8794068719643677,
    1.2115187252034023,
    1.188297155405112
  ],
  "train_reconstruction_loss": [
    0.010766923117140928,
    0.010515311127615263,
    0.010513192519642675,
    0.010513097656547357,
    0.010513110285767074
  ],
  "val_loss": [
    1.8914782073762682,
    1.8795074886745877,
    1.8730563984976873,
    1.1972095039155748,
    1.1805273691813152
  ],
  "val_contrastive_loss": [
    1.8914782073762682,
    1.8795074886745877,
    1.8730563984976873,
    1.1972095039155748,
    1.1805273691813152
  ],
  "val_reconstruction_loss": [
    0.010453083862860998,
    0.010439266140262285,
    0.010444384068250656,
    0.010438288148078654,
    0.010442023682925437
  ],
  "learning_rate": [
    0.0001,
    0.0001,
    0.0001,
    0.0001,
    0.0001
  ],
  "train_separation_ratio": [
    1.6314966136758977,
    2.200449000705372,
    2.383758154782382,
    2.545406840064309,
    2.7645825906233354
  ],
  "val_separation_ratio": [
    2.165969000922309,
    2.3957388401031494,
    2.5637411541408963,
    2.659365256627401,
    2.772536940044827
  ]
}