model_name,accuracy_mean,accuracy_std,accuracy_min,accuracy_max,coefficient_of_variation,consistency,runs_above_90_percent,runs_above_95_percent,runs_above_99_percent,successful_runs,sbert_retention_percent
contrastive+recon_no_attention,0.6533333333333333,0.052068331172711015,0.5333333333333333,0.7333333333333333,0.0796964252643536,GOOD (Reasonably consistent),0,0,0,10,65.33333333333333
moor_signatureh0h1_lifted_no_attention,0.49000000000000005,0.05587684871413403,0.36666666666666664,0.5666666666666667,0.11403438513088576,MODERATE (Some variation),0,0,0,10,49.00000000000001
moor_signatureh0only_lifted_no_attention,0.5666666666666667,0.05163977794943221,0.5,0.6666666666666666,0.09112901991076273,GOOD (Reasonably consistent),0,0,0,10,56.666666666666664
moor_topo+contrastive_no_attention,0.7866666666666666,0.0686375342732467,0.6666666666666666,0.8666666666666667,0.08725110288972039,GOOD (Reasonably consistent),0,0,0,10,78.66666666666666
