{
  "epoch": [
    1,
    2,
    3,
    4,
    5,
    6,
    7,
    8,
    9,
    10
  ],
  "train_loss": [
    1.9296381040658366,
    1.8866775335546313,
    1.8732500071854121,
    1.213508457888882,
    1.19170587333665,
    1.1771848050797673,
    1.0957365175865217,
    1.0865992713906911,
    1.077466078976679,
    1.0104018027999992
  ],
  "train_contrastive_loss": [
    1.9296381040658366,
    1.8866775335546313,
    1.8732500071854121,
    1.213508457888882,
    1.19170587333665,
    1.1771848050797673,
    1.0957365175865217,
    1.0865992713906911,
    1.077466078976679,
    1.0104018027999992
  ],
  "train_reconstruction_loss": [
    0.01077708638372035,
    0.010515490168743737,
    0.010513198629604372,
    0.010513134699599259,
    0.010513185348285421,
    0.010513086432115881,
    0.010513132991307385,
    0.010513087507385893,
    0.010513221265772423,
    0.010513086648904189
  ],
  "val_loss": [
    1.8898940351274278,
    1.8739350239435832,
    1.8676121764712863,
    1.1971474356121488,
    1.187412805027432,
    1.1939283609390259,
    1.1131989823447332,
    1.1038936641481187,
    1.0987598763571844,
    1.0311570829815335
  ],
  "val_contrastive_loss": [
    1.8898940351274278,
    1.8739350239435832,
    1.8676121764712863,
    1.1971474356121488,
    1.187412805027432,
    1.1939283609390259,
    1.1131989823447332,
    1.1038936641481187,
    1.0987598763571844,
    1.0311570829815335
  ],
  "val_reconstruction_loss": [
    0.010450149989790387,
    0.010440715692109533,
    0.010442158414257897,
    0.010441515698201127,
    0.010442297905683517,
    0.010440265966786278,
    0.010439774745868312,
    0.010441166969637075,
    0.01044107187125418,
    0.010441639771064123
  ],
  "learning_rate": [
    0.0001,
    0.0001,
    0.0001,
    0.0001,
    0.0001,
    0.0001,
    0.0001,
    0.0001,
    0.0001,
    0.0001
  ],
  "train_separation_ratio": [
    1.645807309584184,
    2.175449886105277,
    2.3662584694949063,
    2.5137113224376333,
    2.711039521477439,
    2.816975636915727,
    2.968445496125655,
    2.981997110626914,
    3.095754471692172,
    3.1651159416545522
  ],
  "val_separation_ratio": [
    2.1279348532358804,
    2.3687302006615534,
    2.49800976117452,
    2.585570123460558,
    2.7135254277123346,
    2.7498470412360296,
    2.7896412478552923,
    2.837898360358344,
    2.8952152729034424,
    2.9267305533091226
  ]
}