{
  "epoch": [
    1,
    2,
    3,
    4,
    5,
    6,
    7,
    8,
    9,
    10,
    11,
    12,
    13,
    14,
    15,
    16,
    17,
    18,
    19,
    20,
    21,
    22,
    23,
    24,
    25,
    26,
    27,
    28,
    29,
    30,
    31,
    32,
    33,
    34,
    35,
    36,
    37,
    38,
    39,
    40,
    41,
    42,
    43,
    44,
    45,
    46,
    47,
    48,
    49,
    50,
    51,
    52,
    53,
    54,
    55,
    56,
    57,
    58,
    59
  ],
  "train_loss": [
    1.9296381040658366,
    1.8866775335546313,
    1.8732500071854121,
    1.213508457888882,
    1.19170587333665,
    1.1771848050797673,
    1.0957365175865217,
    1.0865992713906911,
    1.077466078976679,
    1.0104018027999992,
    1.0029104082278033,
    0.9968356281463439,
    0.9455895790174687,
    0.9382636218541606,
    0.9338148202976035,
    0.9041487355915971,
    0.8992974532827097,
    0.8943473629001355,
    0.866611198451044,
    0.8635702339630553,
    0.8573910061207564,
    0.8191878529234305,
    0.8150898743164162,
    0.811749366075633,
    0.7689245678415068,
    0.7652988770154602,
    0.7609882990741197,
    0.7370465828497761,
    0.7328009450013855,
    0.7308591471038051,
    0.7186126490323015,
    0.7168218189333626,
    0.7136137814051168,
    0.6942940903775519,
    0.6932570101828549,
    0.6917183645610703,
    0.6498412224611535,
    0.6484297366337626,
    0.64451884379822,
    0.6457168377755519,
    0.6432439687087771,
    0.6409447830260577,
    0.6230032287496429,
    0.6211812062192451,
    0.6199439397737301,
    0.6158366680589246,
    0.614074928800487,
    0.6126013816623936,
    0.6063336494692655,
    0.6052557802733096,
    0.6028167437796708,
    0.5866665247432347,
    0.5845449603469678,
    0.582766133424734,
    0.5911508068248102,
    0.5891083517776077,
    0.5874041570853477,
    0.5576643678507104,
    0.5556855246119438
  ],
  "train_contrastive_loss": [
    1.9296381040658366,
    1.8866775335546313,
    1.8732500071854121,
    1.213508457888882,
    1.19170587333665,
    1.1771848050797673,
    1.0957365175865217,
    1.0865992713906911,
    1.077466078976679,
    1.0104018027999992,
    1.0029104082278033,
    0.9968356281463439,
    0.9455895790174687,
    0.9382636218541606,
    0.9338148202976035,
    0.9041487355915971,
    0.8992974532827097,
    0.8943473629001355,
    0.866611198451044,
    0.8635702339630553,
    0.8573910061207564,
    0.8191878529234305,
    0.8150898743164162,
    0.811749366075633,
    0.7689245678415068,
    0.7652988770154602,
    0.7609882990741197,
    0.7370465828497761,
    0.7328009450013855,
    0.7308591471038051,
    0.7186126490323015,
    0.7168218189333626,
    0.7136137814051168,
    0.6942940903775519,
    0.6932570101828549,
    0.6917183645610703,
    0.6498412224611535,
    0.6484297366337626,
    0.64451884379822,
    0.6457168377755519,
    0.6432439687087771,
    0.6409447830260577,
    0.6230032287496429,
    0.6211812062192451,
    0.6199439397737301,
    0.6158366680589246,
    0.614074928800487,
    0.6126013816623936,
    0.6063336494692655,
    0.6052557802733096,
    0.6028167437796708,
    0.5866665247432347,
    0.5845449603469678,
    0.582766133424734,
    0.5911508068248102,
    0.5891083517776077,
    0.5874041570853477,
    0.5576643678507104,
    0.5556855246119438
  ],
  "train_reconstruction_loss": [
    0.01077708638372035,
    0.010515490168743737,
    0.010513198629604372,
    0.010513134699599259,
    0.010513185348285421,
    0.010513086432115881,
    0.010513132991307385,
    0.010513087507385893,
    0.010513221265772423,
    0.010513086648904189,
    0.010513105414100199,
    0.010513121733924087,
    0.010513119212242478,
    0.010513167363527323,
    0.010513190613639865,
    0.010513128978122213,
    0.010513081508419812,
    0.010513204269569013,
    0.010513156912596532,
    0.010513172127667197,
    0.010513175282370666,
    0.010513104416873979,
    0.010513118893130087,
    0.010513158998967216,
    0.010513052274949945,
    0.010513128667681355,
    0.010513149364894774,
    0.010513032132714598,
    0.010513211250152556,
    0.01051304687778821,
    0.010513096919467108,
    0.010513151855358864,
    0.010513113497702658,
    0.01051313455218321,
    0.010513121773813135,
    0.010513051742517859,
    0.010513198633072984,
    0.010513129403027299,
    0.010513099113364793,
    0.010513177382615802,
    0.010513105974281189,
    0.01051317365905981,
    0.010513186602188999,
    0.010513233097211165,
    0.010513096635040846,
    0.01051305117193103,
    0.010513122059973703,
    0.010513135020445956,
    0.010513085261459013,
    0.010513227791967672,
    0.010513238801345146,
    0.010513159255644574,
    0.010513244536696643,
    0.010513186295216755,
    0.010513126994075611,
    0.01051319036563404,
    0.010513131676703081,
    0.010513201570988145,
    0.010513198442299273
  ],
  "val_loss": [
    1.8898940351274278,
    1.8739350239435832,
    1.8676121764712863,
    1.1971474356121488,
    1.187412805027432,
    1.1939283609390259,
    1.1131989823447332,
    1.1038936641481187,
    1.0987598763571844,
    1.0311570829815335,
    1.0343877739376492,
    1.0312082635031805,
    0.9909627901183234,
    0.9802348679966397,
    0.9927617377705045,
    0.9545248415735033,
    0.9704410698678758,
    0.9571444657113817,
    0.9369096623526679,
    0.9256836109691196,
    0.9343411922454834,
    0.8886103497611152,
    0.889097081290351,
    0.8917784757084317,
    0.8464630511071947,
    0.8568392793337504,
    0.8408744202719795,
    0.8248467180464003,
    0.818853669696384,
    0.8230876723925272,
    0.8121791746881273,
    0.8139279087384542,
    0.8089264300134447,
    0.7942070696089003,
    0.7909411125712924,
    0.7992297874556648,
    0.7573811875449287,
    0.7618372241655985,
    0.7636228601137797,
    0.7720541689130995,
    0.7608370317353143,
    0.7703599135080973,
    0.7445185052023994,
    0.7531790269745721,
    0.7467144661479526,
    0.748679432604048,
    0.7472004493077596,
    0.747120115492079,
    0.7418830063607957,
    0.7526692615614997,
    0.7422995699776543,
    0.7348103192117479,
    0.7257295383347405,
    0.7308213313420614,
    0.7468579345279269,
    0.7360748317506578,
    0.7427740825547112,
    0.7097819182607863,
    0.7042650116814507
  ],
  "val_contrastive_loss": [
    1.8898940351274278,
    1.8739350239435832,
    1.8676121764712863,
    1.1971474356121488,
    1.187412805027432,
    1.1939283609390259,
    1.1131989823447332,
    1.1038936641481187,
    1.0987598763571844,
    1.0311570829815335,
    1.0343877739376492,
    1.0312082635031805,
    0.9909627901183234,
    0.9802348679966397,
    0.9927617377705045,
    0.9545248415735033,
    0.9704410698678758,
    0.9571444657113817,
    0.9369096623526679,
    0.9256836109691196,
    0.9343411922454834,
    0.8886103497611152,
    0.889097081290351,
    0.8917784757084317,
    0.8464630511071947,
    0.8568392793337504,
    0.8408744202719795,
    0.8248467180464003,
    0.818853669696384,
    0.8230876723925272,
    0.8121791746881273,
    0.8139279087384542,
    0.8089264300134447,
    0.7942070696089003,
    0.7909411125712924,
    0.7992297874556648,
    0.7573811875449287,
    0.7618372241655985,
    0.7636228601137797,
    0.7720541689130995,
    0.7608370317353143,
    0.7703599135080973,
    0.7445185052023994,
    0.7531790269745721,
    0.7467144661479526,
    0.748679432604048,
    0.7472004493077596,
    0.747120115492079,
    0.7418830063607957,
    0.7526692615614997,
    0.7422995699776543,
    0.7348103192117479,
    0.7257295383347405,
    0.7308213313420614,
    0.7468579345279269,
    0.7360748317506578,
    0.7427740825547112,
    0.7097819182607863,
    0.7042650116814507
  ],