{
  "epoch": [
    1,
    2,
    3,
    4,
    5,
    6,
    7,
    8,
    9,
    10,
    11,
    12,
    13,
    14,
    15,
    16,
    17,
    18,
    19,
    20,
    21,
    22,
    23,
    24,
    25,
    26,
    27,
    28,
    29,
    30,
    31,
    32,
    33,
    34
  ],
  "train_loss": [
    1.9296381040658366,
    1.8866775335546313,
    1.8732500071854121,
    1.213508457888882,
    1.19170587333665,
    1.1771848050797673,
    1.0957365175865217,
    1.0865992713906911,
    1.077466078976679,
    1.0104018027999992,
    1.0029104082278033,
    0.9968356281463439,
    0.9455895790174687,
    0.9382636218541606,
    0.9338148202976035,
    0.9041487355915971,
    0.8992974532827097,
    0.8943473629001355,
    0.866611198451044,
    0.8635702339630553,
    0.8573910061207564,
    0.8191878529234305,
    0.8150898743164162,
    0.811749366075633,
    0.7689245678415068,
    0.7652988770154602,
    0.7609882990741197,
    0.7370465828497761,
    0.7328009450013855,
    0.7308591471038051,
    0.7186126490323015,
    0.7168218189333626,
    0.7136137814051168,
    0.6942940903775519
  ],
  "train_contrastive_loss": [
    1.9296381040658366,
    1.8866775335546313,
    1.8732500071854121,
    1.213508457888882,
    1.19170587333665,
    1.1771848050797673,
    1.0957365175865217,
    1.0865992713906911,
    1.077466078976679,
    1.0104018027999992,
    1.0029104082278033,
    0.9968356281463439,
    0.9455895790174687,
    0.9382636218541606,
    0.9338148202976035,
    0.9041487355915971,
    0.8992974532827097,
    0.8943473629001355,
    0.866611198451044,
    0.8635702339630553,
    0.8573910061207564,
    0.8191878529234305,
    0.8150898743164162,
    0.811749366075633,
    0.7689245678415068,
    0.7652988770154602,
    0.7609882990741197,
    0.7370465828497761,
    0.7328009450013855,
    0.7308591471038051,
    0.7186126490323015,
    0.7168218189333626,
    0.7136137814051168,
    0.6942940903775519
  ],
  "train_reconstruction_loss": [
    0.01077708638372035,
    0.010515490168743737,
    0.010513198629604372,
    0.010513134699599259,
    0.010513185348285421,
    0.010513086432115881,
    0.010513132991307385,
    0.010513087507385893,
    0.010513221265772423,
    0.010513086648904189,
    0.010513105414100199,
    0.010513121733924087,
    0.010513119212242478,
    0.010513167363527323,
    0.010513190613639865,
    0.010513128978122213,
    0.010513081508419812,
    0.010513204269569013,
    0.010513156912596532,
    0.010513172127667197,
    0.010513175282370666,
    0.010513104416873979,
    0.010513118893130087,
    0.010513158998967216,
    0.010513052274949945,
    0.010513128667681355,
    0.010513149364894774,
    0.010513032132714598,
    0.010513211250152556,
    0.01051304687778821,
    0.010513096919467108,
    0.010513151855358864,
    0.010513113497702658,
    0.01051313455218321
  ],
  "val_loss": [
    1.8898940351274278,
    1.8739350239435832,
    1.8676121764712863,
    1.1971474356121488,
    1.187412805027432,
    1.1939283609390259,
    1.1131989823447332,
    1.1038936641481187,
    1.0987598763571844,
    1.0311570829815335,
    1.0343877739376492,
    1.0312082635031805,
    0.9909627901183234,
    0.9802348679966397,
    0.9927617377705045,
    0.9545248415735033,
    0.9704410698678758,
    0.9571444657113817,
    0.9369096623526679,
    0.9256836109691196,
    0.9343411922454834,
    0.8886103497611152,
    0.889097081290351,
    0.8917784757084317,
    0.8464630511071947,
    0.8568392793337504,
    0.8408744202719795,
    0.8248467180464003,
    0.818853669696384,
    0.8230876723925272,
    0.8121791746881273,
    0.8139279087384542,
    0.8089264300134447,
    0.7942070696089003
  ],
  "val_contrastive_loss": [
    1.8898940351274278,
    1.8739350239435832,
    1.8676121764712863,
    1.1971474356121488,
    1.187412805027432,
    1.1939283609390259,
    1.1131989823447332,
    1.1038936641481187,
    1.0987598763571844,
    1.0311570829815335,
    1.0343877739376492,
    1.0312082635031805,
    0.9909627901183234,
    0.9802348679966397,
    0.9927617377705045,
    0.9545248415735033,
    0.9704410698678758,
    0.9571444657113817,
    0.9369096623526679,
    0.9256836109691196,
    0.9343411922454834,
    0.8886103497611152,
    0.889097081290351,
    0.8917784757084317,
    0.8464630511071947,
    0.8568392793337504,
    0.8408744202719795,
    0.8248467180464003,
    0.818853669696384,
    0.8230876723925272,
    0.8121791746881273,
    0.8139279087384542,
    0.8089264300134447,
    0.7942070696089003
  ],
  "val_reconstruction_loss": [
    0.010450149989790387,
    0.010440715692109533,
    0.010442158414257897,
    0.010441515698201127,
    0.010442297905683517,
    0.010440265966786278,
    0.010439774745868312,
    0.010441166969637075,
    0.01044107187125418,
    0.010441639771064123,
    0.01044126527590884,
    0.010444611931840578,
    0.01043650870107942,
    0.01044291951176193,
    0.010440523322257731,
    0.01044422895130184,
    0.010443187836143706,
    0.01044189671261443,
    0.01043985297696458,
    0.010444055621822676,
    0.010443697373072306,
    0.010442073974344466,
    0.010438958182930946,
    0.010440426878631115,
    0.010438903441859616,
    0.010440048037303818,
    0.01044056678397788,
    0.010441115126013756,
    0.010442661431928476,
    0.010439846043785414,
    0.01044190302491188,
    0.010439799684617255,
    0.010441386037402682,
    0.010442832795282206
  ],
  "learning_rate": [
    0.0001,
    0.0001,
    0.0001,
    0.0001,
    0.0001,
    0.0001,
    0.0001,
    0.0001,
    0.0001,
    0.0001,
    0.0001,
    0.0001,
    0.0001,
    0.0001,
    0.0001,
    0.0001,
    0.0001,
    0.0001,
    0.0001,
    0.0001,
    0.0001,
    0.0001,
    0.0001,
    0.0001,
    0.0001,
    0.0001,
    0.0001,
    0.0001,
    0.0001,
    0.0001,
    0.0001,
    0.0001,
    0.0001,
    0.0001
  ],
  "train_separation_ratio": [
    1.645807309584184,
    2.175449886105277,
    2.3662584694949063,
    2.5137113224376333,
    2.711039521477439,
    2.816975636915727,
    2.968445496125655,
    2.981997110626914,
    3.095754471692172,
    3.1651159416545522,
    3.2341068983078003,
    3.311846473000266,
    3.4084018685600976,
    3.456410039554943,
    3.5045014836571435,
    3.499394882809032,
    3.6755438284440474,
    3.6368888399817725,
    3.6433058868754995,
    3.755441091277383,
    3.8032685735008935,
    3.8396030230955644,
    3.832872358235446,
    3.9283622286536475,
    4.006619886918501,
    4.023587096821178,
    4.115760889920321,
    4.0776776833967725,
    4.0971869663758715,
    4.184213887561452,
    4.146989703178406,
    4.15949699011716,
    4.168253140016035,
    4.182837052778765
  ],
  "val_separation_ratio": [
    2.1279348532358804,
    2.3687302006615534,
    2.49800976117452,
    2.585570123460558,
    2.7135254277123346,
    2.7498470412360296,
    2.7896412478552923,
    2.837898360358344,
    2.8952152729034424,
    2.9267305533091226,
    2.9226156075795493,
    2.960737864176432,
    2.9538396994272866,
    3.012358797921075,
    2.9719288614061146,
    3.01183991962009,
    3.0066252284579806,
    3.023885038163927,
    3.036207331551446,
    3.0409221119350858,
    3.077838076485528,
    3.0794582631852894,
    3.101925002204047,
    3.0712298022376165,
    3.116397804684109,
    3.0558398299747043,
    3.123204151789347,
    3.1122723155551486,
    3.087656365500556,
    3.1206788221995034,
    3.0978168646494546,
    3.1180211967892117,
    3.0851133134629993,
    3.129042387008667
  ]
}