{
  "epoch": [
    1,
    2
  ],
  "train_loss": [
    1.9296381040658366,
    1.8866775335546313
  ],
  "train_contrastive_loss": [
    1.9296381040658366,
    1.8866775335546313
  ],
  "train_reconstruction_loss": [
    0.01077708638372035,
    0.010515490168743737
  ],
  "val_loss": [
    1.8898940351274278,
    1.8739350239435832
  ],
  "val_contrastive_loss": [
    1.8898940351274278,
    1.8739350239435832
  ],
  "val_reconstruction_loss": [
    0.010450149989790387,
    0.010440715692109533
  ],
  "learning_rate": [
    0.0001,
    0.0001
  ],
  "train_separation_ratio": [
    1.645807309584184,
    2.175449886105277
  ],
  "val_separation_ratio": [
    2.1279348532358804,
    2.3687302006615534
  ]
}