{
  "epoch": [
    1
  ],
  "train_loss": [
    1.9296381040658366
  ],
  "train_contrastive_loss": [
    1.9296381040658366
  ],
  "train_reconstruction_loss": [
    0.01077708638372035
  ],
  "val_loss": [
    1.8898940351274278
  ],
  "val_contrastive_loss": [
    1.8898940351274278
  ],
  "val_reconstruction_loss": [
    0.010450149989790387
  ],
  "learning_rate": [
    0.0001
  ],
  "train_separation_ratio": [
    1.645807309584184
  ],
  "val_separation_ratio": [
    2.1279348532358804
  ]
}