{
  "epoch": [
    1,
    2,
    3
  ],
  "train_loss": [
    1.9296381040658366,
    1.8866775335546313,
    1.8732500071854121
  ],
  "train_contrastive_loss": [
    1.9296381040658366,
    1.8866775335546313,
    1.8732500071854121
  ],
  "train_reconstruction_loss": [
    0.01077708638372035,
    0.010515490168743737,
    0.010513198629604372
  ],
  "val_loss": [
    1.8898940351274278,
    1.8739350239435832,
    1.8676121764712863
  ],
  "val_contrastive_loss": [
    1.8898940351274278,
    1.8739350239435832,
    1.8676121764712863
  ],
  "val_reconstruction_loss": [
    0.010450149989790387,
    0.010440715692109533,
    0.010442158414257897
  ],
  "learning_rate": [
    0.0001,
    0.0001,
    0.0001
  ],
  "train_separation_ratio": [
    1.645807309584184,
    2.175449886105277,
    2.3662584694949063
  ],
  "val_separation_ratio": [
    2.1279348532358804,
    2.3687302006615534,
    2.49800976117452
  ]
}