{
  "binary_model_fold_1": {
    "accuracy": 0.7147966482730431,
    "f1_macro": 0.7021169778175642,
    "f1_weighted": 0.7217488004247098,
    "precision_macro": 0.7016633188689765,
    "recall_macro": 0.7226287160766715,
    "roc_auc": 0.7932697800030515,
    "confusion_matrix": [
      [
        2488,
        842
      ],
      [
        1949,
        4507
      ]
    ]
  },
  "binary_model_fold_2": {
    "accuracy": 0.7293071735131821,
    "f1_macro": 0.7122439063338997,
    "f1_weighted": 0.7346273613076456,
    "precision_macro": 0.7083933898630752,
    "recall_macro": 0.7255562253703518,
    "roc_auc": 0.7931608653262928,
    "confusion_matrix": [
      [
        2377,
        953
      ],
      [
        1696,
        4760
      ]
    ]
  },
  "binary_model_fold_3": {
    "accuracy": 0.7297159207030451,
    "f1_macro": 0.7122496640602093,
    "f1_weighted": 0.7348956691475195,
    "precision_macro": 0.7082916260179581,
    "recall_macro": 0.7249935809415364,
    "roc_auc": 0.792971549616531,
    "confusion_matrix": [
      [
        2365,
        965
      ],
      [
        1680,
        4776
      ]
    ]
  },
  "binary_model_fold_4": {
    "accuracy": 0.7101982423870836,
    "f1_macro": 0.6984699497058351,
    "f1_weighted": 0.717466137748106,
    "precision_macro": 0.6993400193894508,
    "recall_macro": 0.7207430478805943,
    "roc_auc": 0.7931212346175172,
    "confusion_matrix": [
      [
        2510,
        820
      ],
      [
        2016,
        4440
      ]
    ]
  },
  "binary_model_fold_5": {
    "accuracy": 0.7201103617412631,
    "f1_macro": 0.7059845189541473,
    "f1_weighted": 0.726570712218727,
    "precision_macro": 0.7039988179330988,
    "recall_macro": 0.7239659734083526,
    "roc_auc": 0.7933360870163844,
    "confusion_matrix": [
      [
        2451,
        879
      ],
      [
        1860,
        4596
      ]
    ]
  },
  "ensemble": {
    "accuracy": 0.7207234825260577,
    "f1_macro": 0.7060983761296542,
    "f1_weighted": 0.7270411533147926,
    "precision_macro": 0.7037568457746979,
    "recall_macro": 0.7232674123938064,
    "roc_auc": 0.7934583049592343,
    "confusion_matrix": [
      [
        2435,
        895
      ],
      [
        1838,
        4618
      ]
    ]
  }
}