{
  "epoch": [
    1
  ],
  "train_loss": [
    1.933871730079864
  ],
  "train_contrastive_loss": [
    1.933871730079864
  ],
  "train_reconstruction_loss": [
    0.002017227795800572
  ],
  "val_loss": [
    1.9120157957077026
  ],
  "val_contrastive_loss": [
    1.9120157957077026
  ],
  "val_reconstruction_loss": [
    0.0017395230113632148
  ],
  "learning_rate": [
    0.0001
  ],
  "train_separation_ratio": [
    1.614606266671961
  ],
  "val_separation_ratio": [
    1.8676054080327351
  ]
}