{
  "epoch": [
    1,
    2,
    3,
    4,
    5,
    6,
    7,
    8,
    9,
    10,
    11,
    12,
    13,
    14,
    15,
    16,
    17,
    18,
    19,
    20,
    21,
    22,
    23,
    24,
    25,
    26,
    27,
    28
  ],
  "train_loss": [
    1.933871730079864,
    1.9142212366036642,
    1.9086088938864028,
    1.4320221300231677,
    1.4169589427596363,
    1.4085732722859587,
    1.362366741152005,
    1.3537263814741451,
    1.3470939420011012,
    1.2863541040118625,
    1.2802187890313856,
    1.273708824782842,
    1.2255980468995078,
    1.2206207915613327,
    1.216691228486528,
    1.191283304376087,
    1.1874818551029795,
    1.183195568107804,
    1.1800071580449962,
    1.1785769875489134,
    1.1750496781294129,
    1.1502522498757701,
    1.15021880512131,
    1.1472031111157805,
    1.1235328624146388,
    1.1206595180642893,
    1.118786161838297,
    1.099229262749798
  ],
  "train_contrastive_loss": [
    1.933871730079864,
    1.9142212366036642,
    1.9086088938864028,
    1.4320221300231677,
    1.4169589427596363,
    1.4085732722859587,
    1.362366741152005,
    1.3537263814741451,
    1.3470939420011012,
    1.2863541040118625,
    1.2802187890313856,
    1.273708824782842,
    1.2255980468995078,
    1.2206207915613327,
    1.216691228486528,
    1.191283304376087,
    1.1874818551029795,
    1.183195568107804,
    1.1800071580449962,
    1.1785769875489134,
    1.1750496781294129,
    1.1502522498757701,
    1.15021880512131,
    1.1472031111157805,
    1.1235328624146388,
    1.1206595180642893,
    1.118786161838297,
    1.099229262749798
  ],
  "train_reconstruction_loss": [
    0.002017227795800572,
    0.0017603755171117642,
    0.0017587465164294984,
    0.0017587757306052043,
    0.0017587642659722814,
    0.001758773410319935,
    0.0017588101004404702,
    0.0017587757995438864,
    0.0017587926112604458,
    0.0017587827270142942,
    0.0017587487981264485,
    0.001758756078528223,
    0.0017587422446158733,
    0.0017587724276185313,
    0.0017587673255056837,
    0.001758806424577906,
    0.0017587998721512726,
    0.001758767530804212,
    0.0017587484527826725,
    0.0017587461377003228,
    0.0017587513443051354,
    0.0017587570436697739,
    0.0017587578163033063,
    0.0017587907800496014,
    0.0017587736910607951,
    0.0017587698096829141,
    0.0017587315794982336,
    0.0017587767573146347
  ],
  "val_loss": [
    1.9120157957077026,
    1.9057299031151667,
    1.9060806433359783,
    1.4211769766277738,
    1.4139348268508911,
    1.4112701416015625,
    1.3640772766537137,
    1.3604765865537856,
    1.3637164963616266,
    1.318626046180725,
    1.3176287810007732,
    1.3089706765280829,
    1.2699322832955255,
    1.2648302846484714,
    1.2671318054199219,
    1.2515836424297757,
    1.2496591011683147,
    1.253530118200514,
    1.2513188123703003,
    1.246289783053928,
    1.2490734391742282,
    1.2379733059141371,
    1.2329908741845026,
    1.231950322786967,
    1.2199490202797785,
    1.2179988622665405,
    1.2158468299441867,
    1.1930432187186346
  ],
  "val_contrastive_loss": [
    1.9120157957077026,
    1.9057299031151667,
    1.9060806433359783,
    1.4211769766277738,
    1.4139348268508911,
    1.4112701416015625,
    1.3640772766537137,
    1.3604765865537856,
    1.3637164963616266,
    1.318626046180725,
    1.3176287810007732,
    1.3089706765280829,
    1.2699322832955255,
    1.2648302846484714,
    1.2671318054199219,
    1.2515836424297757,
    1.2496591011683147,
    1.253530118200514,
    1.2513188123703003,
    1.246289783053928,
    1.2490734391742282,
    1.2379733059141371,
    1.2329908741845026,
    1.231950322786967,
    1.2199490202797785,
    1.2179988622665405,
    1.2158468299441867,
    1.1930432187186346
  ],
  "val_reconstruction_loss": [
    0.0017395230113632148,
    0.0017315214758531915,
    0.001731006144028571,
    0.001730563959831165,
    0.001729444678251942,
    0.0017297877283352944,
    0.0017317373745350374,
    0.001732088509015739,
    0.0017305013025179505,
    0.0017300339726110299,
    0.0017311358306970862,
    0.0017309278870622318,
    0.0017307448045661051,
    0.0017313248633096616,
    0.0017309108128150303,
    0.001731230489288767,
    0.0017309687229701215,
    0.0017315966542810202,
    0.0017311169326098429,
    0.0017315082821167177,
    0.001730692262450854,
    0.0017307814365873735,
    0.001731302498632835,
    0.0017310384816179674,
    0.0017319188272166583,
    0.0017307227891352442,
    0.0017309565640365083,
    0.00173098208486206
  ],
  "learning_rate": [
    0.0001,
    0.0001,
    0.0001,
    0.0001,
    0.0001,
    0.0001,
    0.0001,
    0.0001,
    0.0001,
    0.0001,
    0.0001,
    0.0001,
    0.0001,
    0.0001,
    0.0001,
    0.0001,
    0.0001,
    0.0001,
    0.0001,
    0.0001,
    0.0001,
    0.0001,
    0.0001,
    0.0001,
    0.0001,
    0.0001,
    0.0001,
    0.0001
  ],
  "train_separation_ratio": [
    1.614606266671961,
    1.8076311078938572,
    1.8830414847894148,
    1.9429672414606267,
    2.0581434206529097,
    2.107292652130127,
    2.2134735692631113,
    2.274090983650901,
    2.310102636163885,
    2.40564104643735,
    2.4030467488548974,
    2.4918906580318105,
    2.5218724445863203,
    2.587437965653159,
    2.6089059222828257,
    2.694213628768921,
    2.7120393081144853,
    2.800250627777793,
    2.7139971906488594,
    2.801094651222229,
    2.814676111394709,
    2.8886916529048574,
    2.9030390761115332,
    2.906585444103588,
    2.9662463665008545,
    3.031787319616838,
    3.0091265223243018,
    3.0802036957307295
  ],
  "val_separation_ratio": [
    1.8676054080327351,
    1.9296444522009955,
    1.9467987484402127,
    1.9995338651869032,
    2.0483027166790433,
    2.071614384651184,
    2.084201799498664,
    2.1562688880496554,
    2.134973155127631,
    2.124911387761434,
    2.147065136167738,
    2.183096965154012,
    2.1744805177052817,
    2.173699484931098,
    2.1755264865027533,
    2.1425304147932263,
    2.1743447515699597,
    2.1633806228637695,
    2.1481464174058704,
    2.1815742916531033,
    2.1440478960673013,
    2.166866249508328,
    2.1511316299438477,
    2.169540935092502,
    2.1485097143385143,
    2.1584313445621066,
    2.161579145325555,
    2.202938185797797
  ]
}