{
  "epoch": [
    1,
    2,
    3,
    4,
    5,
    6,
    7,
    8,
    9,
    10,
    11,
    12,
    13,
    14,
    15,
    16,
    17,
    18,
    19,
    20,
    21,
    22,
    23,
    24,
    25,
    26,
    27,
    28,
    29,
    30,
    31,
    32,
    33,
    34,
    35,
    36,
    37,
    38,
    39,
    40,
    41,
    42,
    43,
    44,
    45,
    46,
    47,
    48,
    49,
    50,
    51,
    52,
    53,
    54,
    55,
    56
  ],
  "train_loss": [
    1.933871730079864,
    1.9142212366036642,
    1.9086088938864028,
    1.4320221300231677,
    1.4169589427596363,
    1.4085732722859587,
    1.362366741152005,
    1.3537263814741451,
    1.3470939420011012,
    1.2863541040118625,
    1.2802187890313856,
    1.273708824782842,
    1.2255980468995078,
    1.2206207915613327,
    1.216691228486528,
    1.191283304376087,
    1.1874818551029795,
    1.183195568107804,
    1.1800071580449962,
    1.1785769875489134,
    1.1750496781294129,
    1.1502522498757701,
    1.15021880512131,
    1.1472031111157805,
    1.1235328624146388,
    1.1206595180642893,
    1.118786161838297,
    1.099229262749798,
    1.097004743927684,
    1.095008126184261,
    1.0898766823987056,
    1.088605052266041,
    1.086850240465871,
    1.0482486932637305,
    1.0476877781487932,
    1.044938280706743,
    1.0474535362236548,
    1.0447507651602534,
    1.0430960836135252,
    1.0271036896847703,
    1.0267429022149668,
    1.0252121796821083,
    1.0484381776504232,
    1.0463248045084863,
    1.045345282310436,
    0.9970619480925121,
    0.9953795507189503,
    0.9923243819002333,
    1.0095185070286472,
    1.0080293135048068,
    1.0055458198268543,
    0.9947204639791777,
    0.9925275151956015,
    0.991648998007428,
    0.9793201487379589,
    0.9768974543505763
  ],
  "train_contrastive_loss": [
    1.933871730079864,
    1.9142212366036642,
    1.9086088938864028,
    1.4320221300231677,
    1.4169589427596363,
    1.4085732722859587,
    1.362366741152005,
    1.3537263814741451,
    1.3470939420011012,
    1.2863541040118625,
    1.2802187890313856,
    1.273708824782842,
    1.2255980468995078,
    1.2206207915613327,
    1.216691228486528,
    1.191283304376087,
    1.1874818551029795,
    1.183195568107804,
    1.1800071580449962,
    1.1785769875489134,
    1.1750496781294129,
    1.1502522498757701,
    1.15021880512131,
    1.1472031111157805,
    1.1235328624146388,
    1.1206595180642893,
    1.118786161838297,
    1.099229262749798,
    1.097004743927684,
    1.095008126184261,
    1.0898766823987056,
    1.088605052266041,
    1.086850240465871,
    1.0482486932637305,
    1.0476877781487932,
    1.044938280706743,
    1.0474535362236548,
    1.0447507651602534,
    1.0430960836135252,
    1.0271036896847703,
    1.0267429022149668,
    1.0252121796821083,
    1.0484381776504232,
    1.0463248045084863,
    1.045345282310436,
    0.9970619480925121,
    0.9953795507189503,
    0.9923243819002333,
    1.0095185070286472,
    1.0080293135048068,
    1.0055458198268543,
    0.9947204639791777,
    0.9925275151956015,
    0.991648998007428,
    0.9793201487379589,
    0.9768974543505763
  ],
  "train_reconstruction_loss": [
    0.002017227795800572,
    0.0017603755171117642,
    0.0017587465164294984,
    0.0017587757306052043,
    0.0017587642659722814,
    0.001758773410319935,
    0.0017588101004404702,
    0.0017587757995438864,
    0.0017587926112604458,
    0.0017587827270142942,
    0.0017587487981264485,
    0.001758756078528223,
    0.0017587422446158733,
    0.0017587724276185313,
    0.0017587673255056837,
    0.001758806424577906,
    0.0017587998721512726,
    0.001758767530804212,
    0.0017587484527826725,
    0.0017587461377003228,
    0.0017587513443051354,
    0.0017587570436697739,
    0.0017587578163033063,
    0.0017587907800496014,
    0.0017587736910607951,
    0.0017587698096829141,
    0.0017587315794982336,
    0.0017587767573146347,
    0.0017587778852642055,
    0.0017587712398353873,
    0.001758789492327047,
    0.0017587416170137193,
    0.0017587424943560051,
    0.001758781268028976,
    0.0017587650594174918,
    0.0017587489737249786,
    0.0017587828581712211,
    0.0017587625130220164,
    0.001758776186727806,
    0.0017587827482595485,
    0.0017587658322678126,
    0.001758802529108785,
    0.0017587705482806824,
    0.0017588175486363956,
    0.0017587672784626206,
    0.0017587338128513908,
    0.0017588038725459348,
    0.0017587433747333272,
    0.001758781706808513,
    0.0017587469506564809,
    0.0017587941597793355,
    0.0017587812396297076,
    0.0017587626368081408,
    0.0017587747732680326,
    0.0017587749902731296,
    0.0017587626244512072
  ],
  "val_loss": [
    1.9120157957077026,
    1.9057299031151667,
    1.9060806433359783,
    1.4211769766277738,
    1.4139348268508911,
    1.4112701416015625,
    1.3640772766537137,
    1.3604765865537856,
    1.3637164963616266,
    1.318626046180725,
    1.3176287810007732,
    1.3089706765280829,
    1.2699322832955255,
    1.2648302846484714,
    1.2671318054199219,
    1.2515836424297757,
    1.2496591011683147,
    1.253530118200514,
    1.2513188123703003,
    1.246289783053928,
    1.2490734391742282,
    1.2379733059141371,
    1.2329908741845026,
    1.231950322786967,
    1.2199490202797785,
    1.2179988622665405,
    1.2158468299441867,
    1.1930432187186346,
    1.1974477503034804,
    1.202442593044705,
    1.1969497203826904,
    1.2003753582636516,
    1.1901920901404486,
    1.1641088326772053,
    1.166956000857883,
    1.173251469930013,
    1.166617300775316,
    1.1751602225833468,
    1.1663172642389934,
    1.162715540991889,
    1.1603869332207575,
    1.1499357885784574,
    1.1860332886377971,
    1.1726739803949993,
    1.1918734047147963,
    1.1466405656602647,
    1.1446491877237956,
    1.1407137314478557,
    1.151075177722507,
    1.1468711429172092,
    1.1558875375323825,
    1.1487446228663127,
    1.140680405828688,
    1.1468983888626099,
    1.149765862358941,
    1.1354161633385553
  ],
  "val_contrastive_loss": [
    1.9120157957077026,
    1.9057299031151667,
    1.9060806433359783,
    1.4211769766277738,
    1.4139348268508911,
    1.4112701416015625,
    1.3640772766537137,
    1.3604765865537856,
    1.3637164963616266,
    1.318626046180725,
    1.3176287810007732,
    1.3089706765280829,
    1.2699322832955255,
    1.2648302846484714,
    1.2671318054199219,
    1.2515836424297757,
    1.2496591011683147,
    1.253530118200514,
    1.2513188123703003,
    1.246289783053928,
    1.2490734391742282,
    1.2379733059141371,
    1.2329908741845026,
    1.231950322786967,
    1.2199490202797785,
    1.2179988622665405,
    1.2158468299441867,
    1.1930432187186346,
    1.1974477503034804,
    1.202442593044705,
    1.1969497203826904,
    1.2003753582636516,
    1.1901920901404486,
    1.1641088326772053,
    1.166956000857883,
    1.173251469930013,
    1.166617300775316,
    1.1751602225833468,
    1.1663172642389934,
    1.162715540991889,
    1.1603869332207575,
    1.1499357885784574,
    1.1860332886377971,
    1.1726739803949993,
    1.1918734047147963,
    1.1466405656602647,
    1.1446491877237956,
    1.1407137314478557,
    1.151075177722507,
    1.1468711429172092,
    1.1558875375323825,
    1.1487446228663127,
    1.140680405828688,
    1.1468983888626099,
    1.149765862358941,
    1.1354161633385553
  ],