{
  "epoch": [
    1,
    2
  ],
  "train_loss": [
    1.933871730079864,
    1.9142212366036642
  ],
  "train_contrastive_loss": [
    1.933871730079864,
    1.9142212366036642
  ],
  "train_reconstruction_loss": [
    0.002017227795800572,
    0.0017603755171117642
  ],
  "val_loss": [
    1.9120157957077026,
    1.9057299031151667
  ],
  "val_contrastive_loss": [
    1.9120157957077026,
    1.9057299031151667
  ],
  "val_reconstruction_loss": [
    0.0017395230113632148,
    0.0017315214758531915
  ],
  "learning_rate": [
    0.0001,
    0.0001
  ],
  "train_separation_ratio": [
    1.614606266671961,
    1.8076311078938572
  ],
  "val_separation_ratio": [
    1.8676054080327351,
    1.9296444522009955
  ]
}