{
  "epoch": [
    1,
    2,
    3,
    4,
    5,
    6,
    7
  ],
  "train_loss": [
    1.933871730079864,
    1.9142212366036642,
    1.9086088938864028,
    1.4320221300231677,
    1.4169589427596363,
    1.4085732722859587,
    1.362366741152005
  ],
  "train_contrastive_loss": [
    1.933871730079864,
    1.9142212366036642,
    1.9086088938864028,
    1.4320221300231677,
    1.4169589427596363,
    1.4085732722859587,
    1.362366741152005
  ],
  "train_reconstruction_loss": [
    0.002017227795800572,
    0.0017603755171117642,
    0.0017587465164294984,
    0.0017587757306052043,
    0.0017587642659722814,
    0.001758773410319935,
    0.0017588101004404702
  ],
  "val_loss": [
    1.9120157957077026,
    1.9057299031151667,
    1.9060806433359783,
    1.4211769766277738,
    1.4139348268508911,
    1.4112701416015625,
    1.3640772766537137
  ],
  "val_contrastive_loss": [
    1.9120157957077026,
    1.9057299031151667,
    1.9060806433359783,
    1.4211769766277738,
    1.4139348268508911,
    1.4112701416015625,
    1.3640772766537137
  ],
  "val_reconstruction_loss": [
    0.0017395230113632148,
    0.0017315214758531915,
    0.001731006144028571,
    0.001730563959831165,
    0.001729444678251942,
    0.0017297877283352944,
    0.0017317373745350374
  ],
  "learning_rate": [
    0.0001,
    0.0001,
    0.0001,
    0.0001,
    0.0001,
    0.0001,
    0.0001
  ],
  "train_separation_ratio": [
    1.614606266671961,
    1.8076311078938572,
    1.8830414847894148,
    1.9429672414606267,
    2.0581434206529097,
    2.107292652130127,
    2.2134735692631113
  ],
  "val_separation_ratio": [
    1.8676054080327351,
    1.9296444522009955,
    1.9467987484402127,
    1.9995338651869032,
    2.0483027166790433,
    2.071614384651184,
    2.084201799498664
  ]
}