{
  "epoch": [
    1,
    2,
    3,
    4,
    5,
    6,
    7,
    8,
    9,
    10,
    11,
    12,
    13,
    14,
    15,
    16
  ],
  "train_loss": [
    1.933871730079864,
    1.9142212366036642,
    1.9086088938864028,
    1.4320221300231677,
    1.4169589427596363,
    1.4085732722859587,
    1.362366741152005,
    1.3537263814741451,
    1.3470939420011012,
    1.2863541040118625,
    1.2802187890313856,
    1.273708824782842,
    1.2255980468995078,
    1.2206207915613327,
    1.216691228486528,
    1.191283304376087
  ],
  "train_contrastive_loss": [
    1.933871730079864,
    1.9142212366036642,
    1.9086088938864028,
    1.4320221300231677,
    1.4169589427596363,
    1.4085732722859587,
    1.362366741152005,
    1.3537263814741451,
    1.3470939420011012,
    1.2863541040118625,
    1.2802187890313856,
    1.273708824782842,
    1.2255980468995078,
    1.2206207915613327,
    1.216691228486528,
    1.191283304376087
  ],
  "train_reconstruction_loss": [
    0.002017227795800572,
    0.0017603755171117642,
    0.0017587465164294984,
    0.0017587757306052043,
    0.0017587642659722814,
    0.001758773410319935,
    0.0017588101004404702,
    0.0017587757995438864,
    0.0017587926112604458,
    0.0017587827270142942,
    0.0017587487981264485,
    0.001758756078528223,
    0.0017587422446158733,
    0.0017587724276185313,
    0.0017587673255056837,
    0.001758806424577906
  ],
  "val_loss": [
    1.9120157957077026,
    1.9057299031151667,
    1.9060806433359783,
    1.4211769766277738,
    1.4139348268508911,
    1.4112701416015625,
    1.3640772766537137,
    1.3604765865537856,
    1.3637164963616266,
    1.318626046180725,
    1.3176287810007732,
    1.3089706765280829,
    1.2699322832955255,
    1.2648302846484714,
    1.2671318054199219,
    1.2515836424297757
  ],
  "val_contrastive_loss": [
    1.9120157957077026,
    1.9057299031151667,
    1.9060806433359783,
    1.4211769766277738,
    1.4139348268508911,
    1.4112701416015625,
    1.3640772766537137,
    1.3604765865537856,
    1.3637164963616266,
    1.318626046180725,
    1.3176287810007732,
    1.3089706765280829,
    1.2699322832955255,
    1.2648302846484714,
    1.2671318054199219,
    1.2515836424297757
  ],
  "val_reconstruction_loss": [
    0.0017395230113632148,
    0.0017315214758531915,
    0.001731006144028571,
    0.001730563959831165,
    0.001729444678251942,
    0.0017297877283352944,
    0.0017317373745350374,
    0.001732088509015739,
    0.0017305013025179505,
    0.0017300339726110299,
    0.0017311358306970862,
    0.0017309278870622318,
    0.0017307448045661051,
    0.0017313248633096616,
    0.0017309108128150303,
    0.001731230489288767
  ],
  "learning_rate": [
    0.0001,
    0.0001,
    0.0001,
    0.0001,
    0.0001,
    0.0001,
    0.0001,
    0.0001,
    0.0001,
    0.0001,
    0.0001,
    0.0001,
    0.0001,
    0.0001,
    0.0001,
    0.0001
  ],
  "train_separation_ratio": [
    1.614606266671961,
    1.8076311078938572,
    1.8830414847894148,
    1.9429672414606267,
    2.0581434206529097,
    2.107292652130127,
    2.2134735692631113,
    2.274090983650901,
    2.310102636163885,
    2.40564104643735,
    2.4030467488548974,
    2.4918906580318105,
    2.5218724445863203,
    2.587437965653159,
    2.6089059222828257,
    2.694213628768921
  ],
  "val_separation_ratio": [
    1.8676054080327351,
    1.9296444522009955,
    1.9467987484402127,
    1.9995338651869032,
    2.0483027166790433,
    2.071614384651184,
    2.084201799498664,
    2.1562688880496554,
    2.134973155127631,
    2.124911387761434,
    2.147065136167738,
    2.183096965154012,
    2.1744805177052817,
    2.173699484931098,
    2.1755264865027533,
    2.1425304147932263
  ]
}