{
  "timestamp": "20250708_165625",
  "experiment_config": {
    "sample_size": 50000,
    "embedding_space": "lattice_containment",
    "classifier": "SGD",
    "loss_function": "hinge",
    "test_size": 0.2,
    "random_state": 42
  },
  "performance_metrics": {
    "test_accuracy": 0.6045,
    "confusion_matrix": [
      [
        2461,
        583,
        269
      ],
      [
        1242,
        1070,
        1002
      ],
      [
        354,
        505,
        2514
      ]
    ],
    "classification_report": {
      "Entailment": {
        "precision": 0.6066058664037466,
        "recall": 0.7428312707515846,
        "f1-score": 0.667842605156038,
        "support": 3313.0
      },
      "Neutral": {
        "precision": 0.49582947173308617,
        "recall": 0.3228726614363307,
        "f1-score": 0.3910818713450292,
        "support": 3314.0
      },
      "Contradiction": {
        "precision": 0.6642007926023779,
        "recall": 0.7453305662614883,
        "f1-score": 0.7024308466051971,
        "support": 3373.0
      },
      "accuracy": 0.6045,
      "macro avg": {
        "precision": 0.5888787102464036,
        "recall": 0.6036781661498013,
        "f1-score": 0.5871184410354214,
        "support": 10000.0
      },
      "weighted avg": {
        "precision": 0.5893213378166879,
        "recall": 0.6045,
        "f1-score": 0.587790711811871,
        "support": 10000.0
      }
    }
  },
  "decision_function_stats": {
    "shape": [
      10000,
      3
    ],
    "mean_per_class": [
      -1.5018059015274048,
      -1.0251401662826538,
      -1.1373989582061768
    ],
    "std_per_class": [
      2.9046945571899414,
      1.124415397644043,
      2.885110378265381
    ],
    "min_per_class": [
      -12.25844669342041,
      -5.493179798126221,
      -10.005261421203613
    ],
    "max_per_class": [
      7.761026382446289,
      3.145110607147217,
      9.94682502746582
    ]
  }
}