{
  "order_asymmetry": {
    "euclidean": {
      "phd_entailment": 47.13716501208514,
      "phd_neutral": 49.861484475419424,
      "phd_contradiction": 27.127107182105334,
      "centroid_ent_to_neutral": 0.13338503241539001,
      "centroid_ent_to_contradiction": 0.5103654861450195,
      "centroid_neutral_to_contradiction": 0.3800249397754669,
      "min_ent_to_neutral": "7.993591e-07",
      "min_ent_to_contradiction": "0.1421429",
      "entailment_separation": 1.920377189271903
    },
    "manhattan": {
      "phd_entailment": 50.9075412250599,
      "phd_neutral": 47.9711383044782,
      "phd_contradiction": 27.518841880916842,
      "centroid_ent_to_neutral": 1.419979214668274,
      "centroid_ent_to_contradiction": 5.291802406311035,
      "centroid_neutral_to_contradiction": 3.8718230724334717,
      "min_ent_to_neutral": 6.984919309616089e-06,
      "min_ent_to_contradiction": 1.19276032038033,
      "entailment_separation": 20.02196806478152
    },
    "chebyshev": {
      "phd_entailment": 31.36465113569482,
      "phd_neutral": 31.377285437077877,
      "phd_contradiction": 20.882993565629523,
      "centroid_ent_to_neutral": 0.02373257279396057,
      "centroid_ent_to_contradiction": 0.0968720093369484,
      "centroid_neutral_to_contradiction": 0.07598158717155457,
      "min_ent_to_neutral": 2.2351741790771484e-07,
      "min_ent_to_contradiction": 0.04090498387813568,
      "entailment_separation": 0.35977646893985904
    },
    "cosine": {
      "phd_entailment": 15.625660387811559,
      "phd_neutral": 16.262953603152543,
      "phd_contradiction": 12.546393172193502,
      "centroid_ent_to_neutral": 0.0006579756736755371,
      "centroid_ent_to_contradiction": 0.007866501808166504,
      "centroid_neutral_to_contradiction": 0.004923701286315918,
      "min_ent_to_neutral": "0.11154282",
      "min_ent_to_contradiction": "0.10777962",
      "entailment_separation": 0.025429435215367936
    },
    "minkowski_3": {
      "phd_entailment": 45.00050039286771,
      "phd_neutral": 47.24968787970841,
      "phd_contradiction": 26.247233240390916,
      "centroid_ent_to_neutral": 0.062478921714960944,
      "centroid_ent_to_contradiction": 0.2458571909399858,
      "centroid_neutral_to_contradiction": 0.18589578853051772,
      "min_ent_to_neutral": 4.258542621909143e-07,
      "min_ent_to_contradiction": 0.07783017200153845,
      "entailment_separation": 0.9197998608148179
    },
    "minkowski_4": {
      "phd_entailment": 42.46145719004796,
      "phd_neutral": 44.37157120815262,
      "phd_contradiction": 25.124997657256237,
      "centroid_ent_to_neutral": 0.043649633346661616,
      "centroid_ent_to_contradiction": 0.17636541554917337,
      "centroid_neutral_to_contradiction": 0.13490613582152272,
      "min_ent_to_neutral": 3.2634019936680103e-07,
      "min_ent_to_contradiction": 0.060208349882158556,
      "entailment_separation": 0.6563286071457438
    },
    "canberra": {
      "phd_entailment": 43.07946491462298,
      "phd_neutral": 51.55880258820301,
      "phd_contradiction": 40.87295224693771,
      "centroid_ent_to_neutral": 9.98555990509272,
      "centroid_ent_to_contradiction": 29.983520855149976,
      "centroid_neutral_to_contradiction": 20.44737055083832,
      "min_ent_to_neutral": 41.75525012983128,
      "min_ent_to_contradiction": 39.02874178070174,
      "entailment_separation": 119.232076332586
    },
    "braycurtis": {
      "phd_entailment": NaN,
      "phd_neutral": 36.121767225543266,
      "phd_contradiction": 25.28270585070559,
      "centroid_ent_to_neutral": 0.08116246982671348,
      "centroid_ent_to_contradiction": 0.24765846149419987,
      "centroid_neutral_to_contradiction": 0.16991130618036268,
      "min_ent_to_neutral": 0.2457203173272329,
      "min_ent_to_contradiction": 0.2355393593088114,
      "entailment_separation": 0.9809082830347559
    }
  },
  "directional_order_asymmetry": {
    "euclidean": {
      "phd_entailment": 31.658791572383155,
      "phd_neutral": 26.54912427530413,
      "phd_contradiction": 18.764659623892165,
      "centroid_ent_to_neutral": 0.3891238272190094,
      "centroid_ent_to_contradiction": 0.8120429515838623,
      "centroid_neutral_to_contradiction": 0.5230165719985962,
      "min_ent_to_neutral": "1.1304645e-06",
      "min_ent_to_contradiction": "0.29631454",
      "entailment_separation": 1.6665173583063246
    },
    "manhattan": {
      "phd_entailment": 31.614688761252317,
      "phd_neutral": 26.28142087096079,
      "phd_contradiction": 18.66402876609455,
      "centroid_ent_to_neutral": 5.645280838012695,
      "centroid_ent_to_contradiction": 10.597502708435059,
      "centroid_neutral_to_contradiction": 6.698208332061768,
      "min_ent_to_neutral": 1.3969838619232178e-05,
      "min_ent_to_contradiction": 3.5692120790481567,
      "entailment_separation": 22.535488997077838
    },
    "chebyshev": {
      "phd_entailment": 24.238366293414874,
      "phd_neutral": 20.896834007539653,
      "phd_contradiction": 16.152846437415988,
      "centroid_ent_to_neutral": 0.045274109579622746,
      "centroid_ent_to_contradiction": 0.11813881993293762,
      "centroid_neutral_to_contradiction": 0.07977581582963467,
      "min_ent_to_neutral": 2.2351741790771484e-07,
      "min_ent_to_contradiction": 0.05558067560195923,
      "entailment_separation": 0.226721624682115
    },
    "cosine": {
      "phd_entailment": 9.951551782883806,
      "phd_neutral": 9.978652513613616,
      "phd_contradiction": 8.681606142121206,
      "centroid_ent_to_neutral": 0.5946670770645142,
      "centroid_ent_to_contradiction": 0.9608507752418518,
      "centroid_neutral_to_contradiction": 0.17437392473220825,
      "min_ent_to_neutral": "0.2025004",
      "min_ent_to_contradiction": "0.14962322",
      "entailment_separation": 2.1581495157629274
    },
    "minkowski_3": {
      "phd_entailment": 30.680035549576512,
      "phd_neutral": 26.32792797890473,
      "phd_contradiction": 18.42108983047396,
      "centroid_ent_to_neutral": 0.16485891320791174,
      "centroid_ent_to_contradiction": 0.36565857994025913,
      "centroid_neutral_to_contradiction": 0.24036275462001838,
      "min_ent_to_neutral": 5.365427491217834e-07,
      "min_ent_to_contradiction": 0.14151410807300022,
      "entailment_separation": 0.7360481715101441
    },
    "minkowski_4": {
      "phd_entailment": 29.6593172980116,
      "phd_neutral": 25.780444829935565,
      "phd_contradiction": 18.070423798908873,
      "centroid_ent_to_neutral": 0.10919564780785612,
      "centroid_ent_to_contradiction": 0.252363540890785,
      "centroid_neutral_to_contradiction": 0.16829160384994196,
      "min_ent_to_neutral": 3.880860869984063e-07,
      "min_ent_to_contradiction": 0.10161687241011441,
      "entailment_separation": 0.5016328079119505
    },
    "canberra": {
      "phd_entailment": 31.094733578797484,
      "phd_neutral": 34.42246430195711,
      "phd_contradiction": 28.95699988378447,
      "centroid_ent_to_neutral": 174.72892010474933,
      "centroid_ent_to_contradiction": 175.19031233286992,
      "centroid_neutral_to_contradiction": 143.33397057790216,
      "min_ent_to_neutral": 104.7065918922898,
      "min_ent_to_contradiction": 98.1844224245999,
      "entailment_separation": 485.4833526479178
    },
    "braycurtis": {
      "phd_entailment": NaN,
      "phd_neutral": 16.49096027581505,
      "phd_contradiction": 14.336631399479643,
      "centroid_ent_to_neutral": 0.761260255219859,
      "centroid_ent_to_contradiction": 1.0258995681644592,
      "centroid_neutral_to_contradiction": 0.5532017303291529,
      "min_ent_to_neutral": 0.33580587256587635,
      "min_ent_to_contradiction": 0.2923872225136799,
      "entailment_separation": 2.479533167497315
    }
  },
  "energy_based_order_asymmetry": {
    "euclidean": {
      "phd_entailment": 2.895789757763074,
      "phd_neutral": 2.2437528241729896,
      "phd_contradiction": 1.9945692795223866,