{
  "euclidean": {
    "phd_entailment": 2.895789757763074,
    "phd_neutral": 2.2437528241729896,
    "phd_contradiction": 1.9945692795223866,
    "centroid_ent_to_neutral": 0.9668750166893005,
    "centroid_ent_to_contradiction": 2.2695741653442383,
    "centroid_neutral_to_contradiction": 1.5829782485961914,
    "min_ent_to_neutral": "8.847959e-06",
    "min_ent_to_contradiction": "0.0028197789",
    "entailment_separation": 0.5266543500747888
  },
  "manhattan": {
    "phd_entailment": 2.7784709090530266,
    "phd_neutral": 2.408951654227923,
    "phd_contradiction": 2.0027420259681668,
    "centroid_ent_to_neutral": 1.647053837776184,
    "centroid_ent_to_contradiction": 4.436136245727539,
    "centroid_neutral_to_contradiction": 3.086801528930664,
    "min_ent_to_neutral": 8.847961030372671e-06,
    "min_ent_to_contradiction": 0.005412399768829346,
    "entailment_separation": 0.9898930400619075
  },
  "chebyshev": {
    "phd_entailment": 3.0075959793544786,
    "phd_neutral": 2.069026444574099,
    "phd_contradiction": 1.875241680543914,
    "centroid_ent_to_neutral": 0.8391867876052856,
    "centroid_ent_to_contradiction": 1.5023189783096313,
    "centroid_neutral_to_contradiction": 1.1984410285949707,
    "min_ent_to_neutral": 8.847959179547615e-06,
    "min_ent_to_contradiction": 0.0020633339881896973,
    "entailment_separation": 0.38102380973257377
  },
  "cosine": {
    "phd_entailment": -6.579208427830107,
    "phd_neutral": 1.078933641276676,
    "phd_contradiction": 1.0263827578520996,
    "centroid_ent_to_neutral": 0.059876441955566406,
    "centroid_ent_to_contradiction": 0.055976271629333496,
    "centroid_neutral_to_contradiction": 0.034917593002319336,
    "min_ent_to_neutral": "1.1920929e-07",
    "min_ent_to_contradiction": "4.172325e-07",
    "entailment_separation": 0.0188522458242707
  },
  "minkowski_3": {
    "phd_entailment": 2.9546492310041947,
    "phd_neutral": 2.166885736550926,
    "phd_contradiction": 1.9402354658938783,
    "centroid_ent_to_neutral": 0.8728069495426147,
    "centroid_ent_to_contradiction": 1.8760851915125663,
    "centroid_neutral_to_contradiction": 1.3452586956457577,
    "min_ent_to_neutral": 8.84795917954762e-06,
    "min_ent_to_contradiction": 0.0023443076269558274,
    "entailment_separation": 0.4473161550040085
  },
  "minkowski_4": {
    "phd_entailment": 2.9766156928484238,
    "phd_neutral": 2.129631964635481,
    "phd_contradiction": 1.917393684364882,
    "centroid_ent_to_neutral": 0.8493765172351605,
    "centroid_ent_to_contradiction": 1.7218296380564038,
    "centroid_neutral_to_contradiction": 1.2690425917891444,
    "min_ent_to_neutral": 8.847959179547615e-06,
    "min_ent_to_contradiction": 0.0021821913066227524,
    "entailment_separation": 0.41840202965045115
  },
  "canberra": {
    "phd_entailment": 2.304190599378949,
    "phd_neutral": 2.425739933535806,
    "phd_contradiction": 2.060295545828352,
    "centroid_ent_to_neutral": 1.0857897318577605,
    "centroid_ent_to_contradiction": 2.016167447196726,
    "centroid_neutral_to_contradiction": 1.3722216670122656,
    "min_ent_to_neutral": 0.003466487747111662,
    "min_ent_to_contradiction": 0.00844318901234221,
    "entailment_separation": 0.5047690077025397
  },
  "braycurtis": {
    "phd_entailment": NaN,
    "phd_neutral": 2.2698683324775906,
    "phd_contradiction": 2.03518126576447,
    "centroid_ent_to_neutral": 0.2191759256713594,
    "centroid_ent_to_contradiction": 0.41844187023309454,
    "centroid_neutral_to_contradiction": 0.2582904326258126,
    "min_ent_to_neutral": 0.0006393003647806496,
    "min_ent_to_contradiction": 0.0011881170655846638,
    "entailment_separation": 0.10375697778983377
  }
}