{
  "euclidean": {
    "phd_entailment": 31.658791572383155,
    "phd_neutral": 26.54912427530413,
    "phd_contradiction": 18.764659623892165,
    "centroid_ent_to_neutral": 0.3891238272190094,
    "centroid_ent_to_contradiction": 0.8120429515838623,
    "centroid_neutral_to_contradiction": 0.5230165719985962,
    "min_ent_to_neutral": "1.1304645e-06",
    "min_ent_to_contradiction": "0.29631454",
    "entailment_separation": 1.6665173583063246
  },
  "manhattan": {
    "phd_entailment": 31.614688761252317,
    "phd_neutral": 26.28142087096079,
    "phd_contradiction": 18.66402876609455,
    "centroid_ent_to_neutral": 5.645280838012695,
    "centroid_ent_to_contradiction": 10.597502708435059,
    "centroid_neutral_to_contradiction": 6.698208332061768,
    "min_ent_to_neutral": 1.3969838619232178e-05,
    "min_ent_to_contradiction": 3.5692120790481567,
    "entailment_separation": 22.535488997077838
  },
  "chebyshev": {
    "phd_entailment": 24.238366293414874,
    "phd_neutral": 20.896834007539653,
    "phd_contradiction": 16.152846437415988,
    "centroid_ent_to_neutral": 0.045274109579622746,
    "centroid_ent_to_contradiction": 0.11813881993293762,
    "centroid_neutral_to_contradiction": 0.07977581582963467,
    "min_ent_to_neutral": 2.2351741790771484e-07,
    "min_ent_to_contradiction": 0.05558067560195923,
    "entailment_separation": 0.226721624682115
  },
  "cosine": {
    "phd_entailment": 9.951551782883806,
    "phd_neutral": 9.978652513613616,
    "phd_contradiction": 8.681606142121206,
    "centroid_ent_to_neutral": 0.5946670770645142,
    "centroid_ent_to_contradiction": 0.9608507752418518,
    "centroid_neutral_to_contradiction": 0.17437392473220825,
    "min_ent_to_neutral": "0.2025004",
    "min_ent_to_contradiction": "0.14962322",
    "entailment_separation": 2.1581495157629274
  },
  "minkowski_3": {
    "phd_entailment": 30.680035549576512,
    "phd_neutral": 26.32792797890473,
    "phd_contradiction": 18.42108983047396,
    "centroid_ent_to_neutral": 0.16485891320791174,
    "centroid_ent_to_contradiction": 0.36565857994025913,
    "centroid_neutral_to_contradiction": 0.24036275462001838,
    "min_ent_to_neutral": 5.365427491217834e-07,
    "min_ent_to_contradiction": 0.14151410807300022,
    "entailment_separation": 0.7360481715101441
  },
  "minkowski_4": {
    "phd_entailment": 29.6593172980116,
    "phd_neutral": 25.780444829935565,
    "phd_contradiction": 18.070423798908873,
    "centroid_ent_to_neutral": 0.10919564780785612,
    "centroid_ent_to_contradiction": 0.252363540890785,
    "centroid_neutral_to_contradiction": 0.16829160384994196,
    "min_ent_to_neutral": 3.880860869984063e-07,
    "min_ent_to_contradiction": 0.10161687241011441,
    "entailment_separation": 0.5016328079119505
  },
  "canberra": {
    "phd_entailment": 31.094733578797484,
    "phd_neutral": 34.42246430195711,
    "phd_contradiction": 28.95699988378447,
    "centroid_ent_to_neutral": 174.72892010474933,
    "centroid_ent_to_contradiction": 175.19031233286992,
    "centroid_neutral_to_contradiction": 143.33397057790216,
    "min_ent_to_neutral": 104.7065918922898,
    "min_ent_to_contradiction": 98.1844224245999,
    "entailment_separation": 485.4833526479178
  },
  "braycurtis": {
    "phd_entailment": NaN,
    "phd_neutral": 16.49096027581505,
    "phd_contradiction": 14.336631399479643,
    "centroid_ent_to_neutral": 0.761260255219859,
    "centroid_ent_to_contradiction": 1.0258995681644592,
    "centroid_neutral_to_contradiction": 0.5532017303291529,
    "min_ent_to_neutral": 0.33580587256587635,
    "min_ent_to_contradiction": 0.2923872225136799,
    "entailment_separation": 2.479533167497315
  }
}