{
  "euclidean": {
    "phd_entailment": 35.80352886129421,
    "phd_neutral": 35.56380409106688,
    "phd_contradiction": 22.060699771366885,
    "centroid_ent_to_neutral": 0.471787691116333,
    "centroid_ent_to_contradiction": 1.3043410778045654,
    "centroid_neutral_to_contradiction": 0.9226169586181641,
    "min_ent_to_neutral": "1.958022e-06",
    "min_ent_to_contradiction": "0.45109418",
    "entailment_separation": 1.8851412750625733
  },
  "manhattan": {
    "phd_entailment": 35.271590694405894,
    "phd_neutral": 33.29582774568627,
    "phd_contradiction": 21.583272581281285,
    "centroid_ent_to_neutral": 8.48523998260498,
    "centroid_ent_to_contradiction": 21.181106567382812,
    "centroid_neutral_to_contradiction": 14.441853523254395,
    "min_ent_to_neutral": 2.7939677238464355e-05,
    "min_ent_to_contradiction": 6.717657297849655,
    "entailment_separation": 31.487162046066068
  },
  "chebyshev": {
    "phd_entailment": 31.050078323922055,
    "phd_neutral": 31.663846574242935,
    "phd_contradiction": 20.286246182424684,
    "centroid_ent_to_neutral": 0.04746514558792114,
    "centroid_ent_to_contradiction": 0.1937440186738968,
    "centroid_neutral_to_contradiction": 0.15196317434310913,
    "min_ent_to_neutral": 4.470348358154297e-07,
    "min_ent_to_contradiction": 0.08449119329452515,
    "entailment_separation": 0.2560137302148233
  },
  "cosine": {
    "phd_entailment": 12.129265898784421,
    "phd_neutral": 12.307274898880666,
    "phd_contradiction": 10.07678178324279,
    "centroid_ent_to_neutral": 0.033213257789611816,
    "centroid_ent_to_contradiction": 0.08136898279190063,
    "centroid_neutral_to_contradiction": 0.021103382110595703,
    "min_ent_to_neutral": "0.16623276",
    "min_ent_to_contradiction": "0.12292594",
    "entailment_separation": 0.12161489351956939
  },
  "minkowski_3": {
    "phd_entailment": 36.198539533472655,
    "phd_neutral": 35.8322669653163,
    "phd_contradiction": 22.338285963998505,
    "centroid_ent_to_neutral": 0.18597017833670443,
    "centroid_ent_to_contradiction": 0.5515427858096812,
    "centroid_neutral_to_contradiction": 0.4026473269237853,
    "min_ent_to_neutral": 9.17475195362039e-07,
    "min_ent_to_contradiction": 0.2009162251313077,
    "entailment_separation": 0.7827789031595909
  },
  "minkowski_4": {
    "phd_entailment": 36.46809845583134,
    "phd_neutral": 35.24537449003774,
    "phd_contradiction": 22.382703669332034,
    "centroid_ent_to_neutral": 0.11895882085236237,
    "centroid_ent_to_contradiction": 0.3738607654216997,
    "centroid_neutral_to_contradiction": 0.27948867244670156,
    "min_ent_to_neutral": 6.721848203918351e-07,
    "min_ent_to_contradiction": 0.14128970659373802,
    "entailment_separation": 0.5230671106177385
  },
  "canberra": {
    "phd_entailment": 34.14024371563586,
    "phd_neutral": 39.014336504013855,
    "phd_contradiction": 31.68553164362176,
    "centroid_ent_to_neutral": 184.71447995084503,
    "centroid_ent_to_contradiction": 205.17383236251544,
    "centroid_neutral_to_contradiction": 163.78134045290034,
    "min_ent_to_neutral": 147.353172510783,
    "min_ent_to_contradiction": 138.57274241732404,
    "entailment_separation": 413.81827887003664
  },
  "braycurtis": {
    "phd_entailment": NaN,
    "phd_neutral": 22.01174972781153,
    "phd_contradiction": 17.66359290399567,
    "centroid_ent_to_neutral": 0.2000917843751688,
    "centroid_ent_to_contradiction": 0.39915671895292726,
    "centroid_neutral_to_contradiction": 0.25036711199760764,
    "min_ent_to_neutral": 0.30365872146111067,
    "min_ent_to_contradiction": 0.2633240952213476,
    "entailment_separation": 0.6360282584294858
  }
}