{
  "euclidean": {
    "phd_entailment": 47.13716501208514,
    "phd_neutral": 49.861484475419424,
    "phd_contradiction": 27.127107182105334,
    "centroid_ent_to_neutral": 0.13338503241539001,
    "centroid_ent_to_contradiction": 0.5103654861450195,
    "centroid_neutral_to_contradiction": 0.3800249397754669,
    "min_ent_to_neutral": "7.993591e-07",
    "min_ent_to_contradiction": "0.1421429",
    "entailment_separation": 1.920377189271903
  },
  "manhattan": {
    "phd_entailment": 50.9075412250599,
    "phd_neutral": 47.9711383044782,
    "phd_contradiction": 27.518841880916842,
    "centroid_ent_to_neutral": 1.419979214668274,
    "centroid_ent_to_contradiction": 5.291802406311035,
    "centroid_neutral_to_contradiction": 3.8718230724334717,
    "min_ent_to_neutral": 6.984919309616089e-06,
    "min_ent_to_contradiction": 1.19276032038033,
    "entailment_separation": 20.02196806478152
  },
  "chebyshev": {
    "phd_entailment": 31.36465113569482,
    "phd_neutral": 31.377285437077877,
    "phd_contradiction": 20.882993565629523,
    "centroid_ent_to_neutral": 0.02373257279396057,
    "centroid_ent_to_contradiction": 0.0968720093369484,
    "centroid_neutral_to_contradiction": 0.07598158717155457,
    "min_ent_to_neutral": 2.2351741790771484e-07,
    "min_ent_to_contradiction": 0.04090498387813568,
    "entailment_separation": 0.35977646893985904
  },
  "cosine": {
    "phd_entailment": 15.625660387811559,
    "phd_neutral": 16.262953603152543,
    "phd_contradiction": 12.546393172193502,
    "centroid_ent_to_neutral": 0.0006579756736755371,
    "centroid_ent_to_contradiction": 0.007866501808166504,
    "centroid_neutral_to_contradiction": 0.004923701286315918,
    "min_ent_to_neutral": "0.11154282",
    "min_ent_to_contradiction": "0.10777962",
    "entailment_separation": 0.025429435215367936
  },
  "minkowski_3": {
    "phd_entailment": 45.00050039286771,
    "phd_neutral": 47.24968787970841,
    "phd_contradiction": 26.247233240390916,
    "centroid_ent_to_neutral": 0.062478921714960944,
    "centroid_ent_to_contradiction": 0.2458571909399858,
    "centroid_neutral_to_contradiction": 0.18589578853051772,
    "min_ent_to_neutral": 4.258542621909143e-07,
    "min_ent_to_contradiction": 0.07783017200153845,
    "entailment_separation": 0.9197998608148179
  },
  "minkowski_4": {
    "phd_entailment": 42.46145719004796,
    "phd_neutral": 44.37157120815262,
    "phd_contradiction": 25.124997657256237,
    "centroid_ent_to_neutral": 0.043649633346661616,
    "centroid_ent_to_contradiction": 0.17636541554917337,
    "centroid_neutral_to_contradiction": 0.13490613582152272,
    "min_ent_to_neutral": 3.2634019936680103e-07,
    "min_ent_to_contradiction": 0.060208349882158556,
    "entailment_separation": 0.6563286071457438
  },
  "canberra": {
    "phd_entailment": 43.07946491462298,
    "phd_neutral": 51.55880258820301,
    "phd_contradiction": 40.87295224693771,
    "centroid_ent_to_neutral": 9.98555990509272,
    "centroid_ent_to_contradiction": 29.983520855149976,
    "centroid_neutral_to_contradiction": 20.44737055083832,
    "min_ent_to_neutral": 41.75525012983128,
    "min_ent_to_contradiction": 39.02874178070174,
    "entailment_separation": 119.232076332586
  },
  "braycurtis": {
    "phd_entailment": NaN,
    "phd_neutral": 36.121767225543266,
    "phd_contradiction": 25.28270585070559,
    "centroid_ent_to_neutral": 0.08116246982671348,
    "centroid_ent_to_contradiction": 0.24765846149419987,
    "centroid_neutral_to_contradiction": 0.16991130618036268,
    "min_ent_to_neutral": 0.2457203173272329,
    "min_ent_to_contradiction": 0.2355393593088114,
    "entailment_separation": 0.9809082830347559
  }
}