{
  "euclidean": {
    "phd_entailment": 5.893741531544713,
    "phd_neutral": 6.035359654317146,
    "phd_contradiction": 5.663521593091943
  },
  "manhattan": {
    "phd_entailment": 5.605678355957312,
    "phd_neutral": 5.710910195397893,
    "phd_contradiction": 5.384481641891603
  },
  "chebyshev": {
    "phd_entailment": 6.684769625196329,
    "phd_neutral": 6.75661215080772,
    "phd_contradiction": 5.928526753481225
  },
  "cosine": {
    "phd_entailment": 4.814211261619208,
    "phd_neutral": 5.363529407819972,
    "phd_contradiction": 4.219646363738468
  },
  "minkowski_3": {
    "phd_entailment": 6.094826137932202,
    "phd_neutral": 6.25722809915284,
    "phd_contradiction": 5.833173144697222
  },
  "minkowski_4": {
    "phd_entailment": 6.240875826862358,
    "phd_neutral": 6.4043699729294215,
    "phd_contradiction": 5.948683031424617
  },
  "canberra": {
    "phd_entailment": 8.077577112767559,
    "phd_neutral": 10.521012886856742,
    "phd_contradiction": 8.224502758304169
  },
  "braycurtis": {
    "phd_entailment": NaN,
    "phd_neutral": 8.337975622607708,
    "phd_contradiction": 6.2943016263412614
  }
}