{
  "euclidean": {
    "phd_entailment": 11.84548882936284,
    "phd_neutral": 12.65043610816187,
    "phd_contradiction": 12.05354233897086,
    "surface_quality": 0.45013977250845816,
    "separation_ratio": 1.067953909745262,
    "entailment_simplicity": 1.0,
    "class_distinctiveness": 0.6666666666666666,
    "overall_separation": 0.21719775008336129,
    "min_max_diff": 0.8049472787990304,
    "std_dev": 0.3411595514980619,
    "centroid_ent_to_neutral": 0.2642829418182373,
    "centroid_ent_to_contradiction": 0.25601571798324585,
    "centroid_neutral_to_contradiction": 0.1580640822649002,
    "min_ent_to_neutral": "0.26177382",
    "min_ent_to_contradiction": "0.24305944",
    "entailment_separation": 1.598815883643397,
    "surface_gradient": 0.0,
    "surface_learning_score": 0.07994079418216984,
    "combined_surface_score": 0.265040283345314
  },
  "manhattan": {
    "phd_entailment": 12.759501278495073,
    "phd_neutral": 11.911344705236157,
    "phd_contradiction": 11.318627995702387,
    "surface_quality": 0.21677976192154008,
    "separation_ratio": 1.1273010548045024,
    "entailment_simplicity": 0.0,
    "class_distinctiveness": 0.6666666666666667,
    "overall_separation": 0.24634512494986832,
    "min_max_diff": 1.4408732827926851,
    "std_dev": 0.5913072605665645,
    "centroid_ent_to_neutral": 1.2955491542816162,
    "centroid_ent_to_contradiction": 1.1898587942123413,
    "centroid_neutral_to_contradiction": 0.7480247616767883,
    "min_ent_to_neutral": 1.0824341652914882,
    "min_ent_to_contradiction": 1.1093816496431828,
    "entailment_separation": 7.637362946315937,
    "surface_gradient": 0.0,
    "surface_learning_score": 0.3818681473157969,
    "combined_surface_score": 0.29932395461866845
  },
  "chebyshev": {
    "phd_entailment": 10.587875361907116,
    "phd_neutral": 10.375272214607234,
    "phd_contradiction": 10.434818886677272,
    "surface_quality": 0.18473788699887456,
    "separation_ratio": 1.0204913319768671,
    "entailment_simplicity": 0.0,
    "class_distinctiveness": 0.6666666666666666,
    "overall_separation": 0.1892153673483015,
    "min_max_diff": 0.21260314729988217,
    "std_dev": 0.0895496069885389,
    "centroid_ent_to_neutral": 0.13279536366462708,
    "centroid_ent_to_contradiction": 0.12631511688232422,
    "centroid_neutral_to_contradiction": 0.08668315410614014,
    "min_ent_to_neutral": 0.10123404860496521,
    "min_ent_to_contradiction": 0.08416669070720673,
    "entailment_separation": 0.7962156813454053,
    "surface_gradient": 0.0,
    "surface_learning_score": 0.03981078406727027,
    "combined_surface_score": 0.11227433553307241
  },
  "cosine": {
    "phd_entailment": 6.400215828137707,
    "phd_neutral": 5.694624429698853,
    "phd_contradiction": 5.906194741528244,
    "surface_quality": 0.19835526184144034,
    "separation_ratio": 1.123904817104184,
    "entailment_simplicity": 0.0,
    "class_distinctiveness": 0.6666666666666667,
    "overall_separation": 0.21313774070074912,
    "min_max_diff": 0.7055913984388544,
    "std_dev": 0.2956495771861754,
    "centroid_ent_to_neutral": 0.013726234436035156,
    "centroid_ent_to_contradiction": 0.01247549057006836,
    "centroid_neutral_to_contradiction": 0.005475521087646484,
    "min_ent_to_neutral": "0.0078005195",
    "min_ent_to_contradiction": "0.017853796",
    "entailment_separation": 0.08051478382550173,
    "surface_gradient": 0.0,
    "surface_learning_score": 0.0040257391912750864,
    "combined_surface_score": 0.10119050051635771
  },
  "minkowski_3": {
    "phd_entailment": 11.7729419501396,
    "phd_neutral": 12.790110741911612,
    "phd_contradiction": 10.976797124460594,
    "surface_quality": 0.3515644464437292,
    "separation_ratio": 1.1651951472629702,
    "entailment_simplicity": 0.5,
    "class_distinctiveness": 0.6666666666666666,
    "overall_separation": 0.26367009594486346,
    "min_max_diff": 1.8133136174510174,
    "std_dev": 0.7421129900226846,
    "centroid_ent_to_neutral": 0.1742906455170544,
    "centroid_ent_to_contradiction": 0.1761435817940741,
    "centroid_neutral_to_contradiction": 0.11012558908638688,
    "min_ent_to_neutral": 0.1322865241016716,
    "min_ent_to_contradiction": 0.16274620694453457,
    "entailment_separation": 1.0768426907174897,
    "surface_gradient": 1.0,
    "surface_learning_score": 0.5538421345358745,
    "combined_surface_score": 0.45270329048980185
  },
  "minkowski_4": {
    "phd_entailment": 11.806580974716042,
    "phd_neutral": 11.456797127886862,
    "phd_contradiction": 11.2941053627169,
    "surface_quality": 0.1925457506437235,
    "separation_ratio": 1.045375494166265,
    "entailment_simplicity": 0.0,
    "class_distinctiveness": 0.6666666666666666,
    "overall_separation": 0.20323646056260258,
    "min_max_diff": 0.5124756119991414,
    "std_dev": 0.2138141983775819,
    "centroid_ent_to_neutral": 0.149105468803942,
    "centroid_ent_to_contradiction": 0.1528906539496284,
    "centroid_neutral_to_contradiction": 0.09713848717958114,
    "min_ent_to_neutral": 0.11976701444348822,
    "min_ent_to_contradiction": 0.14859525633859838,
    "entailment_separation": 0.9279981579067542,
    "surface_gradient": 1.0,
    "surface_learning_score": 0.5463999078953377,
    "combined_surface_score": 0.36947282926953057
  },
  "canberra": {
    "phd_entailment": 15.784917491951209,
    "phd_neutral": 16.598799544303,
    "phd_contradiction": 16.685118746787843,
    "surface_quality": 0.45238456306783664,
    "separation_ratio": 1.0570292024203263,
    "entailment_simplicity": 1.0,
    "class_distinctiveness": 0.6666666666666667,
    "overall_separation": 0.22266192660364117,
    "min_max_diff": 0.9002012548366345,
    "std_dev": 0.40554727071609087,
    "centroid_ent_to_neutral": 10.849486078036477,
    "centroid_ent_to_contradiction": 11.568853104771186,
    "centroid_neutral_to_contradiction": 7.5210860140568485,
    "min_ent_to_neutral": 13.2510809935217,
    "min_ent_to_contradiction": 12.164255329394383,
    "entailment_separation": 68.88888928534551,
    "surface_gradient": 1.0,
    "surface_learning_score": 3.9444444642672756,
    "combined_surface_score": 2.198414513667556
  },
  "braycurtis": {
    "phd_entailment": 12.156372989390054,
    "phd_neutral": 12.397265487713316,
    "phd_contradiction": 10.99065994140926,
    "surface_quality": 0.34093157907966876,
    "separation_ratio": 1.1279819004320586,
    "entailment_simplicity": 0.5,
    "class_distinctiveness": 0.6666666666666666,
    "overall_separation": 0.24664284768146677,
    "min_max_diff": 1.4066055463040552,
    "std_dev": 0.6142253720359602,
    "centroid_ent_to_neutral": 0.08079304663807012,
    "centroid_ent_to_contradiction": 0.07461486173055779,
    "centroid_neutral_to_contradiction": 0.04388849629305913,
    "min_ent_to_neutral": 0.07749373977574586,
    "min_ent_to_contradiction": 0.1039457687359807,
    "entailment_separation": 0.4775500141368067,
    "surface_gradient": 0.0,
    "surface_learning_score": 0.023877500706840336,
    "combined_surface_score": 0.18240453989325456
  },
  "hyperbolic": {
    "phd_entailment": 11.279333286593111,
    "phd_neutral": 13.048821641450138,
    "phd_contradiction": 11.441719792341843,
    "surface_quality": 0.4753648606312453,
    "separation_ratio": 1.1568788074522351,
    "entailment_simplicity": 1.0,
    "class_distinctiveness": 0.6666666666666666,
    "overall_separation": 0.2652961723797104,
    "min_max_diff": 1.7694883548570264,
    "std_dev": 0.7986262349693036,
    "centroid_ent_to_neutral": 5.612289352834972,
    "centroid_ent_to_contradiction": 5.5174832464835575,
    "centroid_neutral_to_contradiction": 4.704152757748178,
    "min_ent_to_neutral": 5.555959525329151,
    "min_ent_to_contradiction": 5.770197944027152,
    "entailment_separation": 34.20046713154881,
    "surface_gradient": 0.0,
    "surface_learning_score": 1.7100233565774405,
    "combined_surface_score": 1.092694108604343
  },