{
  "euclidean": {
    "phd_entailment": 34.76715008581471,
    "phd_neutral": 45.821606424307944,
    "phd_contradiction": 21.33546758333842,
    "surface_quality": 0.9306660494604291,
    "separation_ratio": 2.147672941561945,
    "entailment_simplicity": 0.5,
    "class_distinctiveness": 0.6666666666666666,
    "overall_separation": 1.3062718200374974,
    "min_max_diff": 24.486138840969524,
    "std_dev": 10.012115411541366,
    "centroid_ent_to_neutral": 0.8907179236412048,
    "centroid_ent_to_contradiction": 0.7240433096885681,
    "centroid_neutral_to_contradiction": 0.8300307989120483,
    "min_ent_to_neutral": "1.6614916",
    "min_ent_to_contradiction": "0.8892216",
    "entailment_separation": 0.40284673503070484,
    "surface_gradient": 0.0,
    "surface_learning_score": 0.02014233675153524,
    "combined_surface_score": 0.47540419310598214
  },
  "manhattan": {
    "phd_entailment": 32.717830162333264,
    "phd_neutral": 28.478490839801097,
    "phd_contradiction": 21.167617010562598,
    "surface_quality": 0.4747426812436121,
    "separation_ratio": 1.5456548626143005,
    "entailment_simplicity": 0.0,
    "class_distinctiveness": 0.6666666666666666,
    "overall_separation": 0.7132730764008633,
    "min_max_diff": 11.550213151770667,
    "std_dev": 4.7706079031450255,
    "centroid_ent_to_neutral": 19.870357513427734,
    "centroid_ent_to_contradiction": 15.835491180419922,
    "centroid_neutral_to_contradiction": 18.314456939697266,
    "min_ent_to_neutral": 46.77051363931969,
    "min_ent_to_contradiction": 0.0,
    "entailment_separation": 8.90780895089728,
    "surface_gradient": 0.0,
    "surface_learning_score": 0.445390447544864,
    "combined_surface_score": 0.46006656439423804
  },
  "chebyshev": {
    "phd_entailment": 19.19163475030537,
    "phd_neutral": 22.989300011345588,
    "phd_contradiction": 17.856235215474104,
    "surface_quality": 0.43608661456200015,
    "separation_ratio": 1.2874662398837131,
    "entailment_simplicity": 0.5,
    "class_distinctiveness": 0.6666666666666666,
    "overall_separation": 0.41980887481867746,
    "min_max_diff": 5.1330647958714835,
    "std_dev": 2.1744452051335452,
    "centroid_ent_to_neutral": 0.10457145795226097,
    "centroid_ent_to_contradiction": 0.11707848310470581,
    "centroid_neutral_to_contradiction": 0.08947955071926117,
    "min_ent_to_neutral": 0.26769042015075684,
    "min_ent_to_contradiction": 0.11378717422485352,
    "entailment_separation": 0.055296692310615986,
    "surface_gradient": 1.0,
    "surface_learning_score": 0.5027648346155308,
    "combined_surface_score": 0.46942572458876547
  },
  "cosine": {
    "phd_entailment": 16.444867323174645,
    "phd_neutral": 14.868084379744873,
    "phd_contradiction": 12.11198150227666,
    "surface_quality": 0.2919605060032989,
    "separation_ratio": 1.3577355051346094,
    "entailment_simplicity": 0.0,
    "class_distinctiveness": 0.6666666666666666,
    "overall_separation": 0.38149052433796204,
    "min_max_diff": 4.332885820897985,
    "std_dev": 1.7906003666932628,
    "centroid_ent_to_neutral": 0.047625184059143066,
    "centroid_ent_to_contradiction": 0.03304719924926758,
    "centroid_neutral_to_contradiction": 0.035256147384643555,
    "min_ent_to_neutral": "0.15850204",
    "min_ent_to_contradiction": "0.13114548",
    "entailment_separation": 0.02012595147328618,
    "surface_gradient": 0.0,
    "surface_learning_score": 0.001006297573664309,
    "combined_surface_score": 0.14648340178848163
  },
  "minkowski_3": {
    "phd_entailment": 24.510316287325555,
    "phd_neutral": 25.964200988392736,
    "phd_contradiction": 25.976430035297998,
    "surface_quality": 0.4665672127470821,
    "separation_ratio": 1.059816190488353,
    "entailment_simplicity": 1.0,
    "class_distinctiveness": 0.6666666666666666,
    "overall_separation": 0.2509806298478262,
    "min_max_diff": 1.466113747972443,
    "std_dev": 0.6882683420148813,
    "centroid_ent_to_neutral": 0.34158792482597816,
    "centroid_ent_to_contradiction": 0.28650945731751537,
    "centroid_neutral_to_contradiction": 0.31988802949051065,
    "min_ent_to_neutral": 0.48556098296162403,
    "min_ent_to_contradiction": 0.3879241544466401,
    "entailment_separation": 0.1566962188930412,
    "surface_gradient": 0.0,
    "surface_learning_score": 0.007834810944652059,
    "combined_surface_score": 0.2372010118458671
  },
  "minkowski_4": {
    "phd_entailment": 27.417044760353335,
    "phd_neutral": 19.847238205952113,
    "phd_contradiction": 30.68770230121942,
    "surface_quality": 0.5820057076967253,
    "separation_ratio": 1.5461950918700766,
    "entailment_simplicity": 0.5,
    "class_distinctiveness": 0.6666666666666667,
    "overall_separation": 0.6840120914918486,
    "min_max_diff": 10.840464095267308,
    "std_dev": 4.540127675902464,
    "centroid_ent_to_neutral": 0.21955910978018525,
    "centroid_ent_to_contradiction": 0.19184686749806715,
    "centroid_neutral_to_contradiction": 0.20597526605891484,
    "min_ent_to_neutral": 0.45220367769947856,
    "min_ent_to_contradiction": 0.46241493503123565,
    "entailment_separation": 0.10263657022339076,
    "surface_gradient": 0.0,
    "surface_learning_score": 0.005131828511169538,
    "combined_surface_score": 0.29356876810394744
  },
  "canberra": {
    "phd_entailment": 37.21435852448172,
    "phd_neutral": 41.40861201102173,
    "phd_contradiction": 47.98384314012409,
    "surface_quality": 0.702021164246565,
    "separation_ratio": 1.2893905751071213,
    "entailment_simplicity": 1.0,
    "class_distinctiveness": 0.6666666666666667,
    "overall_separation": 0.6736359611834943,
    "min_max_diff": 10.76948461564237,
    "std_dev": 4.43229593873859,
    "centroid_ent_to_neutral": 236.058424321361,
    "centroid_ent_to_contradiction": 205.08378360307,
    "centroid_neutral_to_contradiction": 213.27354093786548,
    "min_ent_to_neutral": 306.5752270372743,
    "min_ent_to_contradiction": 295.41110318224315,
    "entailment_separation": 110.05509327229441,
    "surface_gradient": 0.0,
    "surface_learning_score": 5.502754663614721,
    "combined_surface_score": 3.102387913930643
  },
  "braycurtis": {
    "phd_entailment": 18.72737036088916,
    "phd_neutral": 18.168036495861095,
    "phd_contradiction": 21.78809112420415,
    "surface_quality": 0.3971587078461227,
    "separation_ratio": 1.199254037670375,
    "entailment_simplicity": 0.5,
    "class_distinctiveness": 0.6666666666666666,
    "overall_separation": 0.3517159225405081,
    "min_max_diff": 3.6200546283430555,
    "std_dev": 1.5911442938877076,
    "centroid_ent_to_neutral": 0.16688628751213289,
    "centroid_ent_to_contradiction": 0.14241122481557467,
    "centroid_neutral_to_contradiction": 0.15941587388631506,
    "min_ent_to_neutral": 0.29498488252006794,
    "min_ent_to_contradiction": 0.26377809579062206,
    "entailment_separation": 0.0771627968411166,
    "surface_gradient": 0.0,
    "surface_learning_score": 0.00385813984205583,
    "combined_surface_score": 0.2005084238440893
  },
  "hyperbolic": {
    "phd_entailment": 28.913034493823236,
    "phd_neutral": 35.97792647037628,
    "phd_contradiction": 23.740069835121528,
    "surface_quality": 0.6165567539021262,
    "separation_ratio": 1.515493708327253,
    "entailment_simplicity": 0.5,
    "class_distinctiveness": 0.6666666666666666,
    "overall_separation": 0.7423540364861936,
    "min_max_diff": 12.237856635254754,
    "std_dev": 5.015945651681349,
    "centroid_ent_to_neutral": 6.8511335561120585,
    "centroid_ent_to_contradiction": 6.48664576109324,
    "centroid_neutral_to_contradiction": 6.55115355194588,
    "min_ent_to_neutral": 7.569278744499519,
    "min_ent_to_contradiction": 5.489517738479209,
    "entailment_separation": 3.3274769913917708,
    "surface_gradient": 0.0,
    "surface_learning_score": 0.16637384956958853,
    "combined_surface_score": 0.39146530173585736
  },
  "order_violation": {
    "phd_entailment": 24.31962924619115,