{
  "euclidean": {
    "phd_entailment": 3.314096557222953,
    "phd_neutral": 3.563270597423238,
    "phd_contradiction": 3.6680667200293784,
    "surface_quality": 0.4393510137127507,
    "separation_ratio": 1.1068074380738728,
    "entailment_simplicity": 1.0,
    "class_distinctiveness": 0.6666666666666667,
    "overall_separation": 0.19677404105602184,
    "min_max_diff": 0.35397016280642557,
    "std_dev": 0.1484605468654222,
    "centroid_ent_to_neutral": 0.5577309131622314,
    "centroid_ent_to_contradiction": 0.5895797610282898,
    "centroid_neutral_to_contradiction": 0.052169933915138245,
    "min_ent_to_neutral": "0.016733175",
    "min_ent_to_contradiction": "0.017733017",
    "entailment_separation": 1.7951667437320133,
    "surface_gradient": 1.0,
    "surface_learning_score": 0.5897583371866006,
    "combined_surface_score": 0.5145546754496757
  },
  "manhattan": {
    "phd_entailment": 3.8098409680686967,
    "phd_neutral": 3.4092071400970725,
    "phd_contradiction": 3.301726929582846,
    "surface_quality": 0.19379318533863032,
    "separation_ratio": 1.1538934167853936,
    "entailment_simplicity": 0.0,
    "class_distinctiveness": 0.6666666666666666,
    "overall_separation": 0.2047252906542411,
    "min_max_diff": 0.5081140384858505,
    "std_dev": 0.2186421063122156,
    "centroid_ent_to_neutral": 1.143667459487915,
    "centroid_ent_to_contradiction": 1.2150440216064453,
    "centroid_neutral_to_contradiction": 0.07137647271156311,
    "min_ent_to_neutral": 0.02978063002228737,
    "min_ent_to_contradiction": 0.02127678692340851,
    "entailment_separation": 3.690613627304523,
    "surface_gradient": 1.0,
    "surface_learning_score": 0.6845306813652261,
    "combined_surface_score": 0.4391619333519282
  },
  "chebyshev": {
    "phd_entailment": 3.360757695331156,
    "phd_neutral": 3.758289219709915,
    "phd_contradiction": 3.4626938087634636,
    "surface_quality": 0.4405835332709904,
    "separation_ratio": 1.1182862795883854,
    "entailment_simplicity": 1.0,
    "class_distinctiveness": 0.6666666666666666,
    "overall_separation": 0.19901296140285857,
    "min_max_diff": 0.39753152437875894,
    "std_dev": 0.16858856263736202,
    "centroid_ent_to_neutral": 0.3791828155517578,
    "centroid_ent_to_contradiction": 0.39908087253570557,
    "centroid_neutral_to_contradiction": 0.04813772439956665,
    "min_ent_to_neutral": 0.009456992149353027,
    "min_ent_to_contradiction": 0.009460419416427612,
    "entailment_separation": 1.2177286607174334,
    "surface_gradient": 1.0,
    "surface_learning_score": 0.5608864330358717,
    "combined_surface_score": 0.5007349831534311
  },
  "cosine": {
    "phd_entailment": 1.3840934292639275,
    "phd_neutral": 1.365538796665895,
    "phd_contradiction": 1.4388526835114097,
    "surface_quality": 0.30667062152643737,
    "separation_ratio": 1.0536886150906282,
    "entailment_simplicity": 0.5,
    "class_distinctiveness": 0.6666666666666666,
    "overall_separation": 0.18322677207622587,
    "min_max_diff": 0.07331388684551476,
    "std_dev": 0.031123010995769872,
    "centroid_ent_to_neutral": 0.041520535945892334,
    "centroid_ent_to_contradiction": 0.04648953676223755,
    "centroid_neutral_to_contradiction": 0.0003718137741088867,
    "min_ent_to_neutral": "1.3709068e-06",
    "min_ent_to_contradiction": "1.847744e-06",
    "entailment_separation": 0.13770703889819746,
    "surface_gradient": 1.0,
    "surface_learning_score": 0.5068853519449099,
    "combined_surface_score": 0.40677798673567367
  },
  "minkowski_3": {
    "phd_entailment": 3.5172164733801217,
    "phd_neutral": 3.457221198264611,
    "phd_contradiction": 3.4731120910524926,
    "surface_quality": 0.1808834686939855,
    "separation_ratio": 1.017353611954487,
    "entailment_simplicity": 0.0,
    "class_distinctiveness": 0.6666666666666666,
    "overall_separation": 0.182152452326036,
    "min_max_diff": 0.059995275115510616,
    "std_dev": 0.025379672641009883,
    "centroid_ent_to_neutral": 0.45370998248512484,
    "centroid_ent_to_contradiction": 0.47780539113887455,
    "centroid_neutral_to_contradiction": 0.04924869914984493,
    "min_ent_to_neutral": 0.008981434831043892,
    "min_ent_to_contradiction": 0.010528520228459159,
    "entailment_separation": 1.4575175300140342,
    "surface_gradient": 1.0,
    "surface_learning_score": 0.5728758765007017,
    "combined_surface_score": 0.3768796725973436
  },
  "minkowski_4": {
    "phd_entailment": 3.294840234760985,
    "phd_neutral": 3.4581933530768043,
    "phd_contradiction": 3.592317000334179,
    "surface_quality": 0.4377321563298218,
    "separation_ratio": 1.090285641906025,
    "entailment_simplicity": 1.0,
    "class_distinctiveness": 0.6666666666666667,
    "overall_separation": 0.19381413837318867,
    "min_max_diff": 0.2974767655731938,
    "std_dev": 0.12163964086733658,
    "centroid_ent_to_neutral": 0.41604567030635214,
    "centroid_ent_to_contradiction": 0.43721989587270865,
    "centroid_neutral_to_contradiction": 0.048485436919232475,
    "min_ent_to_neutral": 0.005509047773372818,
    "min_ent_to_contradiction": 0.00882846396080774,
    "entailment_separation": 1.3350821206793337,
    "surface_gradient": 1.0,
    "surface_learning_score": 0.5667541060339667,
    "combined_surface_score": 0.5022431311818942
  },
  "canberra": {
    "phd_entailment": 3.746853409084352,
    "phd_neutral": 3.352553423097142,
    "phd_contradiction": 3.4174441870486922,
    "surface_quality": 0.1904943143506434,
    "separation_ratio": 1.1176118427437165,
    "entailment_simplicity": 0.0,
    "class_distinctiveness": 0.6666666666666667,
    "overall_separation": 0.19912555164056672,
    "min_max_diff": 0.39429998598720983,
    "std_dev": 0.172624745798467,
    "centroid_ent_to_neutral": 1.1161546621992284,
    "centroid_ent_to_contradiction": 1.1908043984777728,
    "centroid_neutral_to_contradiction": 0.09629137297623007,
    "min_ent_to_neutral": 0.049555662112431835,
    "min_ent_to_contradiction": 0.04990281941185436,
    "entailment_separation": 3.6096379804018834,
    "surface_gradient": 1.0,
    "surface_learning_score": 0.6804818990200941,
    "combined_surface_score": 0.43548810668536875
  },
  "braycurtis": {
    "phd_entailment": 3.4968519573839507,
    "phd_neutral": 3.272487363102289,
    "phd_contradiction": 3.560702737851034,
    "surface_quality": 0.3124729543497816,
    "separation_ratio": 1.0880722651517039,
    "entailment_simplicity": 0.5,
    "class_distinctiveness": 0.6666666666666666,
    "overall_separation": 0.1936527713098314,
    "min_max_diff": 0.28821537474874503,
    "std_dev": 0.12359633920099641,
    "centroid_ent_to_neutral": 0.1612830156697505,
    "centroid_ent_to_contradiction": 0.17072820680433343,
    "centroid_neutral_to_contradiction": 0.009704171270514967,
    "min_ent_to_neutral": 0.003682569691383885,
    "min_ent_to_contradiction": 0.0005224296128588079,
    "entailment_separation": 0.5194892007361491,
    "surface_gradient": 1.0,
    "surface_learning_score": 0.5259744600368075,
    "combined_surface_score": 0.41922370719329455
  },
  "hyperbolic": {
    "phd_entailment": 3.4947135412103494,
    "phd_neutral": 3.383427668432258,
    "phd_contradiction": 3.228915327728321,
    "surface_quality": 0.18684059840331313,
    "separation_ratio": 1.0823181119676584,
    "entailment_simplicity": 0.0,
    "class_distinctiveness": 0.6666666666666667,
    "overall_separation": 0.19229004534772942,
    "min_max_diff": 0.26579821348202826,
    "std_dev": 0.10898893888832577,
    "centroid_ent_to_neutral": 6.71426485091613,
    "centroid_ent_to_contradiction": 6.827049592619795,
    "centroid_neutral_to_contradiction": 2.224910294183262,
    "min_ent_to_neutral": 0.0,
    "min_ent_to_contradiction": 0.28807049577455457,
    "entailment_separation": 21.187737464923952,
    "surface_gradient": 1.0,
    "surface_learning_score": 1.5593868732461975,
    "combined_surface_score": 0.8731137358247554
  },