{
  "euclidean": {
    "phd_entailment": 13.218588331015212,
    "phd_neutral": 12.102894252639054,
    "phd_contradiction": 11.095814764111598,
    "surface_quality": 0.23462741829074452,
    "separation_ratio": 1.191312996118999,
    "entailment_simplicity": 0.0,
    "class_distinctiveness": 0.6666666666666666,
    "overall_separation": 0.2779772548567604,
    "min_max_diff": 2.1227735669036143,
    "std_dev": 0.866996731320318,
    "centroid_ent_to_neutral": 0.26644420623779297,
    "centroid_ent_to_contradiction": 0.2573825716972351,
    "centroid_neutral_to_contradiction": 0.15670007467269897,
    "min_ent_to_neutral": "0.05710239",
    "min_ent_to_contradiction": "0.09092583",
    "entailment_separation": 1.5768966696221818,
    "surface_gradient": 0.0,
    "surface_learning_score": 0.07884483348110909,
    "combined_surface_score": 0.1567361258859268
  },
  "manhattan": {
    "phd_entailment": 14.390066157177325,
    "phd_neutral": 12.657413600466848,
    "phd_contradiction": 12.474118992312166,
    "surface_quality": 0.22898526811512082,
    "separation_ratio": 1.1535937861460166,
    "entailment_simplicity": 0.0,
    "class_distinctiveness": 0.6666666666666666,
    "overall_separation": 0.27214690017097176,
    "min_max_diff": 1.915947164865159,
    "std_dev": 0.8632326411170186,
    "centroid_ent_to_neutral": 1.2853333950042725,
    "centroid_ent_to_contradiction": 1.1581933498382568,
    "centroid_neutral_to_contradiction": 0.722202479839325,
    "min_ent_to_neutral": 0.6483982913196087,
    "min_ent_to_contradiction": 0.5202860571444035,
    "entailment_separation": 7.355846146820769,
    "surface_gradient": 0.0,
    "surface_learning_score": 0.36779230734103846,
    "combined_surface_score": 0.29838878772807964
  },
  "chebyshev": {
    "phd_entailment": 10.868756732538653,
    "phd_neutral": 9.619833930957624,
    "phd_contradiction": 9.931352658798243,
    "surface_quality": 0.21201258540938295,
    "separation_ratio": 1.1298278962552426,
    "entailment_simplicity": 0.0,
    "class_distinctiveness": 0.6666666666666667,
    "overall_separation": 0.2385517518513794,
    "min_max_diff": 1.2489228015810294,
    "std_dev": 0.5307833288399285,
    "centroid_ent_to_neutral": 0.13385379314422607,
    "centroid_ent_to_contradiction": 0.1263248771429062,
    "centroid_neutral_to_contradiction": 0.08682712912559509,
    "min_ent_to_neutral": 0.02229289710521698,
    "min_ent_to_contradiction": 0.0410953164100647,
    "entailment_separation": 0.7832262418882951,
    "surface_gradient": 0.0,
    "surface_learning_score": 0.03916131209441476,
    "combined_surface_score": 0.12558694875189885
  },
  "cosine": {
    "phd_entailment": 5.406775630016886,
    "phd_neutral": 5.605880092047107,
    "phd_contradiction": 6.270595808731746,
    "surface_quality": 0.4527592490554324,
    "separation_ratio": 1.1597662336715389,
    "entailment_simplicity": 1.0,
    "class_distinctiveness": 0.6666666666666666,
    "overall_separation": 0.22122599749059196,
    "min_max_diff": 0.8638201787148594,
    "std_dev": 0.3693349687031917,
    "centroid_ent_to_neutral": 0.23563367128372192,
    "centroid_ent_to_contradiction": 0.2327566146850586,
    "centroid_neutral_to_contradiction": 0.07461845874786377,
    "min_ent_to_neutral": "0.057388842",
    "min_ent_to_contradiction": "0.028888404",
    "entailment_separation": 1.4100139838959562,
    "surface_gradient": 0.0,
    "surface_learning_score": 0.07050069919479782,
    "combined_surface_score": 0.26162997412511513
  },
  "minkowski_3": {
    "phd_entailment": 12.500040814943851,
    "phd_neutral": 10.282514635612337,
    "phd_contradiction": 10.662472278116786,
    "surface_quality": 0.23730057002306015,
    "separation_ratio": 1.215659909848449,
    "entailment_simplicity": 0.0,
    "class_distinctiveness": 0.6666666666666667,
    "overall_separation": 0.28571558231164834,
    "min_max_diff": 2.2175261793315144,
    "std_dev": 0.9683002457717639,
    "centroid_ent_to_neutral": 0.1758496035363262,
    "centroid_ent_to_contradiction": 0.17724009802351146,
    "centroid_neutral_to_contradiction": 0.1095838074414483,
    "min_ent_to_neutral": 0.07985865454008251,
    "min_ent_to_contradiction": 0.0,
    "entailment_separation": 1.0629200299047294,
    "surface_gradient": 1.0,
    "surface_learning_score": 0.5531460014952365,
    "combined_surface_score": 0.39522328575914834
  },
  "minkowski_4": {
    "phd_entailment": 12.289128415104233,
    "phd_neutral": 11.771847065892866,
    "phd_contradiction": 9.733099253938102,
    "surface_quality": 0.24635004633781865,
    "separation_ratio": 1.2626120513598933,
    "entailment_simplicity": 0.0,
    "class_distinctiveness": 0.6666666666666667,
    "overall_separation": 0.30151987934796787,
    "min_max_diff": 2.5560291611661317,
    "std_dev": 1.1033966602029845,
    "centroid_ent_to_neutral": 0.15046537318559935,
    "centroid_ent_to_contradiction": 0.15374712424852968,
    "centroid_neutral_to_contradiction": 0.09685990611521719,
    "min_ent_to_neutral": 0.024802646851644832,
    "min_ent_to_contradiction": 0.049763907354642,
    "entailment_separation": 0.9157830303223345,
    "surface_gradient": 1.0,
    "surface_learning_score": 0.5457891515161167,
    "combined_surface_score": 0.3960695989269677
  },
  "canberra": {
    "phd_entailment": 15.103115947001575,
    "phd_neutral": 14.66347865043618,
    "phd_contradiction": 14.485000415317513,
    "surface_quality": 0.1951529649639126,
    "separation_ratio": 1.04267280041155,
    "entailment_simplicity": 0.0,
    "class_distinctiveness": 0.6666666666666667,
    "overall_separation": 0.2081401621152471,
    "min_max_diff": 0.6181155316840616,
    "std_dev": 0.25974394302669046,
    "centroid_ent_to_neutral": 22.928064373743002,
    "centroid_ent_to_contradiction": 22.691725377732194,
    "centroid_neutral_to_contradiction": 15.606561554491941,
    "min_ent_to_neutral": 10.789043281211734,
    "min_ent_to_contradiction": 10.347609747097888,
    "entailment_separation": 137.33107500069048,
    "surface_gradient": 0.0,
    "surface_learning_score": 6.866553750034524,
    "combined_surface_score": 3.5308533574992182
  },
  "braycurtis": {
    "phd_entailment": 11.135777022725833,
    "phd_neutral": 10.852993675328594,
    "phd_contradiction": 9.544278388902335,
    "surface_quality": 0.2210384946936764,
    "separation_ratio": 1.1667489745137802,
    "entailment_simplicity": 0.0,
    "class_distinctiveness": 0.6666666666666667,
    "overall_separation": 0.2557018359763029,
    "min_max_diff": 1.5914986338234982,
    "std_dev": 0.6932668256525297,
    "centroid_ent_to_neutral": 0.4090771029222619,
    "centroid_ent_to_contradiction": 0.37458901035719716,
    "centroid_neutral_to_contradiction": 0.20038519838832541,
    "min_ent_to_neutral": 0.19956433243143956,
    "min_ent_to_contradiction": 0.18781458640833085,
    "entailment_separation": 2.3591013979804862,
    "surface_gradient": 0.0,
    "surface_learning_score": 0.11795506989902431,
    "combined_surface_score": 0.16949678229635035
  },
  "hyperbolic": {
    "phd_entailment": 13.41962002519789,
    "phd_neutral": 12.31647043668982,
    "phd_contradiction": 11.429053761358412,
    "surface_quality": 0.23110791323156424,
    "separation_ratio": 1.1741671975128487,
    "entailment_simplicity": 0.0,
    "class_distinctiveness": 0.6666666666666667,
    "overall_separation": 0.27181964175261286,
    "min_max_diff": 1.9905662638394777,
    "std_dev": 0.8142345704209725,
    "centroid_ent_to_neutral": 0.6123583452393973,
    "centroid_ent_to_contradiction": 0.5882865739499066,
    "centroid_neutral_to_contradiction": 0.3724385315585072,
    "min_ent_to_neutral": 0.13680584028177656,
    "min_ent_to_contradiction": 0.0,
    "entailment_separation": 3.6143493502411936,
    "surface_gradient": 0.0,
    "surface_learning_score": 0.1807174675120597,
    "combined_surface_score": 0.20591269037181198
  },
  "order_violation": {
    "phd_entailment": 11.408735779885687,