{
  "euclidean": {
    "phd_entailment": 46.70786943844342,
    "phd_neutral": 76.97133010376439,
    "phd_contradiction": 324.4602047588156,
    "centroid_ent_to_neutral": 0.051668353378772736,
    "centroid_ent_to_contradiction": 0.1355709433555603,
    "centroid_neutral_to_contradiction": 0.0904407650232315,
    "min_ent_to_neutral": "0.032648586",
    "min_ent_to_contradiction": "0.053712375",
    "entailment_separation": 0.9773670224040254
  },
  "manhattan": {
    "phd_entailment": 84.17242478787563,
    "phd_neutral": 113.51117979111505,
    "phd_contradiction": -149.46040919265002,
    "centroid_ent_to_neutral": 1.1642805337905884,
    "centroid_ent_to_contradiction": 2.99086594581604,
    "centroid_neutral_to_contradiction": 1.8531993627548218,
    "min_ent_to_neutral": 0.32925629181338445,
    "min_ent_to_contradiction": 0.47982152227971264,
    "entailment_separation": 21.689374043034615
  },
  "chebyshev": {
    "phd_entailment": 17.515213685347042,
    "phd_neutral": 20.943779423484628,
    "phd_contradiction": 28.362946025474205,
    "centroid_ent_to_neutral": 0.006098410114645958,
    "centroid_ent_to_contradiction": 0.023348647635430098,
    "centroid_neutral_to_contradiction": 0.018088966608047485,
    "min_ent_to_neutral": 0.008841583738103509,
    "min_ent_to_contradiction": 0.02004409348592162,
    "entailment_separation": 0.15371016476625057
  },
  "cosine": {
    "phd_entailment": 18.14965321791922,
    "phd_neutral": 17.99813725991362,
    "phd_contradiction": 18.345197991710823,
    "centroid_ent_to_neutral": 0.01578420400619507,
    "centroid_ent_to_contradiction": 0.045640647411346436,
    "centroid_neutral_to_contradiction": 0.024573802947998047,
    "min_ent_to_neutral": "0.22032464",
    "min_ent_to_contradiction": "0.40219408",
    "entailment_separation": 0.3206304722280235
  },
  "minkowski_3": {
    "phd_entailment": 33.90539853326596,
    "phd_neutral": 46.22379258576624,
    "phd_contradiction": 97.54193646193869,
    "centroid_ent_to_neutral": 0.019885976801397764,
    "centroid_ent_to_contradiction": 0.05403819596532687,
    "centroid_neutral_to_contradiction": 0.03804048859992332,
    "min_ent_to_neutral": 0.017609987388701974,
    "min_ent_to_contradiction": 0.029702535003438835,
    "entailment_separation": 0.38587545392893013
  },
  "minkowski_4": {
    "phd_entailment": 27.957172398758008,
    "phd_neutral": 34.97294342183562,
    "phd_contradiction": 65.26720478734967,
    "centroid_ent_to_neutral": 0.01288672150670889,
    "centroid_ent_to_contradiction": 0.03651135478473978,
    "centroid_neutral_to_contradiction": 0.02681998289093928,
    "min_ent_to_neutral": 0.0133549578599203,
    "min_ent_to_contradiction": 0.02417103335081903,
    "entailment_separation": 0.257852126020121
  },
  "canberra": {
    "phd_entailment": 46.35549490686133,
    "phd_neutral": 54.1124847105855,
    "phd_contradiction": 47.906726341403356,
    "centroid_ent_to_neutral": 136.32031614933686,
    "centroid_ent_to_contradiction": 260.38055364775545,
    "centroid_neutral_to_contradiction": 138.83182394570423,
    "min_ent_to_neutral": 300.84139155188933,
    "min_ent_to_contradiction": 366.5549613642593,
    "entailment_separation": 2070.7317035525725
  },
  "braycurtis": {
    "phd_entailment": 33.35808072627355,
    "phd_neutral": 38.36319480157765,
    "phd_contradiction": 33.995881849724306,
    "centroid_ent_to_neutral": 0.18421061221240098,
    "centroid_ent_to_contradiction": 0.3668540156552234,
    "centroid_neutral_to_contradiction": 0.19916412740213996,
    "min_ent_to_neutral": 0.39519543491724907,
    "min_ent_to_contradiction": 0.5198275431040082,
    "entailment_separation": 2.8764922956068952
  }
}