{
  "euclidean": {
    "phd_entailment": 22.58816911380557,
    "phd_neutral": 25.528074969947994,
    "phd_contradiction": 22.237492393491284,
    "centroid_ent_to_neutral": 0.2751520872116089,
    "centroid_ent_to_contradiction": 0.5742010474205017,
    "centroid_neutral_to_contradiction": 0.36982858180999756,
    "min_ent_to_neutral": "0.26189423",
    "min_ent_to_contradiction": "0.31487966",
    "entailment_separation": 1.6665172820498126
  },
  "manhattan": {
    "phd_entailment": 22.46133338754039,
    "phd_neutral": 25.738371823658532,
    "phd_contradiction": 22.43771370351413,
    "centroid_ent_to_neutral": 2.8226406574249268,
    "centroid_ent_to_contradiction": 5.2987518310546875,
    "centroid_neutral_to_contradiction": 3.3491039276123047,
    "min_ent_to_neutral": 2.286460041999817,
    "min_ent_to_contradiction": 2.7301751896739006,
    "entailment_separation": 15.934998511806434
  },
  "chebyshev": {
    "phd_entailment": 17.87212646472008,
    "phd_neutral": 19.658755585442165,
    "phd_contradiction": 18.343183575869677,
    "centroid_ent_to_neutral": 0.045274109579622746,
    "centroid_ent_to_contradiction": 0.11813881993293762,
    "centroid_neutral_to_contradiction": 0.07977581582963467,
    "min_ent_to_neutral": 0.06202004477381706,
    "min_ent_to_contradiction": 0.07370661199092865,
    "entailment_separation": 0.32063279693554925
  },
  "cosine": {
    "phd_entailment": 9.149382962157997,
    "phd_neutral": 9.420955058962042,
    "phd_contradiction": 9.197206975752255,
    "centroid_ent_to_neutral": 0.5946671366691589,
    "centroid_ent_to_contradiction": 0.9608507752418518,
    "centroid_neutral_to_contradiction": 0.1743740439414978,
    "min_ent_to_neutral": "0.23212636",
    "min_ent_to_contradiction": "0.20270723",
    "entailment_separation": 3.052084435834298
  },
  "minkowski_3": {
    "phd_entailment": 22.354830448650656,
    "phd_neutral": 24.76668709319329,
    "phd_contradiction": 21.859927158892045,
    "centroid_ent_to_neutral": 0.13084860570316603,
    "centroid_ent_to_contradiction": 0.29022340743003827,
    "centroid_neutral_to_contradiction": 0.1907760453254967,
    "min_ent_to_neutral": 0.13838987847041742,
    "min_ent_to_contradiction": 0.16779172618056518,
    "entailment_separation": 0.8261861389113914
  },
  "minkowski_4": {
    "phd_entailment": 21.86604928617052,
    "phd_neutral": 24.03217128235707,
    "phd_contradiction": 21.501335873629788,
    "centroid_ent_to_neutral": 0.09182222848267207,
    "centroid_ent_to_contradiction": 0.212211596993209,
    "centroid_neutral_to_contradiction": 0.1415158066887931,
    "min_ent_to_neutral": 0.10507722754949263,
    "min_ent_to_contradiction": 0.12702355925946562,
    "entailment_separation": 0.5965453046838228
  },
  "canberra": {
    "phd_entailment": 25.92549271482499,
    "phd_neutral": 33.3332034664882,
    "phd_contradiction": 29.105318933026204,
    "centroid_ent_to_neutral": 87.36445998837125,
    "centroid_ent_to_contradiction": 87.59515630729045,
    "centroid_neutral_to_contradiction": 71.66698536050356,
    "min_ent_to_neutral": 58.743376206264344,
    "min_ent_to_contradiction": 58.164358500591504,
    "entailment_separation": 343.2885714183141
  },
  "braycurtis": {
    "phd_entailment": 14.006014243628167,
    "phd_neutral": 15.620077815108106,
    "phd_contradiction": 15.017744558642407,
    "centroid_ent_to_neutral": 0.7612602554358515,
    "centroid_ent_to_contradiction": 1.0258995679667609,
    "centroid_neutral_to_contradiction": 0.5532017321985818,
    "min_ent_to_neutral": 0.38639088934337423,
    "min_ent_to_contradiction": 0.39236882837109005,
    "entailment_separation": 3.506589438532633
  }
}