{
  "euclidean": {
    "phd_entailment": -7.129853577640131,
    "phd_neutral": 15.089253928382174,
    "phd_contradiction": -2.9141711156579633,
    "centroid_ent_to_neutral": 121.00756072998047,
    "centroid_ent_to_contradiction": 121.86544036865234,
    "centroid_neutral_to_contradiction": 142.19912719726562,
    "min_ent_to_neutral": "64.14341",
    "min_ent_to_contradiction": "82.55141",
    "entailment_separation": 0.00489895609374137
  },
  "manhattan": {
    "phd_entailment": -19.97843263779201,
    "phd_neutral": 19.265655577095178,
    "phd_contradiction": -5.987545683884509,
    "centroid_ent_to_neutral": 1429.900390625,
    "centroid_ent_to_contradiction": 1704.3316650390625,
    "centroid_neutral_to_contradiction": 1685.3143310546875,
    "min_ent_to_neutral": 960.0747293839231,
    "min_ent_to_contradiction": 1139.0792257627472,
    "entailment_separation": 0.0632201403978181
  },
  "chebyshev": {
    "phd_entailment": -6.679233779140894,
    "phd_neutral": 14.041658935843804,
    "phd_contradiction": -2.7465601751959907,
    "centroid_ent_to_neutral": 60.81308054924011,
    "centroid_ent_to_contradiction": 34.4289984703064,
    "centroid_neutral_to_contradiction": 60.662471294403076,
    "min_ent_to_neutral": 21.181481897830963,
    "min_ent_to_contradiction": 22.348578214645386,
    "entailment_separation": 0.0019211141678276522
  },
  "cosine": {
    "phd_entailment": 3.984287589068823,
    "phd_neutral": 3.9829835555477504,
    "phd_contradiction": 4.2853587956093016,
    "centroid_ent_to_neutral": 0.3809470534324646,
    "centroid_ent_to_contradiction": 0.3313330411911011,
    "centroid_neutral_to_contradiction": 0.4022102952003479,
    "min_ent_to_neutral": "0.008585215",
    "min_ent_to_contradiction": "0.0052494407",
    "entailment_separation": 1.4367298523188707e-05
  },
  "minkowski_3": {
    "phd_entailment": -6.831480933315872,
    "phd_neutral": 14.446395615215776,
    "phd_contradiction": -2.804330137634573,
    "centroid_ent_to_neutral": 75.89351222772446,
    "centroid_ent_to_contradiction": 64.75681766808356,
    "centroid_neutral_to_contradiction": 83.17213353407388,
    "min_ent_to_neutral": 33.65777592721534,
    "min_ent_to_contradiction": 44.41712263795687,
    "entailment_separation": 0.0028370374130221973
  },
  "minkowski_4": {
    "phd_entailment": -6.76398152964602,
    "phd_neutral": 14.288416037720308,
    "phd_contradiction": -2.77870397234637,
    "centroid_ent_to_neutral": 66.75869525510207,
    "centroid_ent_to_contradiction": 50.62209146450846,
    "centroid_neutral_to_contradiction": 69.6631076782606,
    "min_ent_to_neutral": 27.396401313137577,
    "min_ent_to_contradiction": 35.552988808342675,
    "entailment_separation": 0.002367670831203926
  },
  "canberra": {
    "phd_entailment": 23.813209536980363,
    "phd_neutral": 35.73924877593008,
    "phd_contradiction": 39.75994030800935,
    "centroid_ent_to_neutral": 147.68795203873228,
    "centroid_ent_to_contradiction": 170.04717900790308,
    "centroid_neutral_to_contradiction": 141.04353846447563,
    "min_ent_to_neutral": 242.8039735199979,
    "min_ent_to_contradiction": 294.23073238410274,
    "entailment_separation": 0.006408989263506035
  },
  "braycurtis": {
    "phd_entailment": 23.151572328939462,
    "phd_neutral": 26.14222385724854,
    "phd_contradiction": 30.78358929105843,
    "centroid_ent_to_neutral": 0.2584650426053529,
    "centroid_ent_to_contradiction": 0.2854061817802565,
    "centroid_neutral_to_contradiction": 0.2577753824605059,
    "min_ent_to_neutral": 0.42637317953701825,
    "min_ent_to_contradiction": 0.450379635010421,
    "entailment_separation": 1.0970347617322953e-05
  }
}