{
  "euclidean": {
    "phd_entailment": 3.7478106062646734,
    "phd_neutral": 3.4725977872317446,
    "phd_contradiction": 3.3576537411397243,
    "centroid_ent_to_neutral": 0.5482887029647827,
    "centroid_ent_to_contradiction": 1.3000047206878662,
    "centroid_neutral_to_contradiction": 0.8496770858764648,
    "min_ent_to_neutral": "0.010314496",
    "min_ent_to_contradiction": "0.020389082",
    "entailment_separation": 2.5207194791172918
  },
  "manhattan": {
    "phd_entailment": 3.6729875911252416,
    "phd_neutral": 3.4524836684538993,
    "phd_contradiction": 3.389585533561903,
    "centroid_ent_to_neutral": 1.1271840333938599,
    "centroid_ent_to_contradiction": 2.05965518951416,
    "centroid_neutral_to_contradiction": 1.055070400238037,
    "min_ent_to_neutral": 0.022870339453220367,
    "min_ent_to_contradiction": 0.040906897746026516,
    "entailment_separation": 4.346240484978824
  },
  "chebyshev": {
    "phd_entailment": 3.7313886084352235,
    "phd_neutral": 3.535547010318109,
    "phd_contradiction": 3.3189978301572776,
    "centroid_ent_to_neutral": 0.3551294356584549,
    "centroid_ent_to_contradiction": 1.1882482320070267,
    "centroid_neutral_to_contradiction": 0.8331187963485718,
    "min_ent_to_neutral": 0.005277395248413086,
    "min_ent_to_contradiction": 0.012004047632217407,
    "entailment_separation": 2.104872581773641
  },
  "cosine": {
    "phd_entailment": 1.4388157073417007,
    "phd_neutral": 1.439626442877248,
    "phd_contradiction": 1.395434798703542,
    "centroid_ent_to_neutral": 0.02970200777053833,
    "centroid_ent_to_contradiction": 0.14312869310379028,
    "centroid_neutral_to_contradiction": 0.057376861572265625,
    "min_ent_to_neutral": "1.1146069e-05",
    "min_ent_to_contradiction": "1.0550022e-05",
    "entailment_separation": 0.23570809088443068
  },
  "minkowski_3": {
    "phd_entailment": 3.766357118023916,
    "phd_neutral": 3.4883411890670195,
    "phd_contradiction": 3.3298411108936468,
    "centroid_ent_to_neutral": 0.442460644842876,
    "centroid_ent_to_contradiction": 1.2117434576725736,
    "centroid_neutral_to_contradiction": 0.8351454746668701,
    "min_ent_to_neutral": 0.007953483323159422,
    "min_ent_to_contradiction": 0.016914177458404116,
    "entailment_separation": 2.2560186874473573
  },
  "minkowski_4": {
    "phd_entailment": 3.770855610092482,
    "phd_neutral": 3.498504008694229,
    "phd_contradiction": 3.3226946481438744,
    "centroid_ent_to_neutral": 0.40233247734739225,
    "centroid_ent_to_contradiction": 1.194194048773698,
    "centroid_neutral_to_contradiction": 0.8334081885108834,
    "min_ent_to_neutral": 0.007011457246918004,
    "min_ent_to_contradiction": 0.015456263880348414,
    "entailment_separation": 2.1773574811340137
  },
  "canberra": {
    "phd_entailment": 3.668095042029631,
    "phd_neutral": 3.6413003262578254,
    "phd_contradiction": 3.4740403234381736,
    "centroid_ent_to_neutral": 0.8898088286511484,
    "centroid_ent_to_contradiction": 1.112065917298099,
    "centroid_neutral_to_contradiction": 0.6107830680824499,
    "min_ent_to_neutral": 0.031333998056009275,
    "min_ent_to_contradiction": 0.044914403211774936,
    "entailment_separation": 2.730175091406686
  },
  "braycurtis": {
    "phd_entailment": 3.7127096746685755,
    "phd_neutral": 3.455642726393462,
    "phd_contradiction": 3.375004415746672,
    "centroid_ent_to_neutral": 0.1313901312733351,
    "centroid_ent_to_contradiction": 0.22201243128528092,
    "centroid_neutral_to_contradiction": 0.10843917905991243,
    "min_ent_to_neutral": 0.0028795473452004616,
    "min_ent_to_contradiction": 0.004891466325168409,
    "entailment_separation": 0.48197364769658174
  }
}