{
  "euclidean": {
    "phd_entailment": 27.476798009579763,
    "phd_neutral": 47.97644834488815,
    "phd_contradiction": 65.26867224190077,
    "centroid_ent_to_neutral": 0.15651527047157288,
    "centroid_ent_to_contradiction": 0.3959968090057373,
    "centroid_neutral_to_contradiction": 0.24168306589126587,
    "min_ent_to_neutral": "0.7996952",
    "min_ent_to_contradiction": "1.0407816",
    "entailment_separation": 5.568731563510435
  },
  "manhattan": {
    "phd_entailment": 25.944453159451008,
    "phd_neutral": 45.30162704104405,
    "phd_contradiction": 59.08346125910876,
    "centroid_ent_to_neutral": 4.206101894378662,
    "centroid_ent_to_contradiction": 10.609922409057617,
    "centroid_neutral_to_contradiction": 6.403819561004639,
    "min_ent_to_neutral": 14.745238746915788,
    "min_ent_to_contradiction": 22.143019605452054,
    "entailment_separation": 149.3296983883799
  },
  "chebyshev": {
    "phd_entailment": 33.372938138813986,
    "phd_neutral": 37.55403458727584,
    "phd_contradiction": 39.583768564268375,
    "centroid_ent_to_neutral": 0.010303176939487457,
    "centroid_ent_to_contradiction": 0.029401126317679882,
    "centroid_neutral_to_contradiction": 0.020264464430510998,
    "min_ent_to_neutral": 0.11632809601724148,
    "min_ent_to_contradiction": 0.12359452247619629,
    "entailment_separation": 0.40017696439242806
  },
  "cosine": {
    "phd_entailment": 15.646381281934739,
    "phd_neutral": 27.31304866429978,
    "phd_contradiction": 55.88397106403151,
    "centroid_ent_to_neutral": 0.0007085800170898438,
    "centroid_ent_to_contradiction": 0.010034918785095215,
    "centroid_neutral_to_contradiction": 0.00828784704208374,
    "min_ent_to_neutral": "0.24750054",
    "min_ent_to_contradiction": "0.35206646",
    "entailment_separation": 0.10828299163859532
  },
  "minkowski_3": {
    "phd_entailment": 28.845308370819406,
    "phd_neutral": 50.2682292172548,
    "phd_contradiction": 67.7372877145048,
    "centroid_ent_to_neutral": 0.05320262918756497,
    "centroid_ent_to_contradiction": 0.135070684509341,
    "centroid_neutral_to_contradiction": 0.08337432372979639,
    "min_ent_to_neutral": 0.33985599060467536,
    "min_ent_to_contradiction": 0.41593169713438294,
    "entailment_separation": 1.897593887073953
  },
  "minkowski_4": {
    "phd_entailment": 30.321398582759787,
    "phd_neutral": 51.51657563724338,
    "phd_contradiction": 68.3174726925638,
    "centroid_ent_to_neutral": 0.031424221673881474,
    "centroid_ent_to_contradiction": 0.08011851315188995,
    "centroid_neutral_to_contradiction": 0.050030642635934285,
    "min_ent_to_neutral": 0.2347490185188978,
    "min_ent_to_contradiction": 0.2773983051636569,
    "entailment_separation": 1.1242316162429833
  },
  "canberra": {
    "phd_entailment": 81.93486217933085,
    "phd_neutral": 113.88989417742684,
    "phd_contradiction": 270.35010840482755,
    "centroid_ent_to_neutral": 95.34850509425151,
    "centroid_ent_to_contradiction": 295.53854699135786,
    "centroid_neutral_to_contradiction": 210.91840187605547,
    "min_ent_to_neutral": 306.2129684029892,
    "min_ent_to_contradiction": 370.955538210097,
    "entailment_separation": 3939.7239364901016
  },
  "braycurtis": {
    "phd_entailment": 29.67732473323467,
    "phd_neutral": 52.39592559025621,
    "phd_contradiction": 105.26627663594662,
    "centroid_ent_to_neutral": 0.12317153772742437,
    "centroid_ent_to_contradiction": 0.3824152422629064,
    "centroid_neutral_to_contradiction": 0.2720583823558789,
    "min_ent_to_neutral": 0.33496119682192205,
    "min_ent_to_contradiction": 0.4359067277560526,
    "entailment_separation": 5.095774670644795
  }
}