{
  "euclidean": {
    "phd_entailment": 45.20316479247625,
    "phd_neutral": 49.23479051764911,
    "phd_contradiction": 100.35892575657425,
    "centroid_ent_to_neutral": 0.26580139994621277,
    "centroid_ent_to_contradiction": 0.570902407169342,
    "centroid_neutral_to_contradiction": 0.4333881437778473,
    "min_ent_to_neutral": "0.81685054",
    "min_ent_to_contradiction": "1.0123584",
    "entailment_separation": 0.7590195191673298
  },
  "manhattan": {
    "phd_entailment": 45.43573047674684,
    "phd_neutral": 48.340348317964484,
    "phd_contradiction": 97.19135051268789,
    "centroid_ent_to_neutral": 5.768857479095459,
    "centroid_ent_to_contradiction": 12.369526863098145,
    "centroid_neutral_to_contradiction": 9.346246719360352,
    "min_ent_to_neutral": 17.330408613379745,
    "min_ent_to_contradiction": 20.466913301882073,
    "entailment_separation": 16.45431471065679
  },
  "chebyshev": {
    "phd_entailment": 25.983585297268025,
    "phd_neutral": 29.646999345866444,
    "phd_contradiction": 40.619290110687025,
    "centroid_ent_to_neutral": 0.03354437852976844,
    "centroid_ent_to_contradiction": 0.08187779597938061,
    "centroid_neutral_to_contradiction": 0.062145269010216,
    "min_ent_to_neutral": 0.10696248337626457,
    "min_ent_to_contradiction": 0.1427992731332779,
    "entailment_separation": 0.10470573057292507
  },
  "cosine": {
    "phd_entailment": 13.906868741052689,
    "phd_neutral": 15.932164502513734,
    "phd_contradiction": 14.793664723407556,
    "centroid_ent_to_neutral": 0.6604043841362,
    "centroid_ent_to_contradiction": 0.7866392135620117,
    "centroid_neutral_to_contradiction": 0.28810495138168335,
    "min_ent_to_neutral": "0.19546568",
    "min_ent_to_contradiction": "0.33054268",
    "entailment_separation": 1.3126919304041984
  },
  "minkowski_3": {
    "phd_entailment": 43.73388637861273,
    "phd_neutral": 48.22961910208692,
    "phd_contradiction": 95.29681835993911,
    "centroid_ent_to_neutral": 0.10398850069808406,
    "centroid_ent_to_contradiction": 0.22549719936070028,
    "centroid_neutral_to_contradiction": 0.1714892486741134,
    "min_ent_to_neutral": 0.3272010264235372,
    "min_ent_to_contradiction": 0.42223082611826274,
    "entailment_separation": 0.29889439429381115
  },
  "minkowski_4": {
    "phd_entailment": 41.87844663936657,
    "phd_neutral": 46.13227281982037,
    "phd_contradiction": 85.52197716347534,
    "centroid_ent_to_neutral": 0.06796660128466717,
    "centroid_ent_to_contradiction": 0.14917612452080203,
    "centroid_neutral_to_contradiction": 0.11369562614512019,
    "min_ent_to_neutral": 0.21895272284750966,
    "min_ent_to_contradiction": 0.2760009682592786,
    "entailment_separation": 0.19698197370433188
  },
  "canberra": {
    "phd_entailment": 52.7113841374897,
    "phd_neutral": 62.09637101335501,
    "phd_contradiction": 53.70497216636749,
    "centroid_ent_to_neutral": 510.8160746342758,
    "centroid_ent_to_contradiction": 586.8388904253446,
    "centroid_neutral_to_contradiction": 439.44667393163405,
    "min_ent_to_neutral": 348.38680642889693,
    "min_ent_to_contradiction": 403.41760780046366,
    "entailment_separation": 995.7425037461585
  },
  "braycurtis": {
    "phd_entailment": 19.268922445167277,
    "phd_neutral": 21.860259627058408,
    "phd_contradiction": 21.01332216730379,
    "centroid_ent_to_neutral": 0.7423399526362986,
    "centroid_ent_to_contradiction": 0.9050727600631859,
    "centroid_neutral_to_contradiction": 0.5391338191017693,
    "min_ent_to_neutral": 0.3411002696443838,
    "min_ent_to_contradiction": 0.45147192364139765,
    "entailment_separation": 1.4944576496836919
  }
}