{
  "euclidean": {
    "phd_entailment": 15.926295408559106,
    "phd_neutral": 20.450685738359336,
    "phd_contradiction": 17.911214601969647,
    "centroid_ent_to_neutral": 0.012175509706139565,
    "centroid_ent_to_contradiction": 0.0245625302195549,
    "centroid_neutral_to_contradiction": 0.017579523846507072,
    "min_ent_to_neutral": "0.043607466",
    "min_ent_to_contradiction": "0.04840729",
    "entailment_separation": 1.4526291454179097
  },
  "manhattan": {
    "phd_entailment": 14.689528700441848,
    "phd_neutral": 19.529678258374553,
    "phd_contradiction": 17.115355249062247,
    "centroid_ent_to_neutral": 0.05398028343915939,
    "centroid_ent_to_contradiction": 0.11641141027212143,
    "centroid_neutral_to_contradiction": 0.07697418332099915,
    "min_ent_to_neutral": 0.2020720151194837,
    "min_ent_to_contradiction": 0.28746853441771236,
    "entailment_separation": 6.737320252325607
  },
  "chebyshev": {
    "phd_entailment": 14.563692979293164,
    "phd_neutral": 17.000179767484287,
    "phd_contradiction": 16.03404223314114,
    "centroid_ent_to_neutral": 0.004631500691175461,
    "centroid_ent_to_contradiction": 0.009353559464216232,
    "centroid_neutral_to_contradiction": 0.008324618451297283,
    "min_ent_to_neutral": 0.011953269131481647,
    "min_ent_to_contradiction": 0.01245623454451561,
    "entailment_separation": 0.5529719610309524
  },
  "cosine": {
    "phd_entailment": 7.771422696644714,
    "phd_neutral": 9.327104981400307,
    "phd_contradiction": 9.01845838136367,
    "centroid_ent_to_neutral": 0.0022746920585632324,
    "centroid_ent_to_contradiction": 0.012218236923217773,
    "centroid_neutral_to_contradiction": 0.007018685340881348,
    "min_ent_to_neutral": "0.032396674",
    "min_ent_to_contradiction": "0.038079023",
    "entailment_separation": 0.5730531918411549
  },
  "minkowski_3": {
    "phd_entailment": 16.034739917997072,
    "phd_neutral": 20.264512594448483,
    "phd_contradiction": 18.17013067121063,
    "centroid_ent_to_neutral": 0.007941082884003307,
    "centroid_ent_to_contradiction": 0.015316836898898161,
    "centroid_neutral_to_contradiction": 0.011636402326966172,
    "min_ent_to_neutral": 0.02568876055823959,
    "min_ent_to_contradiction": 0.02742531623355669,
    "entailment_separation": 0.9196226093381002
  },
  "minkowski_4": {
    "phd_entailment": 15.869191857362917,
    "phd_neutral": 19.744914240817607,
    "phd_contradiction": 18.110666034607387,
    "centroid_ent_to_neutral": 0.00658630867060349,
    "centroid_ent_to_contradiction": 0.0124160800609384,
    "centroid_neutral_to_contradiction": 0.009896252711634093,
    "min_ent_to_neutral": 0.020598147559951683,
    "min_ent_to_contradiction": 0.021063013320117174,
    "entailment_separation": 0.7513580953101656
  },
  "canberra": {
    "phd_entailment": 18.098921164923475,
    "phd_neutral": 26.48180159287123,
    "phd_contradiction": 21.508054210520648,
    "centroid_ent_to_neutral": 2.5408991648235615,
    "centroid_ent_to_contradiction": 6.317200516256766,
    "centroid_neutral_to_contradiction": 4.689054755315396,
    "min_ent_to_neutral": 7.894727955622763,
    "min_ent_to_contradiction": 12.333701961110458,
    "entailment_separation": 350.25096046985516
  },
  "braycurtis": {
    "phd_entailment": 14.93496934454257,
    "phd_neutral": 18.33274764505425,
    "phd_contradiction": 16.53712468302546,
    "centroid_ent_to_neutral": 0.02973781559076866,
    "centroid_ent_to_contradiction": 0.06289921289345252,
    "centroid_neutral_to_contradiction": 0.0404379351453652,
    "min_ent_to_neutral": 0.1120202807008497,
    "min_ent_to_contradiction": 0.13912847647494464,
    "entailment_separation": 3.6628858750565203
  }
}