{
  "euclidean": {
    "phd_entailment": 55.34996097692264,
    "phd_neutral": 130.01783865112338,
    "phd_contradiction": 2036.8991160113667,
    "centroid_ent_to_neutral": 0.07259362936019897,
    "centroid_ent_to_contradiction": 0.18810808658599854,
    "centroid_neutral_to_contradiction": 0.12455029785633087,
    "min_ent_to_neutral": "0.041850545",
    "min_ent_to_contradiction": "0.07045328",
    "entailment_separation": 0.9666776436474224
  },
  "manhattan": {
    "phd_entailment": 97.95700314563965,
    "phd_neutral": 141.8746509386474,
    "phd_contradiction": -117.1823105045631,
    "centroid_ent_to_neutral": 2.314714193344116,
    "centroid_ent_to_contradiction": 5.918784141540527,
    "centroid_neutral_to_contradiction": 3.6577627658843994,
    "min_ent_to_neutral": 0.634395659694558,
    "min_ent_to_contradiction": 0.9327773475830458,
    "entailment_separation": 30.529675420256286
  },
  "chebyshev": {
    "phd_entailment": 20.534555577732405,
    "phd_neutral": 26.650069162907286,
    "phd_contradiction": 30.673377631233816,
    "centroid_ent_to_neutral": 0.006098410114645958,
    "centroid_ent_to_contradiction": 0.023348647635430098,
    "centroid_neutral_to_contradiction": 0.018088966608047485,
    "min_ent_to_neutral": 0.01050786767154932,
    "min_ent_to_contradiction": 0.02004409348592162,
    "entailment_separation": 0.1091892022838382
  },
  "cosine": {
    "phd_entailment": 18.777490876833635,
    "phd_neutral": 21.00295259411796,
    "phd_contradiction": 19.314317720703016,
    "centroid_ent_to_neutral": 0.01586306095123291,
    "centroid_ent_to_contradiction": 0.04683542251586914,
    "centroid_neutral_to_contradiction": 0.024449586868286133,
    "min_ent_to_neutral": "0.25470537",
    "min_ent_to_contradiction": "0.38658947",
    "entailment_separation": 0.23248493796164096
  },
  "minkowski_3": {
    "phd_entailment": 39.72072449853195,
    "phd_neutral": 67.90074546957347,
    "phd_contradiction": 152.13220469192936,
    "centroid_ent_to_neutral": 0.024923655804603602,
    "centroid_ent_to_contradiction": 0.06653489100029024,
    "centroid_neutral_to_contradiction": 0.046247134022569115,
    "min_ent_to_neutral": 0.020926643573292394,
    "min_ent_to_contradiction": 0.03403221317004336,
    "entailment_separation": 0.33912677634625976
  },
  "minkowski_4": {
    "phd_entailment": 33.55983232935437,
    "phd_neutral": 50.71171991340468,
    "phd_contradiction": 87.88416949073321,
    "centroid_ent_to_neutral": 0.015268068201259017,
    "centroid_ent_to_contradiction": 0.04231351897089033,
    "centroid_neutral_to_contradiction": 0.030517580550839706,
    "min_ent_to_neutral": 0.015510502669059817,
    "min_ent_to_contradiction": 0.025860967347002987,
    "entailment_separation": 0.21351157127227896
  },
  "canberra": {
    "phd_entailment": 46.111144093003496,
    "phd_neutral": 53.422088774918166,
    "phd_contradiction": 49.26108189989778,
    "centroid_ent_to_neutral": 272.13950646986206,
    "centroid_ent_to_contradiction": 522.856449324931,
    "centroid_neutral_to_contradiction": 279.7556202967613,
    "min_ent_to_neutral": 608.1708051975461,
    "min_ent_to_contradiction": 716.7520880272313,
    "entailment_separation": 2947.831833280075
  },
  "braycurtis": {
    "phd_entailment": 33.317588202841165,
    "phd_neutral": 40.29927929465867,
    "phd_contradiction": 34.83692737636636,
    "centroid_ent_to_neutral": 0.18310125320334875,
    "centroid_ent_to_contradiction": 0.36414543716368397,
    "centroid_neutral_to_contradiction": 0.1971845267993455,
    "min_ent_to_neutral": 0.4144275076264363,
    "min_ent_to_contradiction": 0.5101395005837283,
    "entailment_separation": 2.0291816615699942
  }
}