{
  "euclidean": {
    "phd_entailment": 16.71522322577514,
    "phd_neutral": 22.440618958085377,
    "phd_contradiction": 25.178877650598213,
    "centroid_ent_to_neutral": 0.2657029330730438,
    "centroid_ent_to_contradiction": 0.5709059238433838,
    "centroid_neutral_to_contradiction": 0.4338686168193817,
    "min_ent_to_neutral": "1.9932371",
    "min_ent_to_contradiction": "3.2432613",
    "entailment_separation": 2.3914302058473127
  },
  "manhattan": {
    "phd_entailment": 15.15264760103093,
    "phd_neutral": 21.361815880536387,
    "phd_contradiction": 22.697482276568365,
    "centroid_ent_to_neutral": 5.822638511657715,
    "centroid_ent_to_contradiction": 12.392662048339844,
    "centroid_neutral_to_contradiction": 9.40816593170166,
    "min_ent_to_neutral": 44.36369410209153,
    "min_ent_to_contradiction": 85.60991378508322,
    "entailment_separation": 52.06808367810178
  },
  "chebyshev": {
    "phd_entailment": 19.789482830626927,
    "phd_neutral": 25.77785727262358,
    "phd_contradiction": 29.67426757536541,
    "centroid_ent_to_neutral": 0.03343772143125534,
    "centroid_ent_to_contradiction": 0.08191277831792831,
    "centroid_neutral_to_contradiction": 0.06231386540457606,
    "min_ent_to_neutral": 0.2466353327035904,
    "min_ent_to_contradiction": 0.31833866238594055,
    "entailment_separation": 0.3297271682928606
  },
  "cosine": {
    "phd_entailment": 8.43541782005375,
    "phd_neutral": 11.32995825787714,
    "phd_contradiction": 12.872926232988236,
    "centroid_ent_to_neutral": 0.030628681182861328,
    "centroid_ent_to_contradiction": 0.16100740432739258,
    "centroid_neutral_to_contradiction": 0.10896492004394531,
    "min_ent_to_neutral": "0.11690056",
    "min_ent_to_contradiction": "0.32134342",
    "entailment_separation": 0.5477880369432183
  },
  "minkowski_3": {
    "phd_entailment": 17.870575706578187,
    "phd_neutral": 23.272342785414533,
    "phd_contradiction": 26.641831619806865,
    "centroid_ent_to_neutral": 0.10392337095316537,
    "centroid_ent_to_contradiction": 0.22550787268374653,
    "centroid_neutral_to_contradiction": 0.17166663186680312,
    "min_ent_to_neutral": 0.7626317718930601,
    "min_ent_to_contradiction": 1.1538061353201994,
    "entailment_separation": 0.9416728262797417
  },
  "minkowski_4": {
    "phd_entailment": 18.704712277572813,
    "phd_neutral": 23.80847791626954,
    "phd_contradiction": 27.41280577648685,
    "centroid_ent_to_neutral": 0.06791455661932286,
    "centroid_ent_to_contradiction": 0.14918764608165164,
    "centroid_neutral_to_contradiction": 0.11381438279223045,
    "min_ent_to_neutral": 0.4896210215078771,
    "min_ent_to_contradiction": 0.7304169017833664,
    "entailment_separation": 0.6205824394552877
  },
  "canberra": {
    "phd_entailment": 23.669251090582108,
    "phd_neutral": 37.488456202893346,
    "phd_contradiction": 38.50060796274588,
    "centroid_ent_to_neutral": 245.13395728275714,
    "centroid_ent_to_contradiction": 427.77886437066167,
    "centroid_neutral_to_contradiction": 399.6419833762496,
    "min_ent_to_neutral": 383.37002580879835,
    "min_ent_to_contradiction": 670.8067591889086,
    "entailment_separation": 1923.508261118832
  },
  "braycurtis": {
    "phd_entailment": 11.61088676926807,
    "phd_neutral": 15.692547117780753,
    "phd_contradiction": 16.770518913540954,
    "centroid_ent_to_neutral": 0.09540166364778188,
    "centroid_ent_to_contradiction": 0.21868599049228832,
    "centroid_neutral_to_contradiction": 0.1740051852502473,
    "min_ent_to_neutral": 0.18356859589207813,
    "min_ent_to_contradiction": 0.38427175108783035,
    "entailment_separation": 0.8978134730281968
  }
}