{
  "euclidean": {
    "phd_entailment": -7.130698535508114,
    "phd_neutral": 15.08773257308359,
    "phd_contradiction": -2.9142502631152385,
    "centroid_ent_to_neutral": 121.00796508789062,
    "centroid_ent_to_contradiction": 121.86750030517578,
    "centroid_neutral_to_contradiction": 142.2000274658203,
    "min_ent_to_neutral": "64.161934",
    "min_ent_to_contradiction": "82.61669",
    "entailment_separation": 0.004899005800667119
  },
  "manhattan": {
    "phd_entailment": -20.717664901770597,
    "phd_neutral": 19.305516808010974,
    "phd_contradiction": -6.1908171420996485,
    "centroid_ent_to_neutral": 1441.03955078125,
    "centroid_ent_to_contradiction": 1730.3021240234375,
    "centroid_neutral_to_contradiction": 1702.917724609375,
    "min_ent_to_neutral": 1006.0756630168339,
    "min_ent_to_contradiction": 1221.523426344001,
    "entailment_separation": 0.06396867314539822
  },
  "chebyshev": {
    "phd_entailment": -6.679233779140894,
    "phd_neutral": 14.041658935843804,
    "phd_contradiction": -2.7465601751959907,
    "centroid_ent_to_neutral": 60.81308054924011,
    "centroid_ent_to_contradiction": 34.4289984703064,
    "centroid_neutral_to_contradiction": 60.662471294403076,
    "min_ent_to_neutral": 21.181481897830963,
    "min_ent_to_contradiction": 22.348578214645386,
    "entailment_separation": 0.0019211141678276522
  },
  "cosine": {
    "phd_entailment": 3.984820366874447,
    "phd_neutral": 3.983660231130929,
    "phd_contradiction": 4.286010388612868,
    "centroid_ent_to_neutral": 0.38094085454940796,
    "centroid_ent_to_contradiction": 0.33133888244628906,
    "centroid_neutral_to_contradiction": 0.40220797061920166,
    "min_ent_to_neutral": "0.008589268",
    "min_ent_to_contradiction": "0.0052533746",
    "entailment_separation": 1.4367291309528818e-05
  },
  "minkowski_3": {
    "phd_entailment": -6.831334319122437,
    "phd_neutral": 14.446395615215776,
    "phd_contradiction": -2.804330137634573,
    "centroid_ent_to_neutral": 75.89351230197127,
    "centroid_ent_to_contradiction": 64.75681878795378,
    "centroid_neutral_to_contradiction": 83.17213380766852,
    "min_ent_to_neutral": 33.65791401372665,
    "min_ent_to_contradiction": 44.41740632943317,
    "entailment_separation": 0.002837037437108559
  },
  "minkowski_4": {
    "phd_entailment": -6.76398152964602,
    "phd_neutral": 14.288416037720308,
    "phd_contradiction": -2.77870397234637,
    "centroid_ent_to_neutral": 66.75869525512084,
    "centroid_ent_to_contradiction": 50.62209146554566,
    "centroid_neutral_to_contradiction": 69.66310767838918,
    "min_ent_to_neutral": 27.396402034394367,
    "min_ent_to_contradiction": 35.55299172320829,
    "entailment_separation": 0.002367670831225226
  },
  "canberra": {
    "phd_entailment": 49.69760798115205,
    "phd_neutral": 64.39356886935867,
    "phd_contradiction": 61.58108298992692,
    "centroid_ent_to_neutral": 890.1728479165945,
    "centroid_ent_to_contradiction": 1312.8051700723609,
    "centroid_neutral_to_contradiction": 930.2404382178689,
    "min_ent_to_neutral": 1198.245139903772,
    "min_ent_to_contradiction": 1608.605459087356,
    "entailment_separation": 0.04443595021590084
  },
  "braycurtis": {
    "phd_entailment": 23.655751210492227,
    "phd_neutral": 26.810250565123205,
    "phd_contradiction": 31.528654281012084,
    "centroid_ent_to_neutral": 0.2582268776652997,
    "centroid_ent_to_contradiction": 0.28736998862780966,
    "centroid_neutral_to_contradiction": 0.2584839885152177,
    "min_ent_to_neutral": 0.4384371099351345,
    "min_ent_to_contradiction": 0.4600788903878812,
    "entailment_separation": 1.1005155290057764e-05
  }
}