{
  "euclidean": {
    "phd_entailment": 1.1474629835327737,
    "phd_neutral": 1.0452065277932803,
    "phd_contradiction": 1.1995926829952321,
    "centroid_ent_to_neutral": 0.013949207961559296,
    "centroid_ent_to_contradiction": 0.05606687068939209,
    "centroid_neutral_to_contradiction": 0.042117662727832794,
    "min_ent_to_neutral": "3.6507845e-07",
    "min_ent_to_contradiction": "0.0",
    "entailment_separation": 1.8575512220683608
  },
  "manhattan": {
    "phd_entailment": 1.1474629835327737,
    "phd_neutral": 1.0452065277932803,
    "phd_contradiction": 1.1995926829952321,
    "centroid_ent_to_neutral": 0.013949207961559296,
    "centroid_ent_to_contradiction": 0.05606687068939209,
    "centroid_neutral_to_contradiction": 0.042117662727832794,
    "min_ent_to_neutral": 3.650784492492676e-07,
    "min_ent_to_contradiction": 0.0,
    "entailment_separation": 1.8575512220683608
  },
  "chebyshev": {
    "phd_entailment": 1.1474629835327737,
    "phd_neutral": 1.0452065277932803,
    "phd_contradiction": 1.1995926829952321,
    "centroid_ent_to_neutral": 0.013949207961559296,
    "centroid_ent_to_contradiction": 0.05606687068939209,
    "centroid_neutral_to_contradiction": 0.042117662727832794,
    "min_ent_to_neutral": 3.650784492492676e-07,
    "min_ent_to_contradiction": 0.0,
    "entailment_separation": 1.8575512220683608
  },
  "cosine": {
    "phd_entailment": NaN,
    "phd_neutral": NaN,
    "phd_contradiction": NaN,
    "centroid_ent_to_neutral": 0.0,
    "centroid_ent_to_contradiction": 0.0,
    "centroid_neutral_to_contradiction": 0.0,
    "min_ent_to_neutral": "0.0",
    "min_ent_to_contradiction": "0.0",
    "entailment_separation": 0.0
  },
  "minkowski_3": {
    "phd_entailment": 1.1474629835327737,
    "phd_neutral": 1.0452065277932803,
    "phd_contradiction": 1.1995926829952321,
    "centroid_ent_to_neutral": 0.013949207961559299,
    "centroid_ent_to_contradiction": 0.0560668706893921,
    "centroid_neutral_to_contradiction": 0.0421176627278328,
    "min_ent_to_neutral": 3.650784492492679e-07,
    "min_ent_to_contradiction": 0.0,
    "entailment_separation": 1.8575512220683612
  },
  "minkowski_4": {
    "phd_entailment": 1.1474629835327737,
    "phd_neutral": 1.0452065277932803,
    "phd_contradiction": 1.1995926829952321,
    "centroid_ent_to_neutral": 0.013949207961559296,
    "centroid_ent_to_contradiction": 0.05606687068939209,
    "centroid_neutral_to_contradiction": 0.042117662727832794,
    "min_ent_to_neutral": 3.650784492492676e-07,
    "min_ent_to_contradiction": 0.0,
    "entailment_separation": 1.8575512220683608
  },
  "canberra": {
    "phd_entailment": 1.1271344600482964,
    "phd_neutral": 1.0894111192933043,
    "phd_contradiction": 1.075047211413838,
    "centroid_ent_to_neutral": 0.0747731472116392,
    "centroid_ent_to_contradiction": 0.24518535142601178,
    "centroid_neutral_to_contradiction": 0.17359476572629337,
    "min_ent_to_neutral": 2.1923704128140387e-06,
    "min_ent_to_contradiction": 0.0,
    "entailment_separation": 8.48861163902744
  },
  "braycurtis": {
    "phd_entailment": 1.1271344600482964,
    "phd_neutral": 1.0894111192933043,
    "phd_contradiction": 1.075047211413838,
    "centroid_ent_to_neutral": 0.0747731472116392,
    "centroid_ent_to_contradiction": 0.24518535142601178,
    "centroid_neutral_to_contradiction": 0.17359476572629337,
    "min_ent_to_neutral": 2.1923704128140387e-06,
    "min_ent_to_contradiction": 0.0,
    "entailment_separation": 8.48861163902744
  }
}