{
  "euclidean": {
    "phd_entailment": 16.38612296357577,
    "phd_neutral": 21.36093609993678,
    "phd_contradiction": 20.781936418831684,
    "centroid_ent_to_neutral": 0.274862676858902,
    "centroid_ent_to_contradiction": 0.574268639087677,
    "centroid_neutral_to_contradiction": 0.3698572814464569,
    "min_ent_to_neutral": "0.9032579",
    "min_ent_to_contradiction": "1.0772913",
    "entailment_separation": 1.8841985232791318
  },
  "manhattan": {
    "phd_entailment": 14.861477650920358,
    "phd_neutral": 20.615055057150677,
    "phd_contradiction": 19.01063079613296,
    "centroid_ent_to_neutral": 2.828239679336548,
    "centroid_ent_to_contradiction": 5.303167819976807,
    "centroid_neutral_to_contradiction": 3.3556230068206787,
    "min_ent_to_neutral": 8.219003954902291,
    "min_ent_to_contradiction": 13.361935887485743,
    "entailment_separation": 18.043364688896926
  },
  "chebyshev": {
    "phd_entailment": 15.335657039305332,
    "phd_neutral": 20.627357564371685,
    "phd_contradiction": 19.177514386661993,
    "centroid_ent_to_neutral": 0.04523691534996033,
    "centroid_ent_to_contradiction": 0.11823563277721405,
    "centroid_neutral_to_contradiction": 0.07971227169036865,
    "min_ent_to_neutral": 0.18545565009117126,
    "min_ent_to_contradiction": 0.19705206155776978,
    "entailment_separation": 0.3627409895188423
  },
  "cosine": {
    "phd_entailment": 7.9685867376179695,
    "phd_neutral": 9.86013649094538,
    "phd_contradiction": 10.222399538852624,
    "centroid_ent_to_neutral": 0.0029923319816589355,
    "centroid_ent_to_contradiction": 0.015199780464172363,
    "centroid_neutral_to_contradiction": 0.0071364641189575195,
    "min_ent_to_neutral": "0.041050494",
    "min_ent_to_contradiction": "0.054989338",
    "entailment_separation": 0.0403677861857585
  },
  "minkowski_3": {
    "phd_entailment": 16.82932027559724,
    "phd_neutral": 21.604104156715273,
    "phd_contradiction": 21.521027157953313,
    "centroid_ent_to_neutral": 0.13072172047220218,
    "centroid_ent_to_contradiction": 0.2902800485383025,
    "centroid_neutral_to_contradiction": 0.1907811388459228,
    "min_ent_to_neutral": 0.45866405848178016,
    "min_ent_to_contradiction": 0.4984561725130796,
    "entailment_separation": 0.934191092202517
  },
  "minkowski_4": {
    "phd_entailment": 16.812789600887207,
    "phd_neutral": 21.64962139093767,
    "phd_contradiction": 21.787212994712746,
    "centroid_ent_to_neutral": 0.09174107989228383,
    "centroid_ent_to_contradiction": 0.2122680659847441,
    "centroid_neutral_to_contradiction": 0.14151766580864691,
    "min_ent_to_neutral": 0.3289560754246292,
    "min_ent_to_contradiction": 0.35324409304486987,
    "entailment_separation": 0.6745877498185255
  },
  "canberra": {
    "phd_entailment": 18.484850087337964,
    "phd_neutral": 27.90740469844193,
    "phd_contradiction": 27.179460869298193,
    "centroid_ent_to_neutral": 8.593882928224188,
    "centroid_ent_to_contradiction": 14.875209598707338,
    "centroid_neutral_to_contradiction": 9.018213669471617,
    "min_ent_to_neutral": 40.27996400559294,
    "min_ent_to_contradiction": 45.75546421558372,
    "entailment_separation": 52.077256663947736
  },
  "braycurtis": {
    "phd_entailment": 15.318429201327195,
    "phd_neutral": 20.284943618879435,
    "phd_contradiction": 19.186557014689768,
    "centroid_ent_to_neutral": 0.032665018438649364,
    "centroid_ent_to_contradiction": 0.06018997721788746,
    "centroid_neutral_to_contradiction": 0.036912788238202446,
    "min_ent_to_neutral": 0.1048114275844444,
    "min_ent_to_contradiction": 0.15321361665887656,
    "entailment_separation": 0.20604262545670132
  }
}