{
  "euclidean": {
    "phd_entailment": 1.0940636453520687,
    "phd_neutral": 1.1997259236712083,
    "phd_contradiction": 1.2359325657017746,
    "centroid_ent_to_neutral": 0.35512933135032654,
    "centroid_ent_to_contradiction": 1.1882483959197998,
    "centroid_neutral_to_contradiction": 0.8331190347671509,
    "min_ent_to_neutral": "5.1110983e-06",
    "min_ent_to_contradiction": "6.1392784e-06",
    "entailment_separation": 5.133917224903767
  },
  "manhattan": {
    "phd_entailment": 1.0940636453520687,
    "phd_neutral": 1.1997259236712083,
    "phd_contradiction": 1.2359325657017746,
    "centroid_ent_to_neutral": 0.35512933135032654,
    "centroid_ent_to_contradiction": 1.1882483959197998,
    "centroid_neutral_to_contradiction": 0.8331190347671509,
    "min_ent_to_neutral": 5.111098289489746e-06,
    "min_ent_to_contradiction": 6.139278411865234e-06,
    "entailment_separation": 5.133917224903767
  },
  "chebyshev": {
    "phd_entailment": 1.0940636453520687,
    "phd_neutral": 1.1997259236712083,
    "phd_contradiction": 1.2359325657017746,
    "centroid_ent_to_neutral": 0.35512933135032654,
    "centroid_ent_to_contradiction": 1.1882483661174774,
    "centroid_neutral_to_contradiction": 0.8331190347671509,
    "min_ent_to_neutral": 5.111098289489746e-06,
    "min_ent_to_contradiction": 6.139278411865234e-06,
    "entailment_separation": 5.1339171257688285
  },
  "cosine": {
    "phd_entailment": NaN,
    "phd_neutral": NaN,
    "phd_contradiction": NaN,
    "centroid_ent_to_neutral": 0.0,
    "centroid_ent_to_contradiction": 0.0,
    "centroid_neutral_to_contradiction": 0.0,
    "min_ent_to_neutral": "0.0",
    "min_ent_to_contradiction": "0.0",
    "entailment_separation": 0.0
  },
  "minkowski_3": {
    "phd_entailment": 1.0940636453520687,
    "phd_neutral": 1.1997259236712083,
    "phd_contradiction": 1.2359325657017746,
    "centroid_ent_to_neutral": 0.35512933135032654,
    "centroid_ent_to_contradiction": 1.1882483661174774,
    "centroid_neutral_to_contradiction": 0.8331190347671509,
    "min_ent_to_neutral": 5.1110982894897495e-06,
    "min_ent_to_contradiction": 6.139278411865239e-06,
    "entailment_separation": 5.1339171257688285
  },
  "minkowski_4": {
    "phd_entailment": 1.0940636453520687,
    "phd_neutral": 1.1997259236712083,
    "phd_contradiction": 1.2359325657017746,
    "centroid_ent_to_neutral": 0.35512933135032654,
    "centroid_ent_to_contradiction": 1.1882483661174774,
    "centroid_neutral_to_contradiction": 0.8331190347671509,
    "min_ent_to_neutral": 5.111098289489746e-06,
    "min_ent_to_contradiction": 6.139278411865234e-06,
    "entailment_separation": 5.1339171257688285
  },
  "canberra": {
    "phd_entailment": 1.4166607721378004,
    "phd_neutral": 1.3955631356537979,
    "phd_contradiction": 1.0553859590626955,
    "centroid_ent_to_neutral": 0.43985602922116024,
    "centroid_ent_to_contradiction": 0.7243229190103552,
    "centroid_neutral_to_contradiction": 0.4174728098236894,
    "min_ent_to_neutral": 9.455967974367846e-06,
    "min_ent_to_contradiction": 5.06698131144791e-06,
    "entailment_separation": 3.8725441281102873
  },
  "braycurtis": {
    "phd_entailment": 1.4166607721378004,
    "phd_neutral": 1.3955631356537979,
    "phd_contradiction": 1.0553859590626955,
    "centroid_ent_to_neutral": 0.43985602922116024,
    "centroid_ent_to_contradiction": 0.7243229190103552,
    "centroid_neutral_to_contradiction": 0.4174728098236894,
    "min_ent_to_neutral": 9.455967974367846e-06,
    "min_ent_to_contradiction": 5.06698131144791e-06,
    "entailment_separation": 3.8725441281102873
  }
}