{
  "epoch": [
    1,
    2,
    3,
    4,
    5,
    6,
    7,
    8,
    9,
    10,
    11
  ],
  "train_loss": [
    0.03275135273089567,
    0.009827239948777513,
    0.009160686641570798,
    0.008489771505030396,
    0.007869416183585672,
    0.007281632867626138,
    0.006728900242700923,
    0.006209921057975991,
    0.005726995720966846,
    0.005295881951224315,
    0.004921022766170888
  ],
  "train_contrastive_loss": [
    2.855857198464804,
    2.0026506447481265,
    2.00169393203778,
    2.0037486149168102,
    2.0212582398615293,
    2.0970040060288415,
    2.311907010815441,
    2.7265114011711247,
    3.331293188215856,
    4.072872672889042,
    4.814959526062012
  ],
  "train_reconstruction_loss": [
    0.03275135273089567,
    0.009827239948777513,
    0.009160686641570798,
    0.008489771505030396,
    0.007869416183585672,
    0.007281632867626138,
    0.006728900242700923,
    0.006209921057975991,
    0.005726995720966846,
    0.005295881951224315,
    0.004921022766170888
  ],
  "val_loss": [
    0.009948127282162508,
    0.009324518756734,
    0.008675553111566437,
    0.008031431378589736,
    0.007437049618197812,
    0.006883337369395627,
    0.006366440664148993,
    0.005891874898225069,
    0.005476955531371964,
    0.0051037269747919506,
    0.004755291880832778
  ],
  "val_contrastive_loss": [
    1.998215503162808,
    1.9980916844473944,
    1.9966846572028265,
    1.9946451716952853,
    2.0053457419077554,
    2.0990074740515814,
    2.394210788938734,
    2.9244454436832004,
    3.6265936427646213,
    4.400342888302273,
    5.101879543728298
  ],
  "val_reconstruction_loss": [
    0.009948127282162508,
    0.009324518756734,
    0.008675553111566437,
    0.008031431378589736,
    0.007437049618197812,
    0.006883337369395627,
    0.006366440664148993,
    0.005891874898225069,
    0.005476955531371964,
    0.0051037269747919506,
    0.004755291880832778
  ],
  "learning_rate": [
    0.0001,
    0.0001,
    0.0001,
    0.0001,
    0.0001,
    0.0001,
    0.0001,
    0.0001,
    0.0001,
    0.0001,
    0.0001
  ],
  "train_separation_ratio": [
    1.0017537041143938,
    1.0021584088152105,
    1.0027917948636142,
    1.0038146376609802,
    1.005903590809215,
    1.0071961933916265,
    1.0079363584518433,
    1.007499873638153,
    1.0074319026686929,
    1.0075238997286016,
    1.0078154531392185
  ],
  "val_separation_ratio": [
    1.0025360584259033,
    1.0028090741899278,
    1.0037145614624023,
    1.0055522918701172,
    1.0073350270589192,
    1.0082093477249146,
    1.0079720152748957,
    1.0078322887420654,
    1.007886979315016,
    1.0081557167900934,
    1.0078014930089314
  ]
}