{
  "epoch": [
    1,
    2,
    3,
    4,
    5,
    6,
    7,
    8,
    9,
    10,
    11,
    12,
    13,
    14,
    15,
    16,
    17,
    18,
    19,
    20,
    21,
    22,
    23
  ],
  "train_loss": [
    0.03275135273089567,
    0.009827239948777513,
    0.009160686641570798,
    0.008489771505030396,
    0.007869416183585672,
    0.007281632867626138,
    0.006728900242700923,
    0.006209921057975991,
    0.005726995720966846,
    0.005295881951224315,
    0.004921022766170888,
    0.004596015654358618,
    0.004319753607967435,
    0.00409237155343928,
    0.003914480884967014,
    0.003788076134769721,
    0.0037094984794108395,
    0.0036669886285990642,
    0.0036443928724893644,
    0.0036322293127583447,
    0.0036269520978257754,
    0.003625031926598074,
    0.0036244933108419346
  ],
  "train_contrastive_loss": [
    2.855857198464804,
    2.0026506447481265,
    2.00169393203778,
    2.0037486149168102,
    2.0212582398615293,
    2.0970040060288415,
    2.311907010815441,
    2.7265114011711247,
    3.331293188215856,
    4.072872672889042,
    4.814959526062012,
    5.476524720644818,
    6.09112400449188,
    6.705716565556588,
    7.351980343433288,
    8.033651340385168,
    8.751446429133637,
    9.500880518439097,
    10.01579844263457,
    9.962839043118212,
    9.658165548100818,
    9.286788682919862,
    8.902378108914338
  ],
  "train_reconstruction_loss": [
    0.03275135273089567,
    0.009827239948777513,
    0.009160686641570798,
    0.008489771505030396,
    0.007869416183585672,
    0.007281632867626138,
    0.006728900242700923,
    0.006209921057975991,
    0.005726995720966846,
    0.005295881951224315,
    0.004921022766170888,
    0.004596015654358618,
    0.004319753607967435,
    0.00409237155343928,
    0.003914480884967014,
    0.003788076134769721,
    0.0037094984794108395,
    0.0036669886285990642,
    0.0036443928724893644,
    0.0036322293127583447,
    0.0036269520978257754,
    0.003625031926598074,
    0.0036244933108419346
  ],
  "val_loss": [
    0.009948127282162508,
    0.009324518756734,
    0.008675553111566437,
    0.008031431378589736,
    0.007437049618197812,
    0.006883337369395627,
    0.006366440664148993,
    0.005891874898225069,
    0.005476955531371964,
    0.0051037269747919506,
    0.004755291880832778,
    0.00445862714615133,
    0.004211899979660909,
    0.004004723651127683,
    0.0038556918346633515,
    0.003752836181471745,
    0.003690783710529407,
    0.003667113914464911,
    0.00364555767737329,
    0.003641073617877232,
    0.0036386874142206376,
    0.0036331041612558896,
    0.0036307351870669257
  ],
  "val_contrastive_loss": [
    1.998215503162808,
    1.9980916844473944,
    1.9966846572028265,
    1.9946451716952853,
    2.0053457419077554,
    2.0990074740515814,
    2.394210788938734,
    2.9244454436832004,
    3.6265936427646213,
    4.400342888302273,
    5.101879543728298,
    5.733316103617351,
    6.335861947801378,
    6.970771259731716,
    7.622873200310601,
    8.337060610453287,
    9.074141608344185,
    9.812627898322212,
    10.042209307352701,
    9.82168526119656,
    9.466101010640463,
    9.087182468838161,
    8.709568659464518
  ],
  "val_reconstruction_loss": [
    0.009948127282162508,
    0.009324518756734,
    0.008675553111566437,
    0.008031431378589736,
    0.007437049618197812,
    0.006883337369395627,
    0.006366440664148993,
    0.005891874898225069,
    0.005476955531371964,
    0.0051037269747919506,
    0.004755291880832778,
    0.00445862714615133,
    0.004211899979660909,
    0.004004723651127683,
    0.0038556918346633515,
    0.003752836181471745,
    0.003690783710529407,
    0.003667113914464911,
    0.00364555767737329,
    0.003641073617877232,
    0.0036386874142206376,
    0.0036331041612558896,
    0.0036307351870669257
  ],
  "learning_rate": [
    0.0001,
    0.0001,
    0.0001,
    0.0001,
    0.0001,
    0.0001,
    0.0001,
    0.0001,
    0.0001,
    0.0001,
    0.0001,
    0.0001,
    0.0001,
    0.0001,
    0.0001,
    0.0001,
    0.0001,
    0.0001,
    0.0001,
    0.0001,
    0.0001,
    0.0001,
    0.0001
  ],
  "train_separation_ratio": [
    1.0017537041143938,
    1.0021584088152105,
    1.0027917948636142,
    1.0038146376609802,
    1.005903590809215,
    1.0071961933916265,
    1.0079363584518433,
    1.007499873638153,
    1.0074319026686929,
    1.0075238997286016,
    1.0078154531392185,
    1.0074785080823032,
    1.0069700262763284,
    1.0066514611244202,
    1.0067358125339856,
    1.0064570795405994,
    1.0063761147585781,
    1.0059165900403804,
    1.0054470138116316,
    1.0047300837256692,
    1.0043152462352405,
    1.0042567957531323,
    1.0040072365240618
  ],
  "val_separation_ratio": [
    1.0025360584259033,
    1.0028090741899278,
    1.0037145614624023,
    1.0055522918701172,
    1.0073350270589192,
    1.0082093477249146,
    1.0079720152748957,
    1.0078322887420654,
    1.007886979315016,
    1.0081557167900934,
    1.0078014930089314,
    1.0074700911839802,
    1.0071246756447687,
    1.0066855351130168,
    1.0068158838484023,
    1.0066318776872423,
    1.0062911775377061,
    1.005934437115987,
    1.0050362878375583,
    1.004472229215834,
    1.0041327344046698,
    1.0041727489895291,
    1.0039461188846164
  ]
}