{
  "epoch": [
    1,
    2,
    3
  ],
  "train_loss": [
    0.03275135273089567,
    0.009827239948777513,
    0.009160686641570798
  ],
  "train_contrastive_loss": [
    2.855857198464804,
    2.0026506447481265,
    2.00169393203778
  ],
  "train_reconstruction_loss": [
    0.03275135273089567,
    0.009827239948777513,
    0.009160686641570798
  ],
  "val_loss": [
    0.009948127282162508,
    0.009324518756734,
    0.008675553111566437
  ],
  "val_contrastive_loss": [
    1.998215503162808,
    1.9980916844473944,
    1.9966846572028265
  ],
  "val_reconstruction_loss": [
    0.009948127282162508,
    0.009324518756734,
    0.008675553111566437
  ],
  "learning_rate": [
    0.0001,
    0.0001,
    0.0001
  ],
  "train_separation_ratio": [
    1.0017537041143938,
    1.0021584088152105,
    1.0027917948636142
  ],
  "val_separation_ratio": [
    1.0025360584259033,
    1.0028090741899278,
    1.0037145614624023
  ]
}