{
  "epoch": [
    1,
    2
  ],
  "train_loss": [
    0.03275135273089567,
    0.009827239948777513
  ],
  "train_contrastive_loss": [
    2.855857198464804,
    2.0026506447481265
  ],
  "train_reconstruction_loss": [
    0.03275135273089567,
    0.009827239948777513
  ],
  "val_loss": [
    0.009948127282162508,
    0.009324518756734
  ],
  "val_contrastive_loss": [
    1.998215503162808,
    1.9980916844473944
  ],
  "val_reconstruction_loss": [
    0.009948127282162508,
    0.009324518756734
  ],
  "learning_rate": [
    0.0001,
    0.0001
  ],
  "train_separation_ratio": [
    1.0017537041143938,
    1.0021584088152105
  ],
  "val_separation_ratio": [
    1.0025360584259033,
    1.0028090741899278
  ]
}