{
  "epoch": [
    1
  ],
  "train_loss": [
    0.03275135273089567
  ],
  "train_contrastive_loss": [
    2.855857198464804
  ],
  "train_reconstruction_loss": [
    0.03275135273089567
  ],
  "val_loss": [
    0.009948127282162508
  ],
  "val_contrastive_loss": [
    1.998215503162808
  ],
  "val_reconstruction_loss": [
    0.009948127282162508
  ],
  "learning_rate": [
    0.0001
  ],
  "train_separation_ratio": [
    1.0017537041143938
  ],
  "val_separation_ratio": [
    1.0025360584259033
  ]
}