{
  "epoch": [
    1,
    2,
    3,
    4,
    5,
    6,
    7,
    8,
    9,
    10,
    11
  ],
  "train_loss": [
    0.009988513211520247,
    0.00995247497689846,
    0.009951618510459722,
    0.009951173773579979,
    0.009950992623534837,
    0.009950911681717557,
    0.009950570481199792,
    0.009950468954899013,
    0.00995033508031395,
    0.009950023695993024,
    0.00994999662867194
  ],
  "train_contrastive_loss": [
    2.290361103620831,
    2.0000144016809305,
    1.9999996834405085,
    1.999999294733868,
    1.9999994632252103,
    2.000000185140684,
    2.000000192688386,
    2.0000000288588597,
    1.9999999811307456,
    2.0000000033298684,
    1.9999999811307456
  ],
  "train_reconstruction_loss": [
    0.009988513211520247,
    0.00995247497689846,
    0.009951618510459722,
    0.009951173773579979,
    0.009950992623534837,
    0.009950911681717557,
    0.009950570481199792,
    0.009950468954899013,
    0.00995033508031395,
    0.009950023695993024,
    0.00994999662867194
  ],
  "val_loss": [
    0.00987559494872888,
    0.009875621750122972,
    0.00987558915383286,
    0.009873887937929895,
    0.00987312270121442,
    0.009876446901924081,
    0.009872880867785878,
    0.009872489505343966,
    0.009873608644637797,
    0.009874786457253827,
    0.00986815637184514
  ],
  "val_contrastive_loss": [
    1.9999996821085613,
    2.0,
    2.0,
    2.0,
    2.0,
    2.0,
    2.0,
    2.0,
    2.0,
    2.0,
    1.9999998807907104
  ],
  "val_reconstruction_loss": [
    0.00987559494872888,
    0.009875621750122972,
    0.00987558915383286,
    0.009873887937929895,
    0.00987312270121442,
    0.009876446901924081,
    0.009872880867785878,
    0.009872489505343966,
    0.009873608644637797,
    0.009874786457253827,
    0.00986815637184514
  ],
  "learning_rate": [
    0.0001,
    0.0001,
    0.0001,
    0.0001,
    0.0001,
    0.0001,
    0.0001,
    0.0001,
    0.0001,
    0.0001,
    0.0001
  ],
  "train_separation_ratio": [
    0.9999750337817452,
    0.9998514950275421,
    0.9999650418758392,
    1.0000539557500319,
    0.9996982541951266,
    0.9951463775201277,
    0.9868467883630232,
    0.9995982845624288,
    1.0000001192092896,
    1.000000109275182,
    1.0000000794728596
  ],
  "val_separation_ratio": [
    1.0001463095347087,
    1.0000001192092896,
    1.0000001192092896,
    1.0,
    0.0,
    0.0,
    0.0,
    1.0000001192092896,
    0.0,
    1.0,
    1.0000001192092896
  ]
}