{
  "epoch": [
    1
  ],
  "train_loss": [
    0.009988513211520247
  ],
  "train_contrastive_loss": [
    2.290361103620831
  ],
  "train_reconstruction_loss": [
    0.009988513211520247
  ],
  "val_loss": [
    0.00987559494872888
  ],
  "val_contrastive_loss": [
    1.9999996821085613
  ],
  "val_reconstruction_loss": [
    0.00987559494872888
  ],
  "learning_rate": [
    0.0001
  ],
  "train_separation_ratio": [
    0.9999750337817452
  ],
  "val_separation_ratio": [
    1.0001463095347087
  ]
}