{
  "epoch": [
    1,
    2,
    3
  ],
  "train_loss": [
    0.009988513211520247,
    0.00995247497689846,
    0.009951618510459722
  ],
  "train_contrastive_loss": [
    2.290361103620831,
    2.0000144016809305,
    1.9999996834405085
  ],
  "train_reconstruction_loss": [
    0.009988513211520247,
    0.00995247497689846,
    0.009951618510459722
  ],
  "val_loss": [
    0.00987559494872888,
    0.009875621750122972,
    0.00987558915383286
  ],
  "val_contrastive_loss": [
    1.9999996821085613,
    2.0,
    2.0
  ],
  "val_reconstruction_loss": [
    0.00987559494872888,
    0.009875621750122972,
    0.00987558915383286
  ],
  "learning_rate": [
    0.0001,
    0.0001,
    0.0001
  ],
  "train_separation_ratio": [
    0.9999750337817452,
    0.9998514950275421,
    0.9999650418758392
  ],
  "val_separation_ratio": [
    1.0001463095347087,
    1.0000001192092896,
    1.0000001192092896
  ]
}