{
  "best_feature_set": "geometric_only",
  "best_accuracy": 0.580880880880881,
  "tda_helps": false,
  "tda_improvement_percent": -0.4004004004004025,
  "geometric_vs_all": {
    "geometric_only": 0.580880880880881,
    "all_features": 0.5731731731731731,
    "improvement": -0.77077077077079,
    "tda_helps": false
  },
  "timestamp": "2025-06-23 11:45:13"
}