{
  "euclidean": {
    "phd_entailment": 24.40147950771795,
    "phd_neutral": 27.273024575994043,
    "phd_contradiction": 27.311556228015053,
    "centroid_ent_to_neutral": 0.06622276455163956,
    "centroid_ent_to_contradiction": 0.39327430725097656,
    "centroid_neutral_to_contradiction": 0.3487422466278076,
    "min_ent_to_neutral": "0.8236601",
    "min_ent_to_contradiction": "1.0644296",
    "entailment_separation": 1.0649492866269121
  },
  "manhattan": {
    "phd_entailment": 23.776363873512516,
    "phd_neutral": 26.915868362467435,
    "phd_contradiction": 26.6680180200225,
    "centroid_ent_to_neutral": 0.6246201395988464,
    "centroid_ent_to_contradiction": 3.517749786376953,
    "centroid_neutral_to_contradiction": 3.1267967224121094,
    "min_ent_to_neutral": 7.323931941762567,
    "min_ent_to_contradiction": 13.204571042209864,
    "entailment_separation": 9.600526680848342
  },
  "chebyshev": {
    "phd_entailment": 23.021158699232924,
    "phd_neutral": 22.387564888103352,
    "phd_contradiction": 23.436938424526527,
    "centroid_ent_to_neutral": 0.01430213451385498,
    "centroid_ent_to_contradiction": 0.09162063896656036,
    "centroid_neutral_to_contradiction": 0.08827202022075653,
    "min_ent_to_neutral": 0.16910933703184128,
    "min_ent_to_contradiction": 0.192843496799469,
    "entailment_separation": 0.24549097040594045
  },
  "cosine": {
    "phd_entailment": 11.965294889846575,
    "phd_neutral": 14.563790455827286,
    "phd_contradiction": 13.03231657596173,
    "centroid_ent_to_neutral": 0.0001582503318786621,
    "centroid_ent_to_contradiction": 0.005646824836730957,
    "centroid_neutral_to_contradiction": 0.004445016384124756,
    "min_ent_to_neutral": "0.025048018",
    "min_ent_to_contradiction": "0.03259301",
    "entailment_separation": 0.013454080643808835
  },
  "minkowski_3": {
    "phd_entailment": 24.50169183388473,
    "phd_neutral": 27.17796105312283,
    "phd_contradiction": 27.72861408493617,
    "centroid_ent_to_neutral": 0.033422871230406784,
    "centroid_ent_to_contradiction": 0.20505826302840272,
    "centroid_neutral_to_contradiction": 0.1820356283638726,
    "min_ent_to_neutral": 0.4348507970525434,
    "min_ent_to_contradiction": 0.5017022061575562,
    "entailment_separation": 0.552713671942599
  },
  "minkowski_4": {
    "phd_entailment": 24.505317700351913,
    "phd_neutral": 26.82482219118388,
    "phd_contradiction": 27.72899704571665,
    "centroid_ent_to_neutral": 0.024522092730274357,
    "centroid_ent_to_contradiction": 0.15354985637345592,
    "centroid_neutral_to_contradiction": 0.13670478280243115,
    "min_ent_to_neutral": 0.3281239029990977,
    "min_ent_to_contradiction": 0.35551682559224734,
    "entailment_separation": 0.4127068632283756
  },
  "canberra": {
    "phd_entailment": 27.522654332486375,
    "phd_neutral": 35.972928197452816,
    "phd_contradiction": 29.996391497894553,
    "centroid_ent_to_neutral": 1.3935128604449847,
    "centroid_ent_to_contradiction": 7.982484098902401,
    "centroid_neutral_to_contradiction": 7.134106183247654,
    "min_ent_to_neutral": 21.503429626259237,
    "min_ent_to_contradiction": 28.29488759953158,
    "entailment_separation": 21.730195655223426
  },
  "braycurtis": {
    "phd_entailment": 23.038440169454372,
    "phd_neutral": 29.140534057926313,
    "phd_contradiction": 26.377603785652934,
    "centroid_ent_to_neutral": 0.005468140399297061,
    "centroid_ent_to_contradiction": 0.030776329326821217,
    "centroid_neutral_to_contradiction": 0.027317959925641493,
    "min_ent_to_neutral": 0.06996310605573548,
    "min_ent_to_contradiction": 0.10770115378366024,
    "entailment_separation": 0.08400167171376655
  }
}