{
  "euclidean": {
    "phd_entailment": 33.7244598207995,
    "phd_neutral": 36.53506948221692,
    "phd_contradiction": 42.964450368204155,
    "centroid_ent_to_neutral": 0.13221204280853271,
    "centroid_ent_to_contradiction": 0.5294039249420166,
    "centroid_neutral_to_contradiction": 0.48042839765548706,
    "min_ent_to_neutral": "2.2362423",
    "min_ent_to_contradiction": "3.2272687",
    "entailment_separation": 1.448482203035398
  },
  "manhattan": {
    "phd_entailment": 33.37061350408127,
    "phd_neutral": 35.98897438967844,
    "phd_contradiction": 42.76269733551199,
    "centroid_ent_to_neutral": 2.825425863265991,
    "centroid_ent_to_contradiction": 11.523330688476562,
    "centroid_neutral_to_contradiction": 10.383284568786621,
    "min_ent_to_neutral": 47.41302232560281,
    "min_ent_to_contradiction": 82.25386368725435,
    "entailment_separation": 31.41387075579601
  },
  "chebyshev": {
    "phd_entailment": 33.790081033146244,
    "phd_neutral": 30.691789442670004,
    "phd_contradiction": 36.60298795901224,
    "centroid_ent_to_neutral": 0.01753115514293313,
    "centroid_ent_to_contradiction": 0.08120966848218814,
    "centroid_neutral_to_contradiction": 0.07786475267494097,
    "min_ent_to_neutral": 0.2721768319606781,
    "min_ent_to_contradiction": 0.29496540129184723,
    "entailment_separation": 0.216174235063157
  },
  "cosine": {
    "phd_entailment": 14.611016048451216,
    "phd_neutral": 15.736293277096351,
    "phd_contradiction": 18.952509881641582,
    "centroid_ent_to_neutral": 0.013220906257629395,
    "centroid_ent_to_contradiction": 0.1971491575241089,
    "centroid_neutral_to_contradiction": 0.16278702020645142,
    "min_ent_to_neutral": "0.15236813",
    "min_ent_to_contradiction": "0.38149738",
    "entailment_separation": 0.46056520442710625
  },
  "minkowski_3": {
    "phd_entailment": 34.093257048951415,
    "phd_neutral": 36.811636443755994,
    "phd_contradiction": 43.646578759259654,
    "centroid_ent_to_neutral": 0.05206830560698562,
    "centroid_ent_to_contradiction": 0.2094393028211859,
    "centroid_neutral_to_contradiction": 0.19003854044740656,
    "min_ent_to_neutral": 0.8895593170878473,
    "min_ent_to_contradiction": 1.1212535427539325,
    "entailment_separation": 0.5725211228719497
  },
  "minkowski_4": {
    "phd_entailment": 34.48828146560595,
    "phd_neutral": 36.68772279622517,
    "phd_contradiction": 43.529750181073254,
    "centroid_ent_to_neutral": 0.0341055782287811,
    "centroid_ent_to_contradiction": 0.13918222929742846,
    "centroid_neutral_to_contradiction": 0.12632900637681438,
    "min_ent_to_neutral": 0.5881394972535178,
    "min_ent_to_contradiction": 0.690245137767117,
    "entailment_separation": 0.379380664070331
  },
  "canberra": {
    "phd_entailment": 55.69776255826697,
    "phd_neutral": 60.18729259350265,
    "phd_contradiction": 68.63752046842552,
    "centroid_ent_to_neutral": 172.06586393281313,
    "centroid_ent_to_contradiction": 422.99395619568907,
    "centroid_neutral_to_contradiction": 398.6076029039524,
    "min_ent_to_neutral": 365.1638187901499,
    "min_ent_to_contradiction": 522.554515660128,
    "entailment_separation": 1302.7701887669036
  },
  "braycurtis": {
    "phd_entailment": 19.874515619424034,
    "phd_neutral": 21.040616342816822,
    "phd_contradiction": 24.706960471969822,
    "centroid_ent_to_neutral": 0.057897119694283856,
    "centroid_ent_to_contradiction": 0.23962740424239098,
    "centroid_neutral_to_contradiction": 0.2146019532735541,
    "min_ent_to_neutral": 0.19928849668873774,
    "min_ent_to_contradiction": 0.3635273560248974,
    "entailment_separation": 0.6513733024825337
  }
}