{
  "euclidean": {
    "phd_entailment": 51.861422896668564,
    "phd_neutral": 62.36677973492803,
    "phd_contradiction": 76.09012228155714,
    "centroid_ent_to_neutral": 0.19257013499736786,
    "centroid_ent_to_contradiction": 0.27578139305114746,
    "centroid_neutral_to_contradiction": 0.09607470035552979,
    "min_ent_to_neutral": "0.7725639",
    "min_ent_to_contradiction": "1.0051999",
    "entailment_separation": 4.000618984298063
  },
  "manhattan": {
    "phd_entailment": 57.429094900128035,
    "phd_neutral": 63.4660891602654,
    "phd_contradiction": 86.1783874923507,
    "centroid_ent_to_neutral": 5.20791482925415,
    "centroid_ent_to_contradiction": 7.25262975692749,
    "centroid_neutral_to_contradiction": 2.0551633834838867,
    "min_ent_to_neutral": 13.665564069493797,
    "min_ent_to_contradiction": 21.667504468778958,
    "entailment_separation": 106.43691381531458
  },
  "chebyshev": {
    "phd_entailment": 46.018899856788494,
    "phd_neutral": 45.91691425997589,
    "phd_contradiction": 41.95390999083992,
    "centroid_ent_to_neutral": 0.010517314076423645,
    "centroid_ent_to_contradiction": 0.02872777171432972,
    "centroid_neutral_to_contradiction": 0.01888897828757763,
    "min_ent_to_neutral": 0.11949945520609617,
    "min_ent_to_contradiction": 0.11807671189308167,
    "entailment_separation": 0.3352281904771118
  },
  "cosine": {
    "phd_entailment": 70.33402174021954,
    "phd_neutral": 42.41242801158498,
    "phd_contradiction": 42.75255538090203,
    "centroid_ent_to_neutral": 0.0007796287536621094,
    "centroid_ent_to_contradiction": 0.00921165943145752,
    "centroid_neutral_to_contradiction": 0.007352709770202637,
    "min_ent_to_neutral": "0.19597328",
    "min_ent_to_contradiction": "0.3843485",
    "entailment_separation": 0.085344735304978
  },
  "minkowski_3": {
    "phd_entailment": 51.963909173683774,
    "phd_neutral": 66.33742142078493,
    "phd_contradiction": 69.97529356707143,
    "centroid_ent_to_neutral": 0.06499223976410703,
    "centroid_ent_to_contradiction": 0.09630201385271576,
    "centroid_neutral_to_contradiction": 0.03983973009870285,
    "min_ent_to_neutral": 0.34487862809203557,
    "min_ent_to_contradiction": 0.39638996620668954,
    "entailment_separation": 1.377761818705554
  },
  "minkowski_4": {
    "phd_entailment": 54.07528662397109,
    "phd_neutral": 70.33542389696242,
    "phd_contradiction": 66.66942608230288,
    "centroid_ent_to_neutral": 0.038081225996124915,
    "centroid_ent_to_contradiction": 0.058731321032846305,
    "centroid_neutral_to_contradiction": 0.027834176837617443,
    "min_ent_to_neutral": 0.24805584997784702,
    "min_ent_to_contradiction": 0.25815810484227253,
    "entailment_separation": 0.8269645562514975
  },
  "canberra": {
    "phd_entailment": -1144.5582175430739,
    "phd_neutral": 199.01367695253902,
    "phd_contradiction": 93.48197275598964,
    "centroid_ent_to_neutral": 116.14699165105398,
    "centroid_ent_to_contradiction": 173.31994998067003,
    "centroid_neutral_to_contradiction": 60.01556256465664,
    "min_ent_to_neutral": 285.1481254615217,
    "min_ent_to_contradiction": 381.120343268113,
    "entailment_separation": 2472.6020364315223
  },
  "braycurtis": {
    "phd_entailment": 316.6711037719778,
    "phd_neutral": 75.28156327352208,
    "phd_contradiction": 52.95926293781613,
    "centroid_ent_to_neutral": 0.1492850842032428,
    "centroid_ent_to_contradiction": 0.22084079824262,
    "centroid_neutral_to_contradiction": 0.07437332069787958,
    "min_ent_to_neutral": 0.2859312994260796,
    "min_ent_to_contradiction": 0.45368701008743245,
    "entailment_separation": 3.1615838600180814
  }
}