{
  "euclidean": {
    "phd_entailment": 20.684061691225168,
    "phd_neutral": 22.296262772928802,
    "phd_contradiction": 19.7432902249371,
    "centroid_ent_to_neutral": 0.0030125235207378864,
    "centroid_ent_to_contradiction": 0.018916286528110504,
    "centroid_neutral_to_contradiction": 0.01672256365418434,
    "min_ent_to_neutral": "0.03978719",
    "min_ent_to_contradiction": "0.0439205",
    "entailment_separation": 0.8876160124841379
  },
  "manhattan": {
    "phd_entailment": 20.381357668695454,
    "phd_neutral": 21.508644138540312,
    "phd_contradiction": 19.683651718494513,
    "centroid_ent_to_neutral": 0.013596776872873306,
    "centroid_ent_to_contradiction": 0.08310556411743164,
    "centroid_neutral_to_contradiction": 0.07257300615310669,
    "min_ent_to_neutral": 0.17511977232061327,
    "min_ent_to_contradiction": 0.26955344088491984,
    "entailment_separation": 3.914236391144423
  },
  "chebyshev": {
    "phd_entailment": 18.836926273710286,
    "phd_neutral": 19.336425401389228,
    "phd_contradiction": 16.522854600746907,
    "centroid_ent_to_neutral": 0.0010770088993012905,
    "centroid_ent_to_contradiction": 0.007563037797808647,
    "centroid_neutral_to_contradiction": 0.007073996588587761,
    "min_ent_to_neutral": 0.012619558721780777,
    "min_ent_to_contradiction": 0.013036035001277924,
    "entailment_separation": 0.3497245760204036
  },
  "cosine": {
    "phd_entailment": 9.766759286593432,
    "phd_neutral": 10.621068895543024,
    "phd_contradiction": 9.728246856222698,
    "centroid_ent_to_neutral": 0.0001385807991027832,
    "centroid_ent_to_contradiction": 0.005491673946380615,
    "centroid_neutral_to_contradiction": 0.0042841434478759766,
    "min_ent_to_neutral": "0.01996398",
    "min_ent_to_contradiction": "0.020195663",
    "entailment_separation": 0.22789673745741243
  },
  "minkowski_3": {
    "phd_entailment": 20.673706394066944,
    "phd_neutral": 22.792866193381528,
    "phd_contradiction": 19.691795130288167,
    "centroid_ent_to_neutral": 0.001934579635887792,
    "centroid_ent_to_contradiction": 0.012371091341509969,
    "centroid_neutral_to_contradiction": 0.011057822409213396,
    "min_ent_to_neutral": 0.025475946493576127,
    "min_ent_to_contradiction": 0.025310972851035313,
    "entailment_separation": 0.5790529718932333
  },
  "minkowski_4": {
    "phd_entailment": 20.438047886335198,
    "phd_neutral": 22.652971056779332,
    "phd_contradiction": 19.38891981095358,
    "centroid_ent_to_neutral": 0.0015872050390008394,
    "centroid_ent_to_contradiction": 0.010318852135101428,
    "centroid_neutral_to_contradiction": 0.009285618797853428,
    "min_ent_to_neutral": 0.020101934721534626,
    "min_ent_to_contradiction": 0.019832910732706658,
    "entailment_separation": 0.48192341352511314
  },
  "canberra": {
    "phd_entailment": 23.02478447165513,
    "phd_neutral": 28.106022477962,
    "phd_contradiction": 21.913493025631283,
    "centroid_ent_to_neutral": 0.6706112181510684,
    "centroid_ent_to_contradiction": 3.057595797529274,
    "centroid_neutral_to_contradiction": 2.5723110837403884,
    "min_ent_to_neutral": 6.142026075728463,
    "min_ent_to_contradiction": 10.307876018665242,
    "entailment_separation": 150.9072420072953
  },
  "braycurtis": {
    "phd_entailment": 18.729664407194438,
    "phd_neutral": 20.544276036709135,
    "phd_contradiction": 19.177213082166137,
    "centroid_ent_to_neutral": 0.005771201556991012,
    "centroid_ent_to_contradiction": 0.03520475801868259,
    "centroid_neutral_to_contradiction": 0.030702640746559966,
    "min_ent_to_neutral": 0.07334912991385201,
    "min_ent_to_contradiction": 0.09952137345841003,
    "entailment_separation": 1.6585905831301906
  }
}