{
  "euclidean": {
    "phd_entailment": 22.871328368105065,
    "phd_neutral": 27.894250564230912,
    "phd_contradiction": 24.977750451420036,
    "centroid_ent_to_neutral": 0.06622276455163956,
    "centroid_ent_to_contradiction": 0.39327430725097656,
    "centroid_neutral_to_contradiction": 0.3487422466278076,
    "min_ent_to_neutral": "0.63602376",
    "min_ent_to_contradiction": "0.92628586",
    "entailment_separation": 1.0649492866269121
  },
  "manhattan": {
    "phd_entailment": 22.290408005698435,
    "phd_neutral": 27.78553727518678,
    "phd_contradiction": 24.99544761914799,
    "centroid_ent_to_neutral": 0.6246201395988464,
    "centroid_ent_to_contradiction": 3.517749786376953,
    "centroid_neutral_to_contradiction": 3.1267967224121094,
    "min_ent_to_neutral": 5.498889114707708,
    "min_ent_to_contradiction": 9.88514781743288,
    "entailment_separation": 9.600526680848342
  },
  "chebyshev": {
    "phd_entailment": 20.637937151145536,
    "phd_neutral": 23.869236899105363,
    "phd_contradiction": 22.305013630008784,
    "centroid_ent_to_neutral": 0.01430213451385498,
    "centroid_ent_to_contradiction": 0.09162063896656036,
    "centroid_neutral_to_contradiction": 0.08827202022075653,
    "min_ent_to_neutral": 0.16683292388916016,
    "min_ent_to_contradiction": 0.14905494451522827,
    "entailment_separation": 0.24549097040594045
  },
  "cosine": {
    "phd_entailment": 12.649064097596193,
    "phd_neutral": 12.799973877443023,
    "phd_contradiction": 13.239469952288417,
    "centroid_ent_to_neutral": 0.0001582503318786621,
    "centroid_ent_to_contradiction": 0.005646824836730957,
    "centroid_neutral_to_contradiction": 0.004445016384124756,
    "min_ent_to_neutral": "0.017148197",
    "min_ent_to_contradiction": "0.028884888",
    "entailment_separation": 0.013454080643808835
  },
  "minkowski_3": {
    "phd_entailment": 22.932497959653457,
    "phd_neutral": 27.898664685485112,
    "phd_contradiction": 24.906432432593455,
    "centroid_ent_to_neutral": 0.033422871230406784,
    "centroid_ent_to_contradiction": 0.20505826302840272,
    "centroid_neutral_to_contradiction": 0.1820356283638726,
    "min_ent_to_neutral": 0.3352116903988943,
    "min_ent_to_contradiction": 0.429911634948759,
    "entailment_separation": 0.552713671942599
  },
  "minkowski_4": {
    "phd_entailment": 23.096750360164556,
    "phd_neutral": 27.986404702956595,
    "phd_contradiction": 24.86557737074161,
    "centroid_ent_to_neutral": 0.024522092730274357,
    "centroid_ent_to_contradiction": 0.15354985637345592,
    "centroid_neutral_to_contradiction": 0.13670478280243115,
    "min_ent_to_neutral": 0.2536441182995196,
    "min_ent_to_contradiction": 0.30478108655202385,
    "entailment_separation": 0.4127068632283756
  },
  "canberra": {
    "phd_entailment": 28.13713156537307,
    "phd_neutral": 30.35059501048154,
    "phd_contradiction": 27.72130400557594,
    "centroid_ent_to_neutral": 1.3935128604449847,
    "centroid_ent_to_contradiction": 7.982484098902401,
    "centroid_neutral_to_contradiction": 7.134106183247654,
    "min_ent_to_neutral": 16.318242855711485,
    "min_ent_to_contradiction": 25.34084674509116,
    "entailment_separation": 21.730195655223426
  },
  "braycurtis": {
    "phd_entailment": 23.843133033119862,
    "phd_neutral": 25.559753766041673,
    "phd_contradiction": 24.66120186712458,
    "centroid_ent_to_neutral": 0.005468140399297061,
    "centroid_ent_to_contradiction": 0.030776329326821217,
    "centroid_neutral_to_contradiction": 0.027317959925641493,
    "min_ent_to_neutral": 0.05791279707280917,
    "min_ent_to_contradiction": 0.08695975161322593,
    "entailment_separation": 0.08400167171376655
  }
}