{
  "euclidean": {
    "phd_entailment": 19.74440539739805,
    "phd_neutral": 20.663616570579478,
    "phd_contradiction": 19.539451741681543,
    "centroid_ent_to_neutral": 0.0030125235207378864,
    "centroid_ent_to_contradiction": 0.018916286528110504,
    "centroid_neutral_to_contradiction": 0.01672256365418434,
    "min_ent_to_neutral": "0.03127801",
    "min_ent_to_contradiction": "0.040848583",
    "entailment_separation": 0.8876160124841379
  },
  "manhattan": {
    "phd_entailment": 19.18928854860297,
    "phd_neutral": 20.10858023554175,
    "phd_contradiction": 19.31299439853628,
    "centroid_ent_to_neutral": 0.013596776872873306,
    "centroid_ent_to_contradiction": 0.08310556411743164,
    "centroid_neutral_to_contradiction": 0.07257300615310669,
    "min_ent_to_neutral": 0.1345406508476117,
    "min_ent_to_contradiction": 0.2406319906876888,
    "entailment_separation": 3.914236391144423
  },
  "chebyshev": {
    "phd_entailment": 17.490002466513726,
    "phd_neutral": 18.25942602513233,
    "phd_contradiction": 16.849601159958855,
    "centroid_ent_to_neutral": 0.0010770088993012905,
    "centroid_ent_to_contradiction": 0.007563037797808647,
    "centroid_neutral_to_contradiction": 0.007073996588587761,
    "min_ent_to_neutral": 0.010789622087031603,
    "min_ent_to_contradiction": 0.011267207562923431,
    "entailment_separation": 0.3497245760204036
  },
  "cosine": {
    "phd_entailment": 10.842632280993135,
    "phd_neutral": 9.797126175722653,
    "phd_contradiction": 9.372749031700824,
    "centroid_ent_to_neutral": 0.0001385807991027832,
    "centroid_ent_to_contradiction": 0.005491673946380615,
    "centroid_neutral_to_contradiction": 0.0042841434478759766,
    "min_ent_to_neutral": "0.016554892",
    "min_ent_to_contradiction": "0.021741688",
    "entailment_separation": 0.22789673745741243
  },
  "minkowski_3": {
    "phd_entailment": 19.525151945351187,
    "phd_neutral": 20.60275561490765,
    "phd_contradiction": 19.50600270522971,
    "centroid_ent_to_neutral": 0.001934579635887792,
    "centroid_ent_to_contradiction": 0.012371091341509969,
    "centroid_neutral_to_contradiction": 0.011057822409213396,
    "min_ent_to_neutral": 0.020467792343033746,
    "min_ent_to_contradiction": 0.023460524814342586,
    "entailment_separation": 0.5790529718932333
  },
  "minkowski_4": {
    "phd_entailment": 19.25814812090959,
    "phd_neutral": 20.55783593910855,
    "phd_contradiction": 19.229478533069134,
    "centroid_ent_to_neutral": 0.0015872050390008394,
    "centroid_ent_to_contradiction": 0.010318852135101428,
    "centroid_neutral_to_contradiction": 0.009285618797853428,
    "min_ent_to_neutral": 0.01615781165771488,
    "min_ent_to_contradiction": 0.018181991328205624,
    "entailment_separation": 0.48192341352511314
  },
  "canberra": {
    "phd_entailment": 23.207235141183915,
    "phd_neutral": 21.803450440213393,
    "phd_contradiction": 22.9155358125102,
    "centroid_ent_to_neutral": 0.6706112181510684,
    "centroid_ent_to_contradiction": 3.057595797529274,
    "centroid_neutral_to_contradiction": 2.5723110837403884,
    "min_ent_to_neutral": 8.02978849180953,
    "min_ent_to_contradiction": 7.7550311177695965,
    "entailment_separation": 150.9072420072953
  },
  "braycurtis": {
    "phd_entailment": 21.04764674419858,
    "phd_neutral": 17.83286259275646,
    "phd_contradiction": 18.562885397760585,
    "centroid_ent_to_neutral": 0.005771201556991012,
    "centroid_ent_to_contradiction": 0.03520475801868259,
    "centroid_neutral_to_contradiction": 0.030702640746559966,
    "min_ent_to_neutral": 0.06675243280905688,
    "min_ent_to_contradiction": 0.0975847888304313,
    "entailment_separation": 1.6585905831301906
  }
}