{
  "epoch": [
    1,
    2,
    3,
    4,
    5
  ],
  "train_loss": [
    1.924638008716164,
    1.8937710008585698,
    1.8830674587015332,
    1.2244206436075533,
    1.2086971998214722
  ],
  "train_contrastive_loss": [
    1.924638008716164,
    1.8937710008585698,
    1.8830674587015332,
    1.2244206436075533,
    1.2086971998214722
  ],
  "train_reconstruction_loss": [
    0.010553085324970148,
    0.01029761502383974,
    0.010296651266265515,
    0.010296726497011589,
    0.010296046582971539
  ],
  "val_loss": [
    1.896154761314392,
    1.8788953754636977,
    1.8739623758527968,
    1.2078312105602689,
    1.1913396914800007
  ],
  "val_contrastive_loss": [
    1.896154761314392,
    1.8788953754636977,
    1.8739623758527968,
    1.2078312105602689,
    1.1913396914800007
  ],
  "val_reconstruction_loss": [
    0.010515292175114155,
    0.010532638885908656,
    0.010526628750893805,
    0.010518946374456087,
    0.010536562340954939
  ],
  "learning_rate": [
    0.0001,
    0.0001,
    0.0001,
    0.0001,
    0.0001
  ],
  "train_separation_ratio": [
    1.7394140633669766,
    2.12869300625541,
    2.3154114376414907,
    2.4577554247596045,
    2.6113662611354482
  ],
  "val_separation_ratio": [
    2.139547930823432,
    2.3744267887539334,
    2.519895553588867,
    2.681402418348524,
    2.721706575817532
  ]
}