{
  "epoch": [
    1,
    2,
    3,
    4,
    5,
    6,
    7,
    8,
    9,
    10,
    11,
    12,
    13,
    14,
    15,
    16,
    17,
    18,
    19,
    20,
    21,
    22,
    23,
    24,
    25,
    26,
    27,
    28,
    29,
    30,
    31,
    32,
    33,
    34,
    35,
    36,
    37,
    38,
    39,
    40,
    41,
    42,
    43,
    44,
    45
  ],
  "train_loss": [
    1.924638008716164,
    1.8937710008585698,
    1.8830674587015332,
    1.2244206436075533,
    1.2086971998214722,
    1.2009955060770614,
    1.1408561499203163,
    1.1354482364832135,
    1.1299883107233313,
    1.0853995160239591,
    1.0810903725899355,
    1.0758020331739713,
    1.0603724120937468,
    1.057409892091094,
    1.0540124468741248,
    1.0353962149699973,
    1.0331629753334783,
    1.0287321360861568,
    0.9879996473562784,
    0.9843066332504514,
    0.9818229206891477,
    0.9447670260399191,
    0.9420535337991555,
    0.9398728111824732,
    0.9225387275773942,
    0.919430646372463,
    0.916580699675576,
    0.8701778177442497,
    0.8668396215421084,
    0.8654824727296385,
    0.8791069651449193,
    0.8770567079940099,
    0.8783345033780601,
    0.8323718913218606,
    0.8293064826027641,
    0.8291059631431125,
    0.8432071652936314,
    0.8409951434677095,
    0.8396994083065339,
    0.7932947932896889,
    0.7897732752883456,
    0.7898923401726025,
    0.7677596829678981,
    0.765837634741927,
    0.7636600569639792
  ],
  "train_contrastive_loss": [
    1.924638008716164,
    1.8937710008585698,
    1.8830674587015332,
    1.2244206436075533,
    1.2086971998214722,
    1.2009955060770614,
    1.1408561499203163,
    1.1354482364832135,
    1.1299883107233313,
    1.0853995160239591,
    1.0810903725899355,
    1.0758020331739713,
    1.0603724120937468,
    1.057409892091094,
    1.0540124468741248,
    1.0353962149699973,
    1.0331629753334783,
    1.0287321360861568,
    0.9879996473562784,
    0.9843066332504514,
    0.9818229206891477,
    0.9447670260399191,
    0.9420535337991555,
    0.9398728111824732,
    0.9225387275773942,
    0.919430646372463,
    0.916580699675576,
    0.8701778177442497,
    0.8668396215421084,
    0.8654824727296385,
    0.8791069651449193,
    0.8770567079940099,
    0.8783345033780601,
    0.8323718913218606,
    0.8293064826027641,
    0.8291059631431125,
    0.8432071652936314,
    0.8409951434677095,
    0.8396994083065339,
    0.7932947932896889,
    0.7897732752883456,
    0.7898923401726025,
    0.7677596829678981,
    0.765837634741927,
    0.7636600569639792
  ],
  "train_reconstruction_loss": [
    0.010553085324970148,
    0.01029761502383974,
    0.010296651266265515,
    0.010296726497011589,
    0.010296046582971539,
    0.010296248288016967,
    0.01029628927661609,
    0.01029610692643087,
    0.01029610227848953,
    0.01029576891703701,
    0.010296476345849214,
    0.010296016109472547,
    0.01029615806245715,
    0.010296476404815635,
    0.010296131114803214,
    0.010296506475955525,
    0.010296121576117626,
    0.01029658202581399,
    0.010295819048899845,
    0.01029627200986087,
    0.01029672642763933,
    0.010296492308405968,
    0.01029613484529643,
    0.010295786804673947,
    0.010296052555923023,
    0.010296542147171009,
    0.010296044529552677,
    0.010296618671709709,
    0.010296248993879702,
    0.010296277091378828,
    0.010295879910916812,
    0.010296376716879715,
    0.010296131191112697,
    0.01029618499450233,
    0.01029609199925508,
    0.010296295721298934,
    0.010295998018921754,
    0.010296227400029837,
    0.010296480669475246,
    0.010297120864428511,
    0.010296375081428713,
    0.010296240329284575,
    0.010296599056703529,
    0.010295531969149797,
    0.010296468331619015
  ],
  "val_loss": [
    1.896154761314392,
    1.8788953754636977,
    1.8739623758527968,
    1.2078312105602689,
    1.1913396914800007,
    1.2039153046078153,
    1.1401077376471624,
    1.129951728714837,
    1.1310694879955716,
    1.0927975840038724,
    1.079114596048991,
    1.086395263671875,
    1.069551255967882,
    1.0712278419070773,
    1.0779790613386366,
    1.0422222879197862,
    1.0501550965838962,
    1.048926591873169,
    1.0138951341311138,
    1.0154475702179804,
    1.0101213653882344,
    0.9810318019655015,
    0.9701863129933676,
    0.9759404063224792,
    0.9637145466274686,
    0.9670136835840013,
    0.9584846761491563,
    0.9141251312361823,
    0.9137140115102133,
    0.9053370157877604,
    0.9264338215192159,
    0.9227278298801846,
    0.9310229553116692,
    0.8930532667371962,
    0.8812347319391038,
    0.8818772302733527,
    0.8946196171972487,
    0.8948644598325094,
    0.9005709422959222,
    0.8565860986709595,
    0.866358200709025,
    0.8564256429672241,
    0.8358925978342692,
    0.842373960547977,
    0.8284669584698148
  ],
  "val_contrastive_loss": [
    1.896154761314392,
    1.8788953754636977,
    1.8739623758527968,
    1.2078312105602689,
    1.1913396914800007,
    1.2039153046078153,
    1.1401077376471624,
    1.129951728714837,
    1.1310694879955716,
    1.0927975840038724,
    1.079114596048991,
    1.086395263671875,
    1.069551255967882,
    1.0712278419070773,
    1.0779790613386366,
    1.0422222879197862,
    1.0501550965838962,
    1.048926591873169,
    1.0138951341311138,
    1.0154475702179804,
    1.0101213653882344,
    0.9810318019655015,
    0.9701863129933676,
    0.9759404063224792,
    0.9637145466274686,
    0.9670136835840013,
    0.9584846761491563,
    0.9141251312361823,
    0.9137140115102133,
    0.9053370157877604,
    0.9264338215192159,
    0.9227278298801846,
    0.9310229553116692,
    0.8930532667371962,
    0.8812347319391038,
    0.8818772302733527,
    0.8946196171972487,
    0.8948644598325094,
    0.9005709422959222,
    0.8565860986709595,
    0.866358200709025,
    0.8564256429672241,
    0.8358925978342692,
    0.842373960547977,
    0.8284669584698148
  ],
  "val_reconstruction_loss": [
    0.010515292175114155,
    0.010532638885908656,
    0.010526628750893805,
    0.010518946374456087,
    0.010536562340954939,
    0.010547182005312707,
    0.010529580422573619,
    0.010529042739007208,
    0.010533918833567036,
    0.010509653637806574,
    0.010513389586574502,
    0.010533172637224197,
    0.010507012613945536,
    0.010539425433509879,
    0.010527007799181674,
    0.010533412918448448,
    0.010510151895383993,
    0.010529544204473495,
    0.010535761817461915,
    0.010548778809607029,
    0.01052650043533908,
    0.010530585319631629,
    0.010538727562460635,
    0.010513074489103423,
    0.010503458480040232,
    0.010521982175608477,
    0.010541724041104317,
    0.010512494378619723,
    0.010520926262769435,
    0.010501492872006364,
    0.010516817267570231,
    0.010525059782796435,
    0.01051676200909747,
    0.010534101786712805,
    0.010516550184951888,
    0.01052672177967098,
    0.010504650676416026,
    0.010519819851550791,
    0.010527842574649386,
    0.010524967478381263,
    0.010535015310678218,
    0.010534726911120944,
    0.010516928405397467,
    0.010516197524136968,
    0.010515205355154144
  ],
  "learning_rate": [
    0.0001,
    0.0001,
    0.0001,
    0.0001,
    0.0001,
    0.0001,
    0.0001,
    0.0001,
    0.0001,
    0.0001,
    0.0001,
    0.0001,
    0.0001,
    0.0001,
    0.0001,
    0.0001,
    0.0001,
    0.0001,
    0.0001,
    0.0001,
    0.0001,
    0.0001,
    0.0001,
    0.0001,
    0.0001,
    0.0001,
    0.0001,
    0.0001,
    0.0001,
    0.0001,
    0.0001,
    0.0001,
    0.0001,
    0.0001,
    0.0001,
    0.0001,
    0.0001,
    0.0001,
    0.0001,
    0.0001,
    0.0001,
    0.0001,
    0.0001,
    0.0001,
    0.0001
  ],