{
  "epoch": [
    1
  ],
  "train_loss": [
    1.924638008716164
  ],
  "train_contrastive_loss": [
    1.924638008716164
  ],
  "train_reconstruction_loss": [
    0.010553085324970148
  ],
  "val_loss": [
    1.896154761314392
  ],
  "val_contrastive_loss": [
    1.896154761314392
  ],
  "val_reconstruction_loss": [
    0.010515292175114155
  ],
  "learning_rate": [
    0.0001
  ],
  "train_separation_ratio": [
    1.7394140633669766
  ],
  "val_separation_ratio": [
    2.139547930823432
  ]
}