{
  "epoch": [
    1,
    2,
    3,
    4,
    5,
    6,
    7,
    8,
    9,
    10,
    11,
    12,
    13,
    14,
    15,
    16,
    17,
    18,
    19,
    20,
    21,
    22,
    23,
    24,
    25,
    26,
    27,
    28,
    29,
    30
  ],
  "train_loss": [
    1.924638008716164,
    1.8937710008585698,
    1.8830674587015332,
    1.2244206436075533,
    1.2086971998214722,
    1.2009955060770614,
    1.1408561499203163,
    1.1354482364832135,
    1.1299883107233313,
    1.0853995160239591,
    1.0810903725899355,
    1.0758020331739713,
    1.0603724120937468,
    1.057409892091094,
    1.0540124468741248,
    1.0353962149699973,
    1.0331629753334783,
    1.0287321360861568,
    0.9879996473562784,
    0.9843066332504514,
    0.9818229206891477,
    0.9447670260399191,
    0.9420535337991555,
    0.9398728111824732,
    0.9225387275773942,
    0.919430646372463,
    0.916580699675576,
    0.8701778177442497,
    0.8668396215421084,
    0.8654824727296385
  ],
  "train_contrastive_loss": [
    1.924638008716164,
    1.8937710008585698,
    1.8830674587015332,
    1.2244206436075533,
    1.2086971998214722,
    1.2009955060770614,
    1.1408561499203163,
    1.1354482364832135,
    1.1299883107233313,
    1.0853995160239591,
    1.0810903725899355,
    1.0758020331739713,
    1.0603724120937468,
    1.057409892091094,
    1.0540124468741248,
    1.0353962149699973,
    1.0331629753334783,
    1.0287321360861568,
    0.9879996473562784,
    0.9843066332504514,
    0.9818229206891477,
    0.9447670260399191,
    0.9420535337991555,
    0.9398728111824732,
    0.9225387275773942,
    0.919430646372463,
    0.916580699675576,
    0.8701778177442497,
    0.8668396215421084,
    0.8654824727296385
  ],
  "train_reconstruction_loss": [
    0.010553085324970148,
    0.01029761502383974,
    0.010296651266265515,
    0.010296726497011589,
    0.010296046582971539,
    0.010296248288016967,
    0.01029628927661609,
    0.01029610692643087,
    0.01029610227848953,
    0.01029576891703701,
    0.010296476345849214,
    0.010296016109472547,
    0.01029615806245715,
    0.010296476404815635,
    0.010296131114803214,
    0.010296506475955525,
    0.010296121576117626,
    0.01029658202581399,
    0.010295819048899845,
    0.01029627200986087,
    0.01029672642763933,
    0.010296492308405968,
    0.01029613484529643,
    0.010295786804673947,
    0.010296052555923023,
    0.010296542147171009,
    0.010296044529552677,
    0.010296618671709709,
    0.010296248993879702,
    0.010296277091378828
  ],
  "val_loss": [
    1.896154761314392,
    1.8788953754636977,
    1.8739623758527968,
    1.2078312105602689,
    1.1913396914800007,
    1.2039153046078153,
    1.1401077376471624,
    1.129951728714837,
    1.1310694879955716,
    1.0927975840038724,
    1.079114596048991,
    1.086395263671875,
    1.069551255967882,
    1.0712278419070773,
    1.0779790613386366,
    1.0422222879197862,
    1.0501550965838962,
    1.048926591873169,
    1.0138951341311138,
    1.0154475702179804,
    1.0101213653882344,
    0.9810318019655015,
    0.9701863129933676,
    0.9759404063224792,
    0.9637145466274686,
    0.9670136835840013,
    0.9584846761491563,
    0.9141251312361823,
    0.9137140115102133,
    0.9053370157877604
  ],
  "val_contrastive_loss": [
    1.896154761314392,
    1.8788953754636977,
    1.8739623758527968,
    1.2078312105602689,
    1.1913396914800007,
    1.2039153046078153,
    1.1401077376471624,
    1.129951728714837,
    1.1310694879955716,
    1.0927975840038724,
    1.079114596048991,
    1.086395263671875,
    1.069551255967882,
    1.0712278419070773,
    1.0779790613386366,
    1.0422222879197862,
    1.0501550965838962,
    1.048926591873169,
    1.0138951341311138,
    1.0154475702179804,
    1.0101213653882344,
    0.9810318019655015,
    0.9701863129933676,
    0.9759404063224792,
    0.9637145466274686,
    0.9670136835840013,
    0.9584846761491563,
    0.9141251312361823,
    0.9137140115102133,
    0.9053370157877604
  ],
  "val_reconstruction_loss": [
    0.010515292175114155,
    0.010532638885908656,
    0.010526628750893805,
    0.010518946374456087,
    0.010536562340954939,
    0.010547182005312707,
    0.010529580422573619,
    0.010529042739007208,
    0.010533918833567036,
    0.010509653637806574,
    0.010513389586574502,
    0.010533172637224197,
    0.010507012613945536,
    0.010539425433509879,
    0.010527007799181674,
    0.010533412918448448,
    0.010510151895383993,
    0.010529544204473495,
    0.010535761817461915,
    0.010548778809607029,
    0.01052650043533908,
    0.010530585319631629,
    0.010538727562460635,
    0.010513074489103423,
    0.010503458480040232,
    0.010521982175608477,
    0.010541724041104317,
    0.010512494378619723,
    0.010520926262769435,
    0.010501492872006364
  ],
  "learning_rate": [
    0.0001,
    0.0001,
    0.0001,
    0.0001,
    0.0001,
    0.0001,
    0.0001,
    0.0001,
    0.0001,
    0.0001,
    0.0001,
    0.0001,
    0.0001,
    0.0001,
    0.0001,
    0.0001,
    0.0001,
    0.0001,
    0.0001,
    0.0001,
    0.0001,
    0.0001,
    0.0001,
    0.0001,
    0.0001,
    0.0001,
    0.0001,
    0.0001,
    0.0001,
    0.0001
  ],
  "train_separation_ratio": [
    1.7394140633669766,
    2.12869300625541,
    2.3154114376414907,
    2.4577554247596045,
    2.6113662611354482,
    2.6843039881099355,
    2.7888737591830166,
    2.8209626999768345,
    2.893823818726973,
    2.889831618829207,
    3.0129364078695122,
    2.9941027489575474,
    3.099502140825445,
    3.1103957024487583,
    3.1682752587578515,
    3.185147068717263,
    3.229931191964583,
    3.301832014864141,
    3.3062342296947134,
    3.334452748298645,
    3.378694631836631,
    3.3958119587464766,
    3.394628557291898,
    3.5090955712578515,
    3.4144445766102183,
    3.489588434045965,
    3.507899056781422,
    3.5371264219284058,
    3.5620606487447564,
    3.5732670805670996
  ],
  "val_separation_ratio": [
    2.139547930823432,
    2.3744267887539334,
    2.519895553588867,
    2.681402418348524,
    2.721706575817532,
    2.791287316216363,
    2.8140639464060464,
    2.867042144139608,
    2.9017779562208386,
    2.892645623948839,
    2.957710133658515,
    2.9482569959428577,
    2.9835601117875843,
    3.013133578830295,
    2.9792787498897977,
    3.017975330352783,
    3.0153578917185464,
    3.0596006711324057,
    3.0571806165907116,
    3.056632227367825,
    3.090274784300062,
    3.0828816890716553,
    3.0914676984151206,
    3.0686495304107666,
    3.0650562975141735,
    3.085168202718099,
    3.0775204764472113,
    3.104883829752604,
    3.114654541015625,
    3.09043190214369
  ]
}