{
  "epoch": [
    1,
    2,
    3
  ],
  "train_loss": [
    1.924638008716164,
    1.8937710008585698,
    1.8830674587015332
  ],
  "train_contrastive_loss": [
    1.924638008716164,
    1.8937710008585698,
    1.8830674587015332
  ],
  "train_reconstruction_loss": [
    0.010553085324970148,
    0.01029761502383974,
    0.010296651266265515
  ],
  "val_loss": [
    1.896154761314392,
    1.8788953754636977,
    1.8739623758527968
  ],
  "val_contrastive_loss": [
    1.896154761314392,
    1.8788953754636977,
    1.8739623758527968
  ],
  "val_reconstruction_loss": [
    0.010515292175114155,
    0.010532638885908656,
    0.010526628750893805
  ],
  "learning_rate": [
    0.0001,
    0.0001,
    0.0001
  ],
  "train_separation_ratio": [
    1.7394140633669766,
    2.12869300625541,
    2.3154114376414907
  ],
  "val_separation_ratio": [
    2.139547930823432,
    2.3744267887539334,
    2.519895553588867
  ]
}