{
  "epoch": [
    1,
    2,
    3,
    4,
    5,
    6,
    7,
    8,
    9,
    10,
    11
  ],
  "train_loss": [
    1.924638008716164,
    1.8937710008585698,
    1.8830674587015332,
    1.2244206436075533,
    1.2086971998214722,
    1.2009955060770614,
    1.1408561499203163,
    1.1354482364832135,
    1.1299883107233313,
    1.0853995160239591,
    1.0810903725899355
  ],
  "train_contrastive_loss": [
    1.924638008716164,
    1.8937710008585698,
    1.8830674587015332,
    1.2244206436075533,
    1.2086971998214722,
    1.2009955060770614,
    1.1408561499203163,
    1.1354482364832135,
    1.1299883107233313,
    1.0853995160239591,
    1.0810903725899355
  ],
  "train_reconstruction_loss": [
    0.010553085324970148,
    0.01029761502383974,
    0.010296651266265515,
    0.010296726497011589,
    0.010296046582971539,
    0.010296248288016967,
    0.01029628927661609,
    0.01029610692643087,
    0.01029610227848953,
    0.01029576891703701,
    0.010296476345849214
  ],
  "val_loss": [
    1.896154761314392,
    1.8788953754636977,
    1.8739623758527968,
    1.2078312105602689,
    1.1913396914800007,
    1.2039153046078153,
    1.1401077376471624,
    1.129951728714837,
    1.1310694879955716,
    1.0927975840038724,
    1.079114596048991
  ],
  "val_contrastive_loss": [
    1.896154761314392,
    1.8788953754636977,
    1.8739623758527968,
    1.2078312105602689,
    1.1913396914800007,
    1.2039153046078153,
    1.1401077376471624,
    1.129951728714837,
    1.1310694879955716,
    1.0927975840038724,
    1.079114596048991
  ],
  "val_reconstruction_loss": [
    0.010515292175114155,
    0.010532638885908656,
    0.010526628750893805,
    0.010518946374456087,
    0.010536562340954939,
    0.010547182005312707,
    0.010529580422573619,
    0.010529042739007208,
    0.010533918833567036,
    0.010509653637806574,
    0.010513389586574502
  ],
  "learning_rate": [
    0.0001,
    0.0001,
    0.0001,
    0.0001,
    0.0001,
    0.0001,
    0.0001,
    0.0001,
    0.0001,
    0.0001,
    0.0001
  ],
  "train_separation_ratio": [
    1.7394140633669766,
    2.12869300625541,
    2.3154114376414907,
    2.4577554247596045,
    2.6113662611354482,
    2.6843039881099355,
    2.7888737591830166,
    2.8209626999768345,
    2.893823818726973,
    2.889831618829207,
    3.0129364078695122
  ],
  "val_separation_ratio": [
    2.139547930823432,
    2.3744267887539334,
    2.519895553588867,
    2.681402418348524,
    2.721706575817532,
    2.791287316216363,
    2.8140639464060464,
    2.867042144139608,
    2.9017779562208386,
    2.892645623948839,
    2.957710133658515
  ]
}