{
  "euclidean": {
    "phd_entailment": 14.932358750377702,
    "phd_neutral": 21.282183765965783,
    "phd_contradiction": 22.538073444532703,
    "centroid_ent_to_neutral": 5.246975898742676,
    "centroid_ent_to_contradiction": 5.682496547698975,
    "centroid_neutral_to_contradiction": 4.605209827423096,
    "min_ent_to_neutral": "18.28367",
    "min_ent_to_contradiction": "17.731598",
    "entailment_separation": 5.157647273255049
  },
  "manhattan": {
    "phd_entailment": 13.947291930629497,
    "phd_neutral": 20.19278399810996,
    "phd_contradiction": 20.463351681189394,
    "centroid_ent_to_neutral": 144.38616943359375,
    "centroid_ent_to_contradiction": 156.23928833007812,
    "centroid_neutral_to_contradiction": 128.9756622314453,
    "min_ent_to_neutral": 477.08106348582805,
    "min_ent_to_contradiction": 455.42955515062204,
    "entailment_separation": 141.8659574013256
  },
  "chebyshev": {
    "phd_entailment": 16.53815541734519,
    "phd_neutral": 22.944459526179894,
    "phd_contradiction": 25.11218553841616,
    "centroid_ent_to_neutral": 0.49816878139972687,
    "centroid_ent_to_contradiction": 0.5346459001302719,
    "centroid_neutral_to_contradiction": 0.46455754339694977,
    "min_ent_to_neutral": 1.5556443333625793,
    "min_ent_to_contradiction": 1.7131767272949219,
    "entailment_separation": 0.4873880099954208
  },
  "cosine": {
    "phd_entailment": 7.442923723379932,
    "phd_neutral": 10.577379762185174,
    "phd_contradiction": 11.247294119469132,
    "centroid_ent_to_neutral": 0.18181967735290527,
    "centroid_ent_to_contradiction": 0.22414284944534302,
    "centroid_neutral_to_contradiction": 0.16350221633911133,
    "min_ent_to_neutral": "0.20194477",
    "min_ent_to_contradiction": "0.18743128",
    "entailment_separation": 0.19157480195362997
  },
  "minkowski_3": {
    "phd_entailment": 15.532094916566301,
    "phd_neutral": 22.009467578266836,
    "phd_contradiction": 23.608671986675173,
    "centroid_ent_to_neutral": 1.9265257471852526,
    "centroid_ent_to_contradiction": 2.078108233226886,
    "centroid_neutral_to_contradiction": 1.6866864610263663,
    "min_ent_to_neutral": 6.292520317273328,
    "min_ent_to_contradiction": 6.522762543108036,
    "entailment_separation": 1.8897974838832905
  },
  "minkowski_4": {
    "phd_entailment": 15.908681649673191,
    "phd_neutral": 22.545321387309396,
    "phd_contradiction": 23.973917841414583,
    "centroid_ent_to_neutral": 1.2167840379060135,
    "centroid_ent_to_contradiction": 1.3071581297101096,
    "centroid_neutral_to_contradiction": 1.0636688211155367,
    "min_ent_to_neutral": 3.8990295312080754,
    "min_ent_to_contradiction": 4.1342638858226355,
    "entailment_separation": 1.1910550580048285
  },
  "canberra": {
    "phd_entailment": 22.135809204767142,
    "phd_neutral": 34.74357958579784,
    "phd_contradiction": 34.23596428455709,
    "centroid_ent_to_neutral": 634.1595593148508,
    "centroid_ent_to_contradiction": 677.1511362930698,
    "centroid_neutral_to_contradiction": 638.0208993727517,
    "min_ent_to_neutral": 588.3979914903206,
    "min_ent_to_contradiction": 561.5437056999149,
    "entailment_separation": 618.8110237465595
  },
  "braycurtis": {
    "phd_entailment": 10.663807081353033,
    "phd_neutral": 14.996669469940123,
    "phd_contradiction": 15.116129902512082,
    "centroid_ent_to_neutral": 0.24293066565670862,
    "centroid_ent_to_contradiction": 0.27791017979436317,
    "centroid_neutral_to_contradiction": 0.23454988587910677,
    "min_ent_to_neutral": 0.25282156671155814,
    "min_ent_to_contradiction": 0.2303328870005258,
    "entailment_separation": 0.24578618771440958
  }
}