{
  "euclidean": {
    "phd_entailment": 24.05526361772654,
    "phd_neutral": 36.37389805211914,
    "phd_contradiction": 49.43184852635637,
    "centroid_ent_to_neutral": 0.9991499185562134,
    "centroid_ent_to_contradiction": 2.6838538646698,
    "centroid_neutral_to_contradiction": 1.8445886373519897,
    "min_ent_to_neutral": "6.037212",
    "min_ent_to_contradiction": "6.155914",
    "entailment_separation": 4.329709905011397
  },
  "manhattan": {
    "phd_entailment": 22.64856675174695,
    "phd_neutral": 35.217165286693024,
    "phd_contradiction": 44.73446224002751,
    "centroid_ent_to_neutral": 28.581483840942383,
    "centroid_ent_to_contradiction": 81.92875671386719,
    "centroid_neutral_to_contradiction": 54.8057861328125,
    "min_ent_to_neutral": 147.88465588473628,
    "min_ent_to_contradiction": 147.48978377343155,
    "entailment_separation": 129.91495835940842
  },
  "chebyshev": {
    "phd_entailment": 32.44506797100143,
    "phd_neutral": 44.16060467075939,
    "phd_contradiction": 46.6224564523307,
    "centroid_ent_to_neutral": 0.15489639341831207,
    "centroid_ent_to_contradiction": 0.17727632075548172,
    "centroid_neutral_to_contradiction": 0.1288565844297409,
    "min_ent_to_neutral": 0.6818955838680267,
    "min_ent_to_contradiction": 0.6370513588190079,
    "entailment_separation": 0.3904995963574704
  },
  "cosine": {
    "phd_entailment": 11.741345425724482,
    "phd_neutral": 20.140959134586392,
    "phd_contradiction": 19.322127905618917,
    "centroid_ent_to_neutral": 0.008380889892578125,
    "centroid_ent_to_contradiction": 0.033090412616729736,
    "centroid_neutral_to_contradiction": 0.029250502586364746,
    "min_ent_to_neutral": "0.23366576",
    "min_ent_to_contradiction": "0.23557031",
    "entailment_separation": 0.04875333282742255
  },
  "minkowski_3": {
    "phd_entailment": 25.39064586201043,
    "phd_neutral": 37.44078167240179,
    "phd_contradiction": 53.606945641250924,
    "centroid_ent_to_neutral": 0.34841568756836133,
    "centroid_ent_to_contradiction": 0.8813402232379114,
    "centroid_neutral_to_contradiction": 0.6190206178386439,
    "min_ent_to_neutral": 2.3124936982854547,
    "min_ent_to_contradiction": 2.2852290265173365,
    "entailment_separation": 1.4456912512591589
  },
  "minkowski_4": {
    "phd_entailment": 26.743350463596254,
    "phd_neutral": 38.55347777731876,
    "phd_contradiction": 56.708076501086516,
    "centroid_ent_to_neutral": 0.2194404464619481,
    "centroid_ent_to_contradiction": 0.5140683417259673,
    "centroid_neutral_to_contradiction": 0.3672437900481173,
    "min_ent_to_neutral": 1.498176361544151,
    "min_ent_to_contradiction": 1.4515155482826676,
    "entailment_separation": 0.8623070875176538
  },
  "canberra": {
    "phd_entailment": 48.68566076880311,
    "phd_neutral": 95.86623101060232,
    "phd_contradiction": 82.9577832550983,
    "centroid_ent_to_neutral": 119.02623784403877,
    "centroid_ent_to_contradiction": 421.9624523129749,
    "centroid_neutral_to_contradiction": 325.9469454105399,
    "min_ent_to_neutral": 462.4811579386915,
    "min_ent_to_contradiction": 453.88054860699737,
    "entailment_separation": 635.9819940831767
  },
  "braycurtis": {
    "phd_entailment": 19.777203534437042,
    "phd_neutral": 35.88768764830661,
    "phd_contradiction": 26.96980374612091,
    "centroid_ent_to_neutral": 0.11168061163509127,
    "centroid_ent_to_contradiction": 0.40670362022677486,
    "centroid_neutral_to_contradiction": 0.31477451073418183,
    "min_ent_to_neutral": 0.3813110894098114,
    "min_ent_to_contradiction": 0.3755290452788449,
    "entailment_separation": 0.6094083730014762
  }
}