{
  "euclidean": {
    "phd_entailment": 84.99417452751291,
    "phd_neutral": 140.72593855910188,
    "phd_contradiction": 51.76303762189246,
    "centroid_ent_to_neutral": 0.07259362936019897,
    "centroid_ent_to_contradiction": 0.18810808658599854,
    "centroid_neutral_to_contradiction": 0.12455029785633087,
    "min_ent_to_neutral": "0.012851884",
    "min_ent_to_contradiction": "0.050877873",
    "entailment_separation": 0.9666776436474224
  },
  "manhattan": {
    "phd_entailment": 185.2896415657658,
    "phd_neutral": 49.158521574394946,
    "phd_contradiction": 20.384088682422025,
    "centroid_ent_to_neutral": 2.314714193344116,
    "centroid_ent_to_contradiction": 5.918784141540527,
    "centroid_neutral_to_contradiction": 3.6577627658843994,
    "min_ent_to_neutral": 0.1766508114638095,
    "min_ent_to_contradiction": 0.7691342182212973,
    "entailment_separation": 30.529675420256286
  },
  "chebyshev": {
    "phd_entailment": 27.685201528784248,
    "phd_neutral": 24.963603330568738,
    "phd_contradiction": 23.3498682473444,
    "centroid_ent_to_neutral": 0.006098410114645958,
    "centroid_ent_to_contradiction": 0.023348647635430098,
    "centroid_neutral_to_contradiction": 0.018088966608047485,
    "min_ent_to_neutral": 0.004379477817565203,
    "min_ent_to_contradiction": 0.010754209128208458,
    "entailment_separation": 0.1091892022838382
  },
  "cosine": {
    "phd_entailment": 19.3525668018197,
    "phd_neutral": 21.74242038651508,
    "phd_contradiction": 17.72863371187437,
    "centroid_ent_to_neutral": 0.01586306095123291,
    "centroid_ent_to_contradiction": 0.04683542251586914,
    "centroid_neutral_to_contradiction": 0.024449586868286133,
    "min_ent_to_neutral": "0.30209458",
    "min_ent_to_contradiction": "0.30233836",
    "entailment_separation": 0.23248493796164096
  },
  "minkowski_3": {
    "phd_entailment": 59.91987426779616,
    "phd_neutral": 66.73350195174112,
    "phd_contradiction": 49.44739225122949,
    "centroid_ent_to_neutral": 0.024923655804603602,
    "centroid_ent_to_contradiction": 0.06653489100029024,
    "centroid_neutral_to_contradiction": 0.046247134022569115,
    "min_ent_to_neutral": 0.006907721868358708,
    "min_ent_to_contradiction": 0.023750563875510774,
    "entailment_separation": 0.33912677634625976
  },
  "minkowski_4": {
    "phd_entailment": 51.31370962146128,
    "phd_neutral": 50.03219809200141,
    "phd_contradiction": 41.68682962971729,
    "centroid_ent_to_neutral": 0.015268068201259017,
    "centroid_ent_to_contradiction": 0.04231351897089033,
    "centroid_neutral_to_contradiction": 0.030517580550839706,
    "min_ent_to_neutral": 0.0057152521000344,
    "min_ent_to_contradiction": 0.017213013949678235,
    "entailment_separation": 0.21351157127227896
  },
  "canberra": {
    "phd_entailment": 8.79593971866609,
    "phd_neutral": 56.085063709656396,
    "phd_contradiction": 44.94557293544795,
    "centroid_ent_to_neutral": 272.13950646986206,
    "centroid_ent_to_contradiction": 522.856449324931,
    "centroid_neutral_to_contradiction": 279.7556202967613,
    "min_ent_to_neutral": 704.4798005235053,
    "min_ent_to_contradiction": 762.5753989391774,
    "entailment_separation": 2947.831833280075
  },
  "braycurtis": {
    "phd_entailment": 37.27411610500449,
    "phd_neutral": 41.04209791411835,
    "phd_contradiction": 32.86239629492254,
    "centroid_ent_to_neutral": 0.18310125320334875,
    "centroid_ent_to_contradiction": 0.36414543716368397,
    "centroid_neutral_to_contradiction": 0.1971845267993455,
    "min_ent_to_neutral": 0.48319130759746853,
    "min_ent_to_contradiction": 0.5620532504738903,
    "entailment_separation": 2.0291816615699942
  }
}