{
  "euclidean": {
    "phd_entailment": 28.014278063487613,
    "phd_neutral": 53.354674818052644,
    "phd_contradiction": 61.44277908873078,
    "centroid_ent_to_neutral": 0.15651527047157288,
    "centroid_ent_to_contradiction": 0.3959968090057373,
    "centroid_neutral_to_contradiction": 0.24168306589126587,
    "min_ent_to_neutral": "0.88319784",
    "min_ent_to_contradiction": "1.0002881",
    "entailment_separation": 5.568731563510435
  },
  "manhattan": {
    "phd_entailment": 26.892579781396197,
    "phd_neutral": 51.282847699052304,
    "phd_contradiction": 54.47932519555352,
    "centroid_ent_to_neutral": 4.206101894378662,
    "centroid_ent_to_contradiction": 10.609922409057617,
    "centroid_neutral_to_contradiction": 6.403819561004639,
    "min_ent_to_neutral": 18.912075910482287,
    "min_ent_to_contradiction": 20.885430889527726,
    "entailment_separation": 149.3296983883799
  },
  "chebyshev": {
    "phd_entailment": 31.726323273863603,
    "phd_neutral": 41.059294965588805,
    "phd_contradiction": 40.2209781543124,
    "centroid_ent_to_neutral": 0.010303176939487457,
    "centroid_ent_to_contradiction": 0.029401126317679882,
    "centroid_neutral_to_contradiction": 0.020264464430510998,
    "min_ent_to_neutral": 0.11699661612510681,
    "min_ent_to_contradiction": 0.11484781326726079,
    "entailment_separation": 0.40017696439242806
  },
  "cosine": {
    "phd_entailment": 14.579810402792345,
    "phd_neutral": 24.78288021663555,
    "phd_contradiction": 26.636835889607784,
    "centroid_ent_to_neutral": 0.0007085800170898438,
    "centroid_ent_to_contradiction": 0.010034918785095215,
    "centroid_neutral_to_contradiction": 0.00828784704208374,
    "min_ent_to_neutral": "0.25852525",
    "min_ent_to_contradiction": "0.32423806",
    "entailment_separation": 0.10828299163859532
  },
  "minkowski_3": {
    "phd_entailment": 29.1706815463325,
    "phd_neutral": 55.0148579093041,
    "phd_contradiction": 65.1649159507222,
    "centroid_ent_to_neutral": 0.05320262918756497,
    "centroid_ent_to_contradiction": 0.135070684509341,
    "centroid_neutral_to_contradiction": 0.08337432372979639,
    "min_ent_to_neutral": 0.34861359420531945,
    "min_ent_to_contradiction": 0.39329662010380195,
    "entailment_separation": 1.897593887073953
  },
  "minkowski_4": {
    "phd_entailment": 30.43674186464741,
    "phd_neutral": 54.90800436776634,
    "phd_contradiction": 66.29013896495667,
    "centroid_ent_to_neutral": 0.031424221673881474,
    "centroid_ent_to_contradiction": 0.08011851315188995,
    "centroid_neutral_to_contradiction": 0.050030642635934285,
    "min_ent_to_neutral": 0.23100570201203885,
    "min_ent_to_contradiction": 0.2579891543494552,
    "entailment_separation": 1.1242316162429833
  },
  "canberra": {
    "phd_entailment": 63.48301290842736,
    "phd_neutral": 75.27948685853178,
    "phd_contradiction": 91.03583033665255,
    "centroid_ent_to_neutral": 95.34850509425151,
    "centroid_ent_to_contradiction": 295.53854699135786,
    "centroid_neutral_to_contradiction": 210.91840187605547,
    "min_ent_to_neutral": 343.2490724668045,
    "min_ent_to_contradiction": 363.7033950536584,
    "entailment_separation": 3939.7239364901016
  },
  "braycurtis": {
    "phd_entailment": 28.71951708511811,
    "phd_neutral": 41.16690473906759,
    "phd_contradiction": 34.5245998943727,
    "centroid_ent_to_neutral": 0.12317153772742437,
    "centroid_ent_to_contradiction": 0.3824152422629064,
    "centroid_neutral_to_contradiction": 0.2720583823558789,
    "min_ent_to_neutral": 0.40123732805927226,
    "min_ent_to_contradiction": 0.42687426327651434,
    "entailment_separation": 5.095774670644795
  }
}