{
  "euclidean": {
    "phd_entailment": 52.336277065959926,
    "phd_neutral": 31.936303774075338,
    "phd_contradiction": 18.70037224818659,
    "centroid_ent_to_neutral": 0.26580139994621277,
    "centroid_ent_to_contradiction": 0.570902407169342,
    "centroid_neutral_to_contradiction": 0.4333881437778473,
    "min_ent_to_neutral": "0.4202985",
    "min_ent_to_contradiction": "0.87700295",
    "entailment_separation": 0.7590195191673298
  },
  "manhattan": {
    "phd_entailment": 52.11846925405177,
    "phd_neutral": 31.71048991217693,
    "phd_contradiction": 18.394221193299536,
    "centroid_ent_to_neutral": 5.768857479095459,
    "centroid_ent_to_contradiction": 12.369526863098145,
    "centroid_neutral_to_contradiction": 9.346246719360352,
    "min_ent_to_neutral": 8.906105927512272,
    "min_ent_to_contradiction": 18.74735884315527,
    "entailment_separation": 16.45431471065679
  },
  "chebyshev": {
    "phd_entailment": 31.43348887644565,
    "phd_neutral": 26.251468752774578,
    "phd_contradiction": 21.022885820429856,
    "centroid_ent_to_neutral": 0.03354437852976844,
    "centroid_ent_to_contradiction": 0.08187779597938061,
    "centroid_neutral_to_contradiction": 0.062145269010216,
    "min_ent_to_neutral": 0.0661776214838028,
    "min_ent_to_contradiction": 0.10840395092964172,
    "entailment_separation": 0.10470573057292507
  },
  "cosine": {
    "phd_entailment": 14.008771465638961,
    "phd_neutral": 16.040160501467685,
    "phd_contradiction": 13.152339208193249,
    "centroid_ent_to_neutral": 0.6604043841362,
    "centroid_ent_to_contradiction": 0.7866392135620117,
    "centroid_neutral_to_contradiction": 0.28810495138168335,
    "min_ent_to_neutral": "0.307734",
    "min_ent_to_contradiction": "0.30662447",
    "entailment_separation": 1.3126919304041984
  },
  "minkowski_3": {
    "phd_entailment": 50.99762540214523,
    "phd_neutral": 32.148888351164246,
    "phd_contradiction": 19.018817427709465,
    "centroid_ent_to_neutral": 0.10398850069808406,
    "centroid_ent_to_contradiction": 0.22549719936070028,
    "centroid_neutral_to_contradiction": 0.1714892486741134,
    "min_ent_to_neutral": 0.16877335994275547,
    "min_ent_to_contradiction": 0.34451565851330695,
    "entailment_separation": 0.29889439429381115
  },
  "minkowski_4": {
    "phd_entailment": 49.18911210544801,
    "phd_neutral": 32.427578134335576,
    "phd_contradiction": 19.332898551988247,
    "centroid_ent_to_neutral": 0.06796660128466717,
    "centroid_ent_to_contradiction": 0.14917612452080203,
    "centroid_neutral_to_contradiction": 0.11369562614512019,
    "min_ent_to_neutral": 0.11336614996002109,
    "min_ent_to_contradiction": 0.22556124086644785,
    "entailment_separation": 0.19698197370433188
  },
  "canberra": {
    "phd_entailment": 56.98831486930742,
    "phd_neutral": 63.394229582185076,
    "phd_contradiction": 50.72498237083571,
    "centroid_ent_to_neutral": 510.8160746342758,
    "centroid_ent_to_contradiction": 586.8388904253446,
    "centroid_neutral_to_contradiction": 439.44667393163405,
    "min_ent_to_neutral": 398.7670723124446,
    "min_ent_to_contradiction": 427.4651353071589,
    "entailment_separation": 995.7425037461585
  },
  "braycurtis": {
    "phd_entailment": 19.72751504016658,
    "phd_neutral": 22.639422938608075,
    "phd_contradiction": 19.087108151109618,
    "centroid_ent_to_neutral": 0.7423399526362986,
    "centroid_ent_to_contradiction": 0.9050727600631859,
    "centroid_neutral_to_contradiction": 0.5391338191017693,
    "min_ent_to_neutral": 0.4401637226008542,
    "min_ent_to_contradiction": 0.5208406494038071,
    "entailment_separation": 1.4944576496836919
  }
}