{
  "euclidean": {
    "phd_entailment": 15.732461541767393,
    "phd_neutral": 21.999702118966376,
    "phd_contradiction": 22.792378949274262,
    "centroid_ent_to_neutral": 0.274862676858902,
    "centroid_ent_to_contradiction": 0.574268639087677,
    "centroid_neutral_to_contradiction": 0.3698572814464569,
    "min_ent_to_neutral": "0.9233887",
    "min_ent_to_contradiction": "1.0987933",
    "entailment_separation": 1.8841985232791318
  },
  "manhattan": {
    "phd_entailment": 14.8473722963231,
    "phd_neutral": 21.057989763043967,
    "phd_contradiction": 21.895196626708426,
    "centroid_ent_to_neutral": 2.828239679336548,
    "centroid_ent_to_contradiction": 5.303167819976807,
    "centroid_neutral_to_contradiction": 3.3556230068206787,
    "min_ent_to_neutral": 8.346042422577739,
    "min_ent_to_contradiction": 11.658398931846023,
    "entailment_separation": 18.043364688896926
  },
  "chebyshev": {
    "phd_entailment": 16.83153914579573,
    "phd_neutral": 19.264008617755753,
    "phd_contradiction": 19.005963147861,
    "centroid_ent_to_neutral": 0.04523691534996033,
    "centroid_ent_to_contradiction": 0.11823563277721405,
    "centroid_neutral_to_contradiction": 0.07971227169036865,
    "min_ent_to_neutral": 0.17475517466664314,
    "min_ent_to_contradiction": 0.17273273319005966,
    "entailment_separation": 0.3627409895188423
  },
  "cosine": {
    "phd_entailment": 8.016459172727744,
    "phd_neutral": 9.893255273142739,
    "phd_contradiction": 12.340936895769778,
    "centroid_ent_to_neutral": 0.0029923319816589355,
    "centroid_ent_to_contradiction": 0.015199780464172363,
    "centroid_neutral_to_contradiction": 0.0071364641189575195,
    "min_ent_to_neutral": "0.04364276",
    "min_ent_to_contradiction": "0.052313685",
    "entailment_separation": 0.0403677861857585
  },
  "minkowski_3": {
    "phd_entailment": 16.137992272586384,
    "phd_neutral": 22.35327218977266,
    "phd_contradiction": 22.67588196433502,
    "centroid_ent_to_neutral": 0.13072172047220218,
    "centroid_ent_to_contradiction": 0.2902800485383025,
    "centroid_neutral_to_contradiction": 0.1907811388459228,
    "min_ent_to_neutral": 0.4437150336633886,
    "min_ent_to_contradiction": 0.5014864363253899,
    "entailment_separation": 0.934191092202517
  },
  "minkowski_4": {
    "phd_entailment": 16.435729455354625,
    "phd_neutral": 22.428526485420942,
    "phd_contradiction": 22.321098408850226,
    "centroid_ent_to_neutral": 0.09174107989228383,
    "centroid_ent_to_contradiction": 0.2122680659847441,
    "centroid_neutral_to_contradiction": 0.14151766580864691,
    "min_ent_to_neutral": 0.32111331819074473,
    "min_ent_to_contradiction": 0.34933109152642544,
    "entailment_separation": 0.6745877498185255
  },
  "canberra": {
    "phd_entailment": 20.12220893401806,
    "phd_neutral": 26.301128151351282,
    "phd_contradiction": 30.64379032319938,
    "centroid_ent_to_neutral": 8.593882928224188,
    "centroid_ent_to_contradiction": 14.875209598707338,
    "centroid_neutral_to_contradiction": 9.018213669471617,
    "min_ent_to_neutral": 37.93260942663926,
    "min_ent_to_contradiction": 39.76243409796483,
    "entailment_separation": 52.077256663947736
  },
  "braycurtis": {
    "phd_entailment": 15.482339001459602,
    "phd_neutral": 19.67523414327182,
    "phd_contradiction": 23.7582347296343,
    "centroid_ent_to_neutral": 0.032665018438649364,
    "centroid_ent_to_contradiction": 0.06018997721788746,
    "centroid_neutral_to_contradiction": 0.036912788238202446,
    "min_ent_to_neutral": 0.10232171483656266,
    "min_ent_to_contradiction": 0.13850934230988388,
    "entailment_separation": 0.20604262545670132
  }
}