{
  "euclidean": {
    "phd_entailment": 22.710715221967906,
    "phd_neutral": 25.9519498991145,
    "phd_contradiction": 18.741778832189365,
    "centroid_ent_to_neutral": 0.2751520872116089,
    "centroid_ent_to_contradiction": 0.5742010474205017,
    "centroid_neutral_to_contradiction": 0.36982858180999756,
    "min_ent_to_neutral": "0.11247065",
    "min_ent_to_contradiction": "0.40724403",
    "entailment_separation": 1.6665172820498126
  },
  "manhattan": {
    "phd_entailment": 22.405577613191248,
    "phd_neutral": 25.539604084598647,
    "phd_contradiction": 18.46011016361732,
    "centroid_ent_to_neutral": 2.8226406574249268,
    "centroid_ent_to_contradiction": 5.2987518310546875,
    "centroid_neutral_to_contradiction": 3.3491039276123047,
    "min_ent_to_neutral": 1.037169672548771,
    "min_ent_to_contradiction": 3.68630900233984,
    "entailment_separation": 15.934998511806434
  },
  "chebyshev": {
    "phd_entailment": 17.625029342027375,
    "phd_neutral": 20.80227022939158,
    "phd_contradiction": 15.538395916517148,
    "centroid_ent_to_neutral": 0.045274109579622746,
    "centroid_ent_to_contradiction": 0.11813881993293762,
    "centroid_neutral_to_contradiction": 0.07977581582963467,
    "min_ent_to_neutral": 0.027690112590789795,
    "min_ent_to_contradiction": 0.09378060698509216,
    "entailment_separation": 0.32063279693554925
  },
  "cosine": {
    "phd_entailment": 10.282455352139573,
    "phd_neutral": 9.964730672368258,
    "phd_contradiction": 11.036123474383103,
    "centroid_ent_to_neutral": 0.5946671366691589,
    "centroid_ent_to_contradiction": 0.9608507752418518,
    "centroid_neutral_to_contradiction": 0.1743740439414978,
    "min_ent_to_neutral": "0.22478181",
    "min_ent_to_contradiction": "0.14398867",
    "entailment_separation": 3.052084435834298
  },
  "minkowski_3": {
    "phd_entailment": 22.404916575407753,
    "phd_neutral": 25.4543019288203,
    "phd_contradiction": 18.57898345732344,
    "centroid_ent_to_neutral": 0.13084860570316603,
    "centroid_ent_to_contradiction": 0.29022340743003827,
    "centroid_neutral_to_contradiction": 0.1907760453254967,
    "min_ent_to_neutral": 0.057653286794224594,
    "min_ent_to_contradiction": 0.2109399269035548,
    "entailment_separation": 0.8261861389113914
  },
  "minkowski_4": {
    "phd_entailment": 21.94897199589092,
    "phd_neutral": 24.86262807221776,
    "phd_contradiction": 18.241042092971252,
    "centroid_ent_to_neutral": 0.09182222848267207,
    "centroid_ent_to_contradiction": 0.212211596993209,
    "centroid_neutral_to_contradiction": 0.1415158066887931,
    "min_ent_to_neutral": 0.04286650752329459,
    "min_ent_to_contradiction": 0.15775641840855517,
    "entailment_separation": 0.5965453046838228
  },
  "canberra": {
    "phd_entailment": 33.414042786727876,
    "phd_neutral": 33.79814140621655,
    "phd_contradiction": 40.160448890283654,
    "centroid_ent_to_neutral": 87.36445998837125,
    "centroid_ent_to_contradiction": 87.59515630729045,
    "centroid_neutral_to_contradiction": 71.66698536050356,
    "min_ent_to_neutral": 52.252395679708826,
    "min_ent_to_contradiction": 54.17506351147978,
    "entailment_separation": 343.2885714183141
  },
  "braycurtis": {
    "phd_entailment": 16.669093853709665,
    "phd_neutral": 16.48197496936809,
    "phd_contradiction": 18.53360852795108,
    "centroid_ent_to_neutral": 0.7612602554358515,
    "centroid_ent_to_contradiction": 1.0258995679667609,
    "centroid_neutral_to_contradiction": 0.5532017321985818,
    "min_ent_to_neutral": 0.3304814673611966,
    "min_ent_to_contradiction": 0.32149160772509067,
    "entailment_separation": 3.506589438532633
  }
}