{
  "euclidean": {
    "phd_entailment": 1.1435046854436053,
    "phd_neutral": 1.2532431776643032,
    "phd_contradiction": 1.0887144681067273,
    "centroid_ent_to_neutral": 0.013949207961559296,
    "centroid_ent_to_contradiction": 0.05606687068939209,
    "centroid_neutral_to_contradiction": 0.042117662727832794,
    "min_ent_to_neutral": "1.7881393e-07",
    "min_ent_to_contradiction": "4.7683716e-07",
    "entailment_separation": 1.8575512220683608
  },
  "manhattan": {
    "phd_entailment": 1.1435046854436053,
    "phd_neutral": 1.2532431776643032,
    "phd_contradiction": 1.0887144681067273,
    "centroid_ent_to_neutral": 0.013949207961559296,
    "centroid_ent_to_contradiction": 0.05606687068939209,
    "centroid_neutral_to_contradiction": 0.042117662727832794,
    "min_ent_to_neutral": 1.7881393432617188e-07,
    "min_ent_to_contradiction": 4.76837158203125e-07,
    "entailment_separation": 1.8575512220683608
  },
  "chebyshev": {
    "phd_entailment": 1.1435046854436053,
    "phd_neutral": 1.2532431776643032,
    "phd_contradiction": 1.0887144681067273,
    "centroid_ent_to_neutral": 0.013949207961559296,
    "centroid_ent_to_contradiction": 0.05606687068939209,
    "centroid_neutral_to_contradiction": 0.042117662727832794,
    "min_ent_to_neutral": 1.7881393432617188e-07,
    "min_ent_to_contradiction": 4.76837158203125e-07,
    "entailment_separation": 1.8575512220683608
  },
  "cosine": {
    "phd_entailment": NaN,
    "phd_neutral": NaN,
    "phd_contradiction": NaN,
    "centroid_ent_to_neutral": 0.0,
    "centroid_ent_to_contradiction": 0.0,
    "centroid_neutral_to_contradiction": 0.0,
    "min_ent_to_neutral": "0.0",
    "min_ent_to_contradiction": "0.0",
    "entailment_separation": 0.0
  },
  "minkowski_3": {
    "phd_entailment": 1.1435046854436053,
    "phd_neutral": 1.2532431776643032,
    "phd_contradiction": 1.0887144681067273,
    "centroid_ent_to_neutral": 0.013949207961559299,
    "centroid_ent_to_contradiction": 0.0560668706893921,
    "centroid_neutral_to_contradiction": 0.0421176627278328,
    "min_ent_to_neutral": 1.7881393432617203e-07,
    "min_ent_to_contradiction": 4.768371582031254e-07,
    "entailment_separation": 1.8575512220683612
  },
  "minkowski_4": {
    "phd_entailment": 1.1435046854436053,
    "phd_neutral": 1.2532431776643032,
    "phd_contradiction": 1.0887144681067273,
    "centroid_ent_to_neutral": 0.013949207961559296,
    "centroid_ent_to_contradiction": 0.05606687068939209,
    "centroid_neutral_to_contradiction": 0.042117662727832794,
    "min_ent_to_neutral": 1.7881393432617188e-07,
    "min_ent_to_contradiction": 4.76837158203125e-07,
    "entailment_separation": 1.8575512220683608
  },
  "canberra": {
    "phd_entailment": 1.8596620979272709,
    "phd_neutral": 1.3948744142535796,
    "phd_contradiction": 1.2991401103678832,
    "centroid_ent_to_neutral": 0.0747731472116392,
    "centroid_ent_to_contradiction": 0.24518535142601178,
    "centroid_neutral_to_contradiction": 0.17359476572629337,
    "min_ent_to_neutral": 9.46081625557449e-07,
    "min_ent_to_contradiction": 1.6730507494849095e-06,
    "entailment_separation": 8.48861163902744
  },
  "braycurtis": {
    "phd_entailment": 1.8596620979272709,
    "phd_neutral": 1.3948744142535796,
    "phd_contradiction": 1.2991401103678832,
    "centroid_ent_to_neutral": 0.0747731472116392,
    "centroid_ent_to_contradiction": 0.24518535142601178,
    "centroid_neutral_to_contradiction": 0.17359476572629337,
    "min_ent_to_neutral": 9.46081625557449e-07,
    "min_ent_to_contradiction": 1.6730507494849095e-06,
    "entailment_separation": 8.48861163902744
  }
}