{
  "euclidean": {
    "phd_entailment": -5.911661978472289,
    "phd_neutral": 25.112219931512552,
    "phd_contradiction": 5.563522166095451,
    "centroid_ent_to_neutral": 121.00796508789062,
    "centroid_ent_to_contradiction": 121.86750030517578,
    "centroid_neutral_to_contradiction": 142.2000274658203,
    "min_ent_to_neutral": "80.86093",
    "min_ent_to_contradiction": "80.40115",
    "entailment_separation": 0.004899005800667119
  },
  "manhattan": {
    "phd_entailment": -27.126969565981533,
    "phd_neutral": 45.50587282050398,
    "phd_contradiction": 9.222768263282102,
    "centroid_ent_to_neutral": 1441.03955078125,
    "centroid_ent_to_contradiction": 1730.3021240234375,
    "centroid_neutral_to_contradiction": 1702.917724609375,
    "min_ent_to_neutral": 1055.2116226207404,
    "min_ent_to_contradiction": 1240.4649630524923,
    "entailment_separation": 0.06396867314539822
  },
  "chebyshev": {
    "phd_entailment": -5.2298471389168775,
    "phd_neutral": 15.534518860875536,
    "phd_contradiction": 5.111253676156418,
    "centroid_ent_to_neutral": 60.81308054924011,
    "centroid_ent_to_contradiction": 34.4289984703064,
    "centroid_neutral_to_contradiction": 60.662471294403076,
    "min_ent_to_neutral": 21.7582106590271,
    "min_ent_to_contradiction": 30.176543951034546,
    "entailment_separation": 0.0019211141678276522
  },
  "cosine": {
    "phd_entailment": 4.028826590248714,
    "phd_neutral": 4.446821210947945,
    "phd_contradiction": 3.937302164128701,
    "centroid_ent_to_neutral": 0.38094085454940796,
    "centroid_ent_to_contradiction": 0.33133888244628906,
    "centroid_neutral_to_contradiction": 0.40220797061920166,
    "min_ent_to_neutral": "0.0029309988",
    "min_ent_to_contradiction": "0.002319932",
    "entailment_separation": 1.4367291309528818e-05
  },
  "minkowski_3": {
    "phd_entailment": -5.474225815895283,
    "phd_neutral": 19.46471022690009,
    "phd_contradiction": 5.288049156762868,
    "centroid_ent_to_neutral": 75.89351230197127,
    "centroid_ent_to_contradiction": 64.75681878795378,
    "centroid_neutral_to_contradiction": 83.17213380766852,
    "min_ent_to_neutral": 43.09826185131951,
    "min_ent_to_contradiction": 49.50625875765245,
    "entailment_separation": 0.002837037437108559
  },
  "minkowski_4": {
    "phd_entailment": -5.354791324558215,
    "phd_neutral": 17.74466853345898,
    "phd_contradiction": 5.205629876224168,
    "centroid_ent_to_neutral": 66.75869525512084,
    "centroid_ent_to_contradiction": 50.62209146554566,
    "centroid_neutral_to_contradiction": 69.66310767838918,
    "min_ent_to_neutral": 34.394604824556,
    "min_ent_to_contradiction": 41.30925948054187,
    "entailment_separation": 0.002367670831225226
  },
  "canberra": {
    "phd_entailment": 50.725685305000155,
    "phd_neutral": 65.75441438375474,
    "phd_contradiction": 58.29182604296451,
    "centroid_ent_to_neutral": 890.1728479165945,
    "centroid_ent_to_contradiction": 1312.8051700723609,
    "centroid_neutral_to_contradiction": 930.2404382178689,
    "min_ent_to_neutral": 1497.2158099220546,
    "min_ent_to_contradiction": 1597.9078896659662,
    "entailment_separation": 0.04443595021590084
  },
  "braycurtis": {
    "phd_entailment": 24.66831543677367,
    "phd_neutral": 31.790260018294607,
    "phd_contradiction": 29.43238715647213,
    "centroid_ent_to_neutral": 0.2582268776652997,
    "centroid_ent_to_contradiction": 0.28736998862780966,
    "centroid_neutral_to_contradiction": 0.2584839885152177,
    "min_ent_to_neutral": 0.2590256861915341,
    "min_ent_to_contradiction": 0.4942560105269729,
    "entailment_separation": 1.1005155290057764e-05
  }
}