{
  "euclidean": {
    "phd_entailment": 3.801421046715742,
    "phd_neutral": 3.658201623892881,
    "phd_contradiction": 3.460627142821399,
    "centroid_ent_to_neutral": 0.5482887029647827,
    "centroid_ent_to_contradiction": 1.3000047206878662,
    "centroid_neutral_to_contradiction": 0.8496770858764648,
    "min_ent_to_neutral": "0.010808031",
    "min_ent_to_contradiction": "0.021165758",
    "entailment_separation": 2.5207194791172918
  },
  "manhattan": {
    "phd_entailment": 3.621603169797095,
    "phd_neutral": 3.5930975731234396,
    "phd_contradiction": 3.387753538758853,
    "centroid_ent_to_neutral": 1.1271840333938599,
    "centroid_ent_to_contradiction": 2.05965518951416,
    "centroid_neutral_to_contradiction": 1.055070400238037,
    "min_ent_to_neutral": 0.020889312028884888,
    "min_ent_to_contradiction": 0.041230082511901855,
    "entailment_separation": 4.346240484978824
  },
  "chebyshev": {
    "phd_entailment": 3.8874425589633494,
    "phd_neutral": 3.6283902089035465,
    "phd_contradiction": 3.4056971109804683,
    "centroid_ent_to_neutral": 0.3551294356584549,
    "centroid_ent_to_contradiction": 1.1882482320070267,
    "centroid_neutral_to_contradiction": 0.8331187963485718,
    "min_ent_to_neutral": 0.007233381271362305,
    "min_ent_to_contradiction": 0.013420674949884415,
    "entailment_separation": 2.104872581773641
  },
  "cosine": {
    "phd_entailment": 1.6601660193531431,
    "phd_neutral": 1.5677213817194424,
    "phd_contradiction": 1.4386027143609155,
    "centroid_ent_to_neutral": 0.02970200777053833,
    "centroid_ent_to_contradiction": 0.14312869310379028,
    "centroid_neutral_to_contradiction": 0.057376861572265625,
    "min_ent_to_neutral": "1.1444092e-05",
    "min_ent_to_contradiction": "1.7642975e-05",
    "entailment_separation": 0.23570809088443068
  },
  "minkowski_3": {
    "phd_entailment": 3.8422339014589513,
    "phd_neutral": 3.682596848288151,
    "phd_contradiction": 3.4408651761743663,
    "centroid_ent_to_neutral": 0.442460644842876,
    "centroid_ent_to_contradiction": 1.2117434576725736,
    "centroid_neutral_to_contradiction": 0.8351454746668701,
    "min_ent_to_neutral": 0.009000800947763756,
    "min_ent_to_contradiction": 0.018240744991121997,
    "entailment_separation": 2.2560186874473573
  },
  "minkowski_4": {
    "phd_entailment": 3.8582937592176636,
    "phd_neutral": 3.6783807439918585,
    "phd_contradiction": 3.4293091522580434,
    "centroid_ent_to_neutral": 0.40233247734739225,
    "centroid_ent_to_contradiction": 1.194194048773698,
    "centroid_neutral_to_contradiction": 0.8334081885108834,
    "min_ent_to_neutral": 0.00832698431762148,
    "min_ent_to_contradiction": 0.016765499185560532,
    "entailment_separation": 2.1773574811340137
  },
  "canberra": {
    "phd_entailment": 3.6123637835978855,
    "phd_neutral": 3.4885335080918867,
    "phd_contradiction": 3.79339164196921,
    "centroid_ent_to_neutral": 0.8898088286511484,
    "centroid_ent_to_contradiction": 1.112065917298099,
    "centroid_neutral_to_contradiction": 0.6107830680824499,
    "min_ent_to_neutral": 0.02477007352447507,
    "min_ent_to_contradiction": 0.03688461542987875,
    "entailment_separation": 2.730175091406686
  },
  "braycurtis": {
    "phd_entailment": 3.6464149251205504,
    "phd_neutral": 3.5717067641276437,
    "phd_contradiction": 3.53921515809769,
    "centroid_ent_to_neutral": 0.1313901312733351,
    "centroid_ent_to_contradiction": 0.22201243128528092,
    "centroid_neutral_to_contradiction": 0.10843917905991243,
    "min_ent_to_neutral": 0.00263470528377624,
    "min_ent_to_contradiction": 0.005046446885534451,
    "entailment_separation": 0.48197364769658174
  }
}