{
  "euclidean": {
    "phd_entailment": 75.64507235327012,
    "phd_neutral": 124.51260683799431,
    "phd_contradiction": 47.475174520249205,
    "centroid_ent_to_neutral": 0.051668353378772736,
    "centroid_ent_to_contradiction": 0.1355709433555603,
    "centroid_neutral_to_contradiction": 0.0904407650232315,
    "min_ent_to_neutral": "0.009523644",
    "min_ent_to_contradiction": "0.035833996",
    "entailment_separation": 0.9773670224040254
  },
  "manhattan": {
    "phd_entailment": 179.03750655729897,
    "phd_neutral": 53.851142426377,
    "phd_contradiction": 21.50440829818537,
    "centroid_ent_to_neutral": 1.1642805337905884,
    "centroid_ent_to_contradiction": 2.99086594581604,
    "centroid_neutral_to_contradiction": 1.8531993627548218,
    "min_ent_to_neutral": 0.08738890845151981,
    "min_ent_to_contradiction": 0.39308427669358714,
    "entailment_separation": 21.689374043034615
  },
  "chebyshev": {
    "phd_entailment": 24.951241619362577,
    "phd_neutral": 21.190420389505917,
    "phd_contradiction": 21.598883896029335,
    "centroid_ent_to_neutral": 0.006098410114645958,
    "centroid_ent_to_contradiction": 0.023348647635430098,
    "centroid_neutral_to_contradiction": 0.018088966608047485,
    "min_ent_to_neutral": 0.0036490597994998097,
    "min_ent_to_contradiction": 0.009760126995388418,
    "entailment_separation": 0.15371016476625057
  },
  "cosine": {
    "phd_entailment": 18.399032657239573,
    "phd_neutral": 19.506238802239345,
    "phd_contradiction": 16.780227376099205,
    "centroid_ent_to_neutral": 0.01578420400619507,
    "centroid_ent_to_contradiction": 0.045640647411346436,
    "centroid_neutral_to_contradiction": 0.024573802947998047,
    "min_ent_to_neutral": "0.29050845",
    "min_ent_to_contradiction": "0.23292518",
    "entailment_separation": 0.3206304722280235
  },
  "minkowski_3": {
    "phd_entailment": 50.82780961004505,
    "phd_neutral": 59.45263141634076,
    "phd_contradiction": 38.42996114219493,
    "centroid_ent_to_neutral": 0.019885976801397764,
    "centroid_ent_to_contradiction": 0.05403819596532687,
    "centroid_neutral_to_contradiction": 0.03804048859992332,
    "min_ent_to_neutral": 0.006133394935682401,
    "min_ent_to_contradiction": 0.01813076157789534,
    "entailment_separation": 0.38587545392893013
  },
  "minkowski_4": {
    "phd_entailment": 41.803568824052896,
    "phd_neutral": 44.11808602730701,
    "phd_contradiction": 32.63343485884082,
    "centroid_ent_to_neutral": 0.01288672150670889,
    "centroid_ent_to_contradiction": 0.03651135478473978,
    "centroid_neutral_to_contradiction": 0.02681998289093928,
    "min_ent_to_neutral": 0.005480443919842005,
    "min_ent_to_contradiction": 0.013682738897024888,
    "entailment_separation": 0.257852126020121
  },
  "canberra": {
    "phd_entailment": 8.908726753390928,
    "phd_neutral": 54.16175230832198,
    "phd_contradiction": 43.68492812748952,
    "centroid_ent_to_neutral": 136.32031614933686,
    "centroid_ent_to_contradiction": 260.38055364775545,
    "centroid_neutral_to_contradiction": 138.83182394570423,
    "min_ent_to_neutral": 353.6417476873064,
    "min_ent_to_contradiction": 358.0,
    "entailment_separation": 2070.7317035525725
  },
  "braycurtis": {
    "phd_entailment": 37.96942219494281,
    "phd_neutral": 40.45100589849565,
    "phd_contradiction": 32.96028067032105,
    "centroid_ent_to_neutral": 0.18421061221240098,
    "centroid_ent_to_contradiction": 0.3668540156552234,
    "centroid_neutral_to_contradiction": 0.19916412740213996,
    "min_ent_to_neutral": 0.48585422537576683,
    "min_ent_to_contradiction": 0.5676202890965864,
    "entailment_separation": 2.8764922956068952
  }
}