{
  "euclidean": {
    "phd_entailment": 1.5301049957241672,
    "phd_neutral": 1.2613684023413918,
    "phd_contradiction": 1.045220557358436,
    "centroid_ent_to_neutral": 0.35512933135032654,
    "centroid_ent_to_contradiction": 1.1882483959197998,
    "centroid_neutral_to_contradiction": 0.8331190347671509,
    "min_ent_to_neutral": "1.2785196e-05",
    "min_ent_to_contradiction": "6.765127e-06",
    "entailment_separation": 5.133917224903767
  },
  "manhattan": {
    "phd_entailment": 1.5301049957241672,
    "phd_neutral": 1.2613736686374089,
    "phd_contradiction": 1.045220557358436,
    "centroid_ent_to_neutral": 0.35512933135032654,
    "centroid_ent_to_contradiction": 1.1882483959197998,
    "centroid_neutral_to_contradiction": 0.8331190347671509,
    "min_ent_to_neutral": 1.2785196304321289e-05,
    "min_ent_to_contradiction": 6.765127182006836e-06,
    "entailment_separation": 5.133917224903767
  },
  "chebyshev": {
    "phd_entailment": 1.5301049957241672,
    "phd_neutral": 1.2613736686374089,
    "phd_contradiction": 1.045220557358436,
    "centroid_ent_to_neutral": 0.35512933135032654,
    "centroid_ent_to_contradiction": 1.1882483661174774,
    "centroid_neutral_to_contradiction": 0.8331190347671509,
    "min_ent_to_neutral": 1.2785196304321289e-05,
    "min_ent_to_contradiction": 6.765127182006836e-06,
    "entailment_separation": 5.1339171257688285
  },
  "cosine": {
    "phd_entailment": NaN,
    "phd_neutral": NaN,
    "phd_contradiction": NaN,
    "centroid_ent_to_neutral": 0.0,
    "centroid_ent_to_contradiction": 0.0,
    "centroid_neutral_to_contradiction": 0.0,
    "min_ent_to_neutral": "0.0",
    "min_ent_to_contradiction": "0.0",
    "entailment_separation": 0.0
  },
  "minkowski_3": {
    "phd_entailment": 1.5301049957241672,
    "phd_neutral": 1.2613684023413918,
    "phd_contradiction": 1.045220557358436,
    "centroid_ent_to_neutral": 0.35512933135032654,
    "centroid_ent_to_contradiction": 1.1882483661174774,
    "centroid_neutral_to_contradiction": 0.8331190347671509,
    "min_ent_to_neutral": 1.2785196304321298e-05,
    "min_ent_to_contradiction": 6.76512718200684e-06,
    "entailment_separation": 5.1339171257688285
  },
  "minkowski_4": {
    "phd_entailment": 1.5301049957241672,
    "phd_neutral": 1.2613736686374089,
    "phd_contradiction": 1.045220557358436,
    "centroid_ent_to_neutral": 0.35512933135032654,
    "centroid_ent_to_contradiction": 1.1882483661174774,
    "centroid_neutral_to_contradiction": 0.8331190347671509,
    "min_ent_to_neutral": 1.2785196304321289e-05,
    "min_ent_to_contradiction": 6.765127182006836e-06,
    "entailment_separation": 5.1339171257688285
  },
  "canberra": {
    "phd_entailment": 1.374006808626471,
    "phd_neutral": 1.2710878878125174,
    "phd_contradiction": 1.1796068095134524,
    "centroid_ent_to_neutral": 0.43985602922116024,
    "centroid_ent_to_contradiction": 0.7243229190103552,
    "centroid_neutral_to_contradiction": 0.4174728098236894,
    "min_ent_to_neutral": 1.7764179959876697e-05,
    "min_ent_to_contradiction": 7.051591385931431e-06,
    "entailment_separation": 3.8725441281102873
  },
  "braycurtis": {
    "phd_entailment": 1.374006808626471,
    "phd_neutral": 1.2710878878125174,
    "phd_contradiction": 1.1796068095134524,
    "centroid_ent_to_neutral": 0.43985602922116024,
    "centroid_ent_to_contradiction": 0.7243229190103552,
    "centroid_neutral_to_contradiction": 0.4174728098236894,
    "min_ent_to_neutral": 1.7764179959876697e-05,
    "min_ent_to_contradiction": 7.051591385931431e-06,
    "entailment_separation": 3.8725441281102873
  }
}