{
  "euclidean": {
    "phd_entailment": 15.030089283637388,
    "phd_neutral": 25.742104809188465,
    "phd_contradiction": 28.02600065433569,
    "centroid_ent_to_neutral": 0.2657029330730438,
    "centroid_ent_to_contradiction": 0.5709059238433838,
    "centroid_neutral_to_contradiction": 0.4338686168193817,
    "min_ent_to_neutral": "2.6592615",
    "min_ent_to_contradiction": "2.957401",
    "entailment_separation": 2.3914302058473127
  },
  "manhattan": {
    "phd_entailment": 14.049992058546602,
    "phd_neutral": 24.213985107100974,
    "phd_contradiction": 25.37015621543923,
    "centroid_ent_to_neutral": 5.822638511657715,
    "centroid_ent_to_contradiction": 12.392662048339844,
    "centroid_neutral_to_contradiction": 9.40816593170166,
    "min_ent_to_neutral": 57.28260021921557,
    "min_ent_to_contradiction": 73.47499207213207,
    "entailment_separation": 52.06808367810178
  },
  "chebyshev": {
    "phd_entailment": 18.511813263642647,
    "phd_neutral": 27.14698767550993,
    "phd_contradiction": 33.076137347574985,
    "centroid_ent_to_neutral": 0.03343772143125534,
    "centroid_ent_to_contradiction": 0.08191277831792831,
    "centroid_neutral_to_contradiction": 0.06231386540457606,
    "min_ent_to_neutral": 0.254453144967556,
    "min_ent_to_contradiction": 0.3114984631538391,
    "entailment_separation": 0.3297271682928606
  },
  "cosine": {
    "phd_entailment": 7.535180775580796,
    "phd_neutral": 12.04646296114112,
    "phd_contradiction": 13.774424706783392,
    "centroid_ent_to_neutral": 0.030628681182861328,
    "centroid_ent_to_contradiction": 0.16100740432739258,
    "centroid_neutral_to_contradiction": 0.10896492004394531,
    "min_ent_to_neutral": "0.20234859",
    "min_ent_to_contradiction": "0.2603922",
    "entailment_separation": 0.5477880369432183
  },
  "minkowski_3": {
    "phd_entailment": 15.797171215336059,
    "phd_neutral": 26.77587039454182,
    "phd_contradiction": 29.9635577997173,
    "centroid_ent_to_neutral": 0.10392337095316537,
    "centroid_ent_to_contradiction": 0.22550787268374653,
    "centroid_neutral_to_contradiction": 0.17166663186680312,
    "min_ent_to_neutral": 1.018372598400304,
    "min_ent_to_contradiction": 1.0410717673580054,
    "entailment_separation": 0.9416728262797417
  },
  "minkowski_4": {
    "phd_entailment": 16.379013179167206,
    "phd_neutral": 27.369212647179715,
    "phd_contradiction": 31.28147505036333,
    "centroid_ent_to_neutral": 0.06791455661932286,
    "centroid_ent_to_contradiction": 0.14918764608165164,
    "centroid_neutral_to_contradiction": 0.11381438279223045,
    "min_ent_to_neutral": 0.6480637869593427,
    "min_ent_to_contradiction": 0.6485674154853555,
    "entailment_separation": 0.6205824394552877
  },
  "canberra": {
    "phd_entailment": 23.098521999998237,
    "phd_neutral": 38.749387565261394,
    "phd_contradiction": 42.6754611957568,
    "centroid_ent_to_neutral": 245.13395728275714,
    "centroid_ent_to_contradiction": 427.77886437066167,
    "centroid_neutral_to_contradiction": 399.6419833762496,
    "min_ent_to_neutral": 427.40798882439236,
    "min_ent_to_contradiction": 503.77312646648335,
    "entailment_separation": 1923.508261118832
  },
  "braycurtis": {
    "phd_entailment": 10.653934183551161,
    "phd_neutral": 16.645874313361848,
    "phd_contradiction": 17.941206876905746,
    "centroid_ent_to_neutral": 0.09540166364778188,
    "centroid_ent_to_contradiction": 0.21868599049228832,
    "centroid_neutral_to_contradiction": 0.1740051852502473,
    "min_ent_to_neutral": 0.2375265252853733,
    "min_ent_to_contradiction": 0.34167018762302986,
    "entailment_separation": 0.8978134730281968
  }
}