{
  "euclidean": {
    "phd_entailment": 15.215580127109186,
    "phd_neutral": 19.496182027703117,
    "phd_contradiction": 18.271197778579772,
    "centroid_ent_to_neutral": 0.012175509706139565,
    "centroid_ent_to_contradiction": 0.0245625302195549,
    "centroid_neutral_to_contradiction": 0.017579523846507072,
    "min_ent_to_neutral": "0.042575836",
    "min_ent_to_contradiction": "0.042022143",
    "entailment_separation": 1.4526291454179097
  },
  "manhattan": {
    "phd_entailment": 14.643311905092315,
    "phd_neutral": 18.963877207773592,
    "phd_contradiction": 17.728825368248096,
    "centroid_ent_to_neutral": 0.05398028343915939,
    "centroid_ent_to_contradiction": 0.11641141027212143,
    "centroid_neutral_to_contradiction": 0.07697418332099915,
    "min_ent_to_neutral": 0.1808926297526341,
    "min_ent_to_contradiction": 0.25364051614087657,
    "entailment_separation": 6.737320252325607
  },
  "chebyshev": {
    "phd_entailment": 14.333905710671086,
    "phd_neutral": 17.890299400637,
    "phd_contradiction": 15.212244685315188,
    "centroid_ent_to_neutral": 0.004631500691175461,
    "centroid_ent_to_contradiction": 0.009353559464216232,
    "centroid_neutral_to_contradiction": 0.008324618451297283,
    "min_ent_to_neutral": 0.01293932949192822,
    "min_ent_to_contradiction": 0.011859915684908628,
    "entailment_separation": 0.5529719610309524
  },
  "cosine": {
    "phd_entailment": 7.964113224950898,
    "phd_neutral": 8.704131673184714,
    "phd_contradiction": 9.537840924295237,
    "centroid_ent_to_neutral": 0.0022746920585632324,
    "centroid_ent_to_contradiction": 0.012218236923217773,
    "centroid_neutral_to_contradiction": 0.007018685340881348,
    "min_ent_to_neutral": "0.023055255",
    "min_ent_to_contradiction": "0.038050234",
    "entailment_separation": 0.5730531918411549
  },
  "minkowski_3": {
    "phd_entailment": 15.16094244298176,
    "phd_neutral": 19.5970718268188,
    "phd_contradiction": 18.200620540817997,
    "centroid_ent_to_neutral": 0.007941082884003307,
    "centroid_ent_to_contradiction": 0.015316836898898161,
    "centroid_neutral_to_contradiction": 0.011636402326966172,
    "min_ent_to_neutral": 0.025227692456937626,
    "min_ent_to_contradiction": 0.02455791632729036,
    "entailment_separation": 0.9196226093381002
  },
  "minkowski_4": {
    "phd_entailment": 15.063122897214908,
    "phd_neutral": 19.459760214759353,
    "phd_contradiction": 17.72895589306554,
    "centroid_ent_to_neutral": 0.00658630867060349,
    "centroid_ent_to_contradiction": 0.0124160800609384,
    "centroid_neutral_to_contradiction": 0.009896252711634093,
    "min_ent_to_neutral": 0.020178256864226037,
    "min_ent_to_contradiction": 0.019199582769793836,
    "entailment_separation": 0.7513580953101656
  },
  "canberra": {
    "phd_entailment": 16.222088384631544,
    "phd_neutral": 24.975776424146627,
    "phd_contradiction": 22.43008422665279,
    "centroid_ent_to_neutral": 2.5408991648235615,
    "centroid_ent_to_contradiction": 6.317200516256766,
    "centroid_neutral_to_contradiction": 4.689054755315396,
    "min_ent_to_neutral": 8.461515667258773,
    "min_ent_to_contradiction": 10.350400160473026,
    "entailment_separation": 350.25096046985516
  },
  "braycurtis": {
    "phd_entailment": 14.101117662832179,
    "phd_neutral": 17.12885501311326,
    "phd_contradiction": 17.70044342665641,
    "centroid_ent_to_neutral": 0.02973781559076866,
    "centroid_ent_to_contradiction": 0.06289921289345252,
    "centroid_neutral_to_contradiction": 0.0404379351453652,
    "min_ent_to_neutral": 0.09117099709663455,
    "min_ent_to_contradiction": 0.14174257639801896,
    "entailment_separation": 3.6628858750565203
  }
}