{
  "euclidean": {
    "phd_entailment": -5.911755595709566,
    "phd_neutral": 25.104666469389564,
    "phd_contradiction": 5.563670646641955,
    "centroid_ent_to_neutral": 121.00756072998047,
    "centroid_ent_to_contradiction": 121.86544036865234,
    "centroid_neutral_to_contradiction": 142.19912719726562,
    "min_ent_to_neutral": "80.81713",
    "min_ent_to_contradiction": "80.358376",
    "entailment_separation": 0.00489895609374137
  },
  "manhattan": {
    "phd_entailment": -25.648299457149047,
    "phd_neutral": 45.67981987551839,
    "phd_contradiction": 9.150437674949266,
    "centroid_ent_to_neutral": 1429.900390625,
    "centroid_ent_to_contradiction": 1704.3316650390625,
    "centroid_neutral_to_contradiction": 1685.3143310546875,
    "min_ent_to_neutral": 1021.3712863158435,
    "min_ent_to_contradiction": 1168.1279143251595,
    "entailment_separation": 0.0632201403978181
  },
  "chebyshev": {
    "phd_entailment": -5.2298471389168775,
    "phd_neutral": 15.534518860875536,
    "phd_contradiction": 5.111253676156418,
    "centroid_ent_to_neutral": 60.81308054924011,
    "centroid_ent_to_contradiction": 34.4289984703064,
    "centroid_neutral_to_contradiction": 60.662471294403076,
    "min_ent_to_neutral": 21.7582106590271,
    "min_ent_to_contradiction": 30.176543951034546,
    "entailment_separation": 0.0019211141678276522
  },
  "cosine": {
    "phd_entailment": 4.028031297466327,
    "phd_neutral": 4.446087213193306,
    "phd_contradiction": 3.9366930659521313,
    "centroid_ent_to_neutral": 0.3809470534324646,
    "centroid_ent_to_contradiction": 0.3313330411911011,
    "centroid_neutral_to_contradiction": 0.4022102952003479,
    "min_ent_to_neutral": "0.0029305816",
    "min_ent_to_contradiction": "0.0023197532",
    "entailment_separation": 1.4367298523188707e-05
  },
  "minkowski_3": {
    "phd_entailment": -5.474225815895283,
    "phd_neutral": 19.46401920806593,
    "phd_contradiction": 5.288049156762868,
    "centroid_ent_to_neutral": 75.89351222772446,
    "centroid_ent_to_contradiction": 64.75681766808356,
    "centroid_neutral_to_contradiction": 83.17213353407388,
    "min_ent_to_neutral": 43.09782748100363,
    "min_ent_to_contradiction": 49.50611001030586,
    "entailment_separation": 0.0028370374130221973
  },
  "minkowski_4": {
    "phd_entailment": -5.354791324558215,
    "phd_neutral": 17.74466853345898,
    "phd_contradiction": 5.205629876224168,
    "centroid_ent_to_neutral": 66.75869525510207,
    "centroid_ent_to_contradiction": 50.62209146450846,
    "centroid_neutral_to_contradiction": 69.6631076782606,
    "min_ent_to_neutral": 34.394601506446776,
    "min_ent_to_contradiction": 41.30925782887659,
    "entailment_separation": 0.002367670831203926
  },
  "canberra": {
    "phd_entailment": 21.953787670636068,
    "phd_neutral": 37.40866422677645,
    "phd_contradiction": 41.498233165185866,
    "centroid_ent_to_neutral": 147.68795203873228,
    "centroid_ent_to_contradiction": 170.04717900790308,
    "centroid_neutral_to_contradiction": 141.04353846447563,
    "min_ent_to_neutral": 269.4654440602441,
    "min_ent_to_contradiction": 286.0576687067474,
    "entailment_separation": 0.006408989263506035
  },
  "braycurtis": {
    "phd_entailment": 24.214034305213957,
    "phd_neutral": 30.953913884654,
    "phd_contradiction": 28.529664689684928,
    "centroid_ent_to_neutral": 0.2584650426053529,
    "centroid_ent_to_contradiction": 0.2854061817802565,
    "centroid_neutral_to_contradiction": 0.2577753824605059,
    "min_ent_to_neutral": 0.2511196814653525,
    "min_ent_to_contradiction": 0.47925969358069687,
    "entailment_separation": 1.0970347617322953e-05
  }
}