{
  "timestamp": "20250709_162701",
  "experimental_design": "fixed_samples_across_combinations",
  "samples_per_class": 10,
  "points_per_sample": 1000,
  "total_samples": 30,
  "successful_combinations": 0,
  "total_combinations": 6,
  "results": [
    {
      "embedding_space": "lattice_enhanced",
      "distance_metric": "euclidean",
      "clustering_accuracy": 0.3333333333333333,
      "silhouette_score": 0.0,
      "adjusted_rand_score": 0.0,
      "num_samples": 30,
      "success": false,
      "ph_dim_values": {
        "entailment": [
          190.24067792539032,
          99.92370243580677,
          -4.4379456928753624,
          9.878119923297595,
          -2.1404802658089825,
          10.75707856216166,
          12.29921869407694,
          3.6831390733561293,
          4.316804559398257,
          23.162230271656266
        ],
        "neutral": [
          9.701431554513972,
          8.317003222203244,
          -12.263799385285546,
          -14.247824752380788,
          -14.528188456575737,
          3.600028053684166,
          7.717243978088161,
          -2.819132864009048,
          -44.37525785190901,
          -14.871964201387009
        ],
        "contradiction": [
          11.091665460489484,
          -3.638655025394821,
          -1.3861775780792573,
          -53.23475997250054,
          2.756488334163336,
          -13.484170065353755,
          2.971226585709541,
          -38.56247644384596,
          2.667216308704729,
          5.038313928337437
        ]
      },
      "ph_dim_stats": {
        "entailment": {
          "mean": 34.76825454864596,
          "std": 59.19921926785,
          "min": -4.4379456928753624,
          "max": 190.24067792539032
        },
        "neutral": {
          "mean": -7.377046070305761,
          "std": 15.666378554976014,
          "min": -44.37525785190901,
          "max": 9.701431554513972
        },
        "contradiction": {
          "mean": -8.578132846776981,
          "std": 19.884906025905384,
          "min": -53.23475997250054,
          "max": 11.091665460489484
        }
      }
    },
    {
      "embedding_space": "lattice_enhanced",
      "distance_metric": "manhattan",
      "clustering_accuracy": 0.3333333333333333,
      "silhouette_score": 0.0,
      "adjusted_rand_score": 0.0,
      "num_samples": 30,
      "success": false,
      "ph_dim_values": {
        "entailment": [
          25.06788886833803,
          116.25964366925723,
          -12.01752611040574,
          7.968355828933025,
          -4.381639985853613,
          17.84339548066911,
          27.191765466826357,
          6.311177707384168,
          9.008845434355694,
          34.29506668728523
        ],
        "neutral": [
          20.321103691080758,
          14.557494382128292,
          -178.8351335240199,
          -56.68763189154462,
          -42.60695528115362,
          7.324352716879692,
          15.228299335832915,
          -7.647201702142591,
          61.42453093672055,
          -45.039159672280384
        ],
        "contradiction": [
          13.788665465473466,
          -8.766487844902388,
          -2.7691222333458523,
          98.1719215777743,
          3.8503217181607448,
          -84.95593706912966,
          5.167800871974266,
          39.48511900596079,
          4.965389631756257,
          9.325374565328335
        ]
      },
      "ph_dim_stats": {
        "entailment": {
          "mean": 22.754697304678945,
          "std": 33.98378500435299,
          "min": -12.01752611040574,
          "max": 116.25964366925723
        },
        "neutral": {
          "mean": -21.196030100849892,
          "std": 62.68055683379103,
          "min": -178.8351335240199,
          "max": 61.42453093672055
        },
        "contradiction": {
          "mean": 7.826304568905026,
          "std": 42.69613227329866,
          "min": -84.95593706912966,
          "max": 98.1719215777743
        }
      }
    },
    {
      "embedding_space": "lattice_enhanced",
      "distance_metric": "chebyshev",
      "clustering_accuracy": 0.7,
      "silhouette_score": 0.9999903940106818,
      "adjusted_rand_score": 0.40442338072669826,
      "num_samples": 30,
      "success": false,
      "ph_dim_values": {
        "entailment": [
          -1342.63796837383,
          43.06399716479743,
          -4.15530306299707,
          10.479336654895592,
          -2.0256603818719396,
          8.708174703745431,
          9.935314557765862,
          3.421035585030475,
          3.906450252791231,
          19.572204745511357
        ],
        "neutral": [
          8.14079858246041,
          7.585069732014026,
          -12.113804079382518,
          -13.699509845235232,
          -15.294305555832544,
          3.2778923968113123,
          6.921837860670811,
          -2.5611913017898056,
          -44.48069253592418,
          -15.253863357653525
        ],
        "contradiction": [
          10.394218406581365,
          -3.387608992210434,
          -1.3113287343347004,
          -41.90917374968057,
          2.6759914455337372,
          -12.496096783227815,
          2.759006428569941,
          -37.75442415957172,
          2.4760077734854584,
          4.574066324168153
        ]
      },
      "ph_dim_stats": {
        "entailment": {
          "mean": -124.97324181541617,
          "std": 406.0866747913812,
          "min": -1342.63796837383,
          "max": 43.06399716479743
        },
        "neutral": {
          "mean": -7.747776810386125,
          "std": 15.389251137404008,
          "min": -44.48069253592418,
          "max": 8.14079858246041
        },
        "contradiction": {
          "mean": -7.397934204068657,
          "std": 17.186315823582714,
          "min": -41.90917374968057,
          "max": 10.394218406581365
        }
      }
    },
    {
      "embedding_space": "lattice_enhanced",
      "distance_metric": "minkowski_3",
      "clustering_accuracy": 0.5,
      "silhouette_score": 0.9533954037714605,
      "adjusted_rand_score": 0.15482695810564662,
      "num_samples": 30,
      "success": false,
      "ph_dim_values": {
        "entailment": [
          914.2721883204298,
          61.849479037259584,
          -4.248687015093369,
          10.22054001046311,
          -2.0671900919064368,
          9.574535482817815,
          10.926412744862557,
          3.528002079860828,
          4.065356188170156,
          20.72539889873396
        ],
        "neutral": [
          8.77951930814735,
          7.857968530897998,
          -11.934126671794733,
          -13.895879217194096,
          -14.578070026457201,
          3.400242078094998,
          7.24333020089657,
          -2.653950639785694,
          -43.162259476507316,
          -14.950370634025223
        ],
        "contradiction": [
          10.688924453344937,
          -3.4728916037904356,
          -1.3362886477279534,
          -46.585823197914436,
          2.7060761996486296,
          -12.793848880903756,
          2.841059361007612,
          -36.64765440434828,
          2.550694941359387,
          4.765128946839742
        ]
      },
      "ph_dim_stats": {
        "entailment": {
          "mean": 102.88460356555981,
          "std": 271.0466628172397,
          "min": -4.248687015093369,
          "max": 914.2721883204298
        },
        "neutral": {
          "mean": -7.3893596547727345,
          "std": 15.160492702322772,
          "min": -43.162259476507316,
          "max": 8.77951930814735
        },
        "contradiction": {
          "mean": -7.728462283248457,
          "std": 18.03437686083263,
          "min": -46.585823197914436,
          "max": 10.688924453344937
        }
      }
    },
    {
      "embedding_space": "lattice_enhanced",
      "distance_metric": "minkowski_4",
      "clustering_accuracy": 0.5666666666666667,
      "silhouette_score": 0.9665024331176963,
      "adjusted_rand_score": 0.29310602661881263,
      "num_samples": 30,