{
  "timestamp": "20250730_161849",
  "experimental_design": "fixed_samples_across_combinations",
  "samples_per_class": 10,
  "points_per_sample": 1000,
  "total_samples": 30,
  "successful_combinations": 6,
  "total_combinations": 8,
  "results": [
    {
      "embedding_space": "sbert_concat",
      "distance_metric": "euclidean",
      "clustering_accuracy": 1.0,
      "silhouette_score": 0.6745676710801868,
      "adjusted_rand_score": 1.0,
      "num_samples": 30,
      "success": true,
      "ph_dim_values": {
        "entailment": [
          31.848800655882194,
          38.41258026160137,
          31.26758312239876,
          28.648385032256854,
          32.00945817249436,
          34.29102713760378,
          33.29165678894388,
          29.03376990342699,
          34.72480885914007,
          37.04398462171048
        ],
        "neutral": [
          35.13300029501438,
          32.96863028693936,
          39.56934971198942,
          42.99797451857903,
          34.646859039952226,
          36.17677487839487,
          36.447847873300766,
          35.41475048247567,
          37.42179271262603,
          41.056660563936006
        ],
        "contradiction": [
          32.486978662222505,
          39.666473345755776,
          43.014915760091185,
          36.19746245717564,
          43.630354261560775,
          35.7639015540471,
          37.25956553528169,
          40.85935660313645,
          36.547942551986274,
          41.10268012181471
        ]
      },
      "ph_dim_stats": {
        "entailment": {
          "mean": 33.057205455545876,
          "std": 3.005314088523541,
          "min": 28.648385032256854,
          "max": 38.41258026160137
        },
        "neutral": {
          "mean": 37.18336403632078,
          "std": 2.9605054676120424,
          "min": 32.96863028693936,
          "max": 42.99797451857903
        },
        "contradiction": {
          "mean": 38.652963085307206,
          "std": 3.383278513084831,
          "min": 32.486978662222505,
          "max": 43.630354261560775
        }
      }
    },
    {
      "embedding_space": "sbert_concat",
      "distance_metric": "manhattan",
      "clustering_accuracy": 0.3333333333333333,
      "silhouette_score": 0.0,
      "adjusted_rand_score": 0.0,
      "num_samples": 30,
      "success": false,
      "ph_dim_values": {
        "entailment": [
          36.30115193416855,
          36.525836577140176,
          34.36803515479983,
          39.449742186271784,
          32.56736138920548,
          37.56353538275059,
          33.698164923162906,
          34.45947761933827,
          38.81756177691001,
          31.252060047986816
        ],
        "neutral": [
          38.79506670393592,
          48.26412293750427,
          39.02950335797438,
          42.001788406238,
          33.567694949718835,
          45.11211065770253,
          37.60918533281262,
          36.81565136635567,
          40.702755774914166,
          37.37469016235902
        ],
        "contradiction": [
          36.3602847607145,
          37.3896631668384,
          31.270006470775485,
          37.721322816717596,
          37.91055429741046,
          42.25734084583546,
          33.97168432004369,
          37.73342203536777,
          30.38752175000462,
          38.936773455182404
        ]
      },
      "ph_dim_stats": {
        "entailment": {
          "mean": 35.50029269917344,
          "std": 2.5458799253375184,
          "min": 31.252060047986816,
          "max": 39.449742186271784
        },
        "neutral": {
          "mean": 39.92725696495154,
          "std": 4.066867459001931,
          "min": 33.567694949718835,
          "max": 48.26412293750427
        },
        "contradiction": {
          "mean": 36.393857391889036,
          "std": 3.40431230160773,
          "min": 30.38752175000462,
          "max": 42.25734084583546
        }
      }
    },
    {
      "embedding_space": "sbert_concat",
      "distance_metric": "chebyshev",
      "clustering_accuracy": 0.8,
      "silhouette_score": 0.3319375280800775,
      "adjusted_rand_score": 0.4929136756856249,
      "num_samples": 30,
      "success": true,
      "ph_dim_values": {
        "entailment": [
          30.637418034128473,
          33.12183299130509,
          30.789109478848882,
          29.47307443164393,
          27.299270712984363,
          34.46043351471516,
          29.691702510007666,
          29.912626146002957,
          29.63722410822945,
          35.699661208619226
        ],
        "neutral": [
          32.16172324345044,
          32.41282585321521,
          35.70781969911844,
          30.27764356422242,
          29.96813510276048,
          34.12033666427909,
          31.331862147336967,
          33.477073595799254,
          39.997241467489104,
          32.85790442727206
        ],
        "contradiction": [
          29.628948412607688,
          36.649458197947006,
          34.18820885498151,
          32.33631504081144,
          32.28189857004534,
          29.205921549962728,
          33.718120557373815,
          30.749058829852405,
          33.069082823837675,
          35.902929047980976
        ]
      },
      "ph_dim_stats": {
        "entailment": {
          "mean": 31.07223531364852,
          "std": 2.438553530599749,
          "min": 27.299270712984363,
          "max": 35.699661208619226
        },
        "neutral": {
          "mean": 33.231256576494346,
          "std": 2.7873897979603344,
          "min": 29.96813510276048,
          "max": 39.997241467489104
        },
        "contradiction": {
          "mean": 32.77299418854006,
          "std": 2.344023022422266,
          "min": 29.205921549962728,
          "max": 36.649458197947006
        }
      }
    },
    {
      "embedding_space": "sbert_concat",
      "distance_metric": "cosine",
      "clustering_accuracy": 1.0,
      "silhouette_score": 0.5629172898806029,
      "adjusted_rand_score": 1.0,
      "num_samples": 30,
      "success": true,
      "ph_dim_values": {
        "entailment": [
          14.744532731491644,
          16.293118192838815,
          15.203150525182007,
          14.511291219971794,
          16.438411595282187,
          14.180135042135095,
          14.635869413111019,
          14.914958498058436,
          14.182869813586116,
          14.934971448092204
        ],
        "neutral": [
          16.263499522512063,
          16.159571868229985,
          16.392141152142745,
          19.156306546793907,
          16.255864230830444,
          17.002807417793235,
          17.21144160645563,
          16.634574170677663,
          15.711419463621192,
          15.60876241696583
        ],
        "contradiction": [
          16.360166322470757,
          16.712905649526107,
          18.12295049229553,
          16.185125636338583,
          16.232060108932842,
          17.25474574975713,
          16.314218155426893,
          17.998136517936246,
          16.040518983734664,
          16.16055294129786
        ]
      },
      "ph_dim_stats": {
        "entailment": {
          "mean": 15.003930847974932,
          "std": 0.7463464436761174,
          "min": 14.180135042135095,
          "max": 16.438411595282187
        },
        "neutral": {
          "mean": 16.639638839602267,
          "std": 0.9642236445375504,
          "min": 15.60876241696583,
          "max": 19.156306546793907
        },
        "contradiction": {
          "mean": 16.738138055771664,
          "std": 0.7401085774638964,
          "min": 16.040518983734664,
          "max": 18.12295049229553
        }
      }
    },
    {
      "embedding_space": "sbert_concat",
      "distance_metric": "minkowski_3",
      "clustering_accuracy": 1.0,
      "silhouette_score": 0.5910373934419317,
      "adjusted_rand_score": 1.0,
      "num_samples": 30,
      "success": true,