{
  "timestamp": "20250819_114703",
  "experimental_design": "fixed_samples_across_combinations",
  "samples_per_class": 10,
  "points_per_sample": 1000,
  "total_samples": 30,
  "successful_combinations": 1,
  "total_combinations": 2,
  "results": [
    {
      "embedding_space": "lattice_containment",
      "distance_metric": "euclidean",
      "clustering_accuracy": 0.6,
      "silhouette_score": 0.6736207355491658,
      "adjusted_rand_score": 0.23938960419647115,
      "num_samples": 30,
      "success": false,
      "ph_dim_values": {
        "entailment": [
          26.399256800456538,
          28.064044266956955,
          26.95458653064373,
          30.19713798441762,
          25.370672180821376,
          26.643042873688266,
          25.16437252308703,
          28.522336795015892,
          29.021368934068022,
          26.04759819248473
        ],
        "neutral": [
          37.77755463460404,
          38.51637358986931,
          38.470617574304974,
          35.71632297024509,
          34.9540703458867,
          35.394942220930226,
          34.42100957581887,
          35.50366889073286,
          36.130357842981994,
          37.29671335041333
        ],
        "contradiction": [
          44.93717055485147,
          46.63712923274723,
          55.28002594088131,
          50.3285724684353,
          54.49466090458865,
          47.24973812814668,
          49.878575067707274,
          57.89552703540437,
          63.1327982045142,
          49.29095236306817
        ]
      },
      "ph_dim_stats": {
        "entailment": {
          "mean": 27.238441708164014,
          "std": 1.5687720816272115,
          "min": 25.16437252308703,
          "max": 30.19713798441762
        },
        "neutral": {
          "mean": 36.418163099578734,
          "std": 1.4080388619420907,
          "min": 34.42100957581887,
          "max": 38.51637358986931
        },
        "contradiction": {
          "mean": 51.91251499003447,
          "std": 5.398553372378156,
          "min": 44.93717055485147,
          "max": 63.1327982045142
        }
      }
    },
    {
      "embedding_space": "lattice_containment",
      "distance_metric": "braycurtis",
      "clustering_accuracy": 1.0,
      "silhouette_score": 0.8658768891405736,
      "adjusted_rand_score": 1.0,
      "num_samples": 30,
      "success": true,
      "ph_dim_values": {
        "entailment": [
          26.570065302207265,
          23.061434010424573,
          25.70220886111586,
          22.628953271111204,
          24.49389591357412,
          27.980387115882703,
          27.37885781047214,
          28.801671891297378,
          22.89148293658134,
          22.406497917060616
        ],
        "neutral": [
          27.39329738898808,
          32.291622043710724,
          30.11918686528153,
          33.45514448990953,
          31.96114829995827,
          35.32304710604757,
          28.735477386375823,
          44.83644561960385,
          33.82878505062473,
          33.16656499063547
        ],
        "contradiction": [
          41.35738082285889,
          35.34768190105354,
          34.82067999711316,
          36.63218812075311,
          32.21824769312624,
          41.231450731520255,
          38.05223627691666,
          35.50147384340505,
          31.697563538121273,
          29.679278195179506
        ]
      },
      "ph_dim_stats": {
        "entailment": {
          "mean": 25.19154550297272,
          "std": 2.2889697649057528,
          "min": 22.406497917060616,
          "max": 28.801671891297378
        },
        "neutral": {
          "mean": 33.11107192411356,
          "std": 4.536493931371166,
          "min": 27.39329738898808,
          "max": 44.83644561960385
        },
        "contradiction": {
          "mean": 35.65381811200477,
          "std": 3.6648533347356205,
          "min": 29.679278195179506,
          "max": 41.35738082285889
        }
      }
    }
  ]
}
