{
  "timestamp": "20250819_115015",
  "experimental_design": "fixed_samples_across_combinations",
  "samples_per_class": 10,
  "points_per_sample": 1000,
  "total_samples": 30,
  "successful_combinations": 1,
  "total_combinations": 1,
  "results": [
    {
      "embedding_space": "sbert_concat",
      "distance_metric": "braycurtis",
      "clustering_accuracy": 1.0,
      "silhouette_score": 0.653555777337749,
      "adjusted_rand_score": 1.0,
      "num_samples": 30,
      "success": true,
      "ph_dim_values": {
        "entailment": [
          10.778059798391073,
          11.44877470760817,
          11.60771370998894,
          11.6963392994944,
          11.514969168411179,
          11.523744056146972,
          11.197546888523435,
          11.14632320151685,
          11.182635030781418,
          10.784435245510013
        ],
        "neutral": [
          13.236625874653189,
          14.415994978509236,
          13.959016241861184,
          14.728452121762603,
          13.942628704333321,
          13.241489253965625,
          13.53853047936899,
          12.741632264188768,
          12.798232911042327,
          15.085756926290395
        ],
        "contradiction": [
          14.324727711546558,
          15.021549089132101,
          15.919017142180726,
          15.76664590481837,
          16.024928920130876,
          15.234873289580904,
          15.885635048789075,
          16.54153393792224,
          15.775430939150098,
          15.501474225890322
        ]
      },
      "ph_dim_stats": {
        "entailment": {
          "mean": 11.288054110637244,
          "std": 0.30900953207553555,
          "min": 10.778059798391073,
          "max": 11.6963392994944
        },
        "neutral": {
          "mean": 13.768835975597565,
          "std": 0.758414906977295,
          "min": 12.741632264188768,
          "max": 15.085756926290395
        },
        "contradiction": {
          "mean": 15.599581620914126,
          "std": 0.5842007267989857,
          "min": 14.324727711546558,
          "max": 16.54153393792224
        }
      }
    }
  ]
}