{
  "summary": {
    "validation_accuracy": {
      "mean": 60.0,
      "std": 1.6098361061120428,
      "min": 57.07070707070707,
      "max": 61.61616161616161,
      "values": [
        57.07070707070707,
        61.61616161616161,
        60.60606060606061,
        59.59595959595959,
        61.111111111111114
      ]
    },
    "validation_f1_macro": {
      "mean": 0.5800722229174387,
      "std": 0.01611898914783102,
      "min": 0.5550691003366159,
      "max": 0.5994078634797021,
      "values": [
        0.5550691003366159,
        0.5994078634797021,
        0.5955071565504418,
        0.5778481201304314,
        0.572528874090002
      ]
    },
    "training_accuracy": {
      "mean": 63.78787878787879,
      "std": 0.9495755392405651,
      "values": [
        65.15151515151516,
        64.64646464646465,
        63.25757575757576,
        62.62626262626263,
        63.25757575757576
      ]
    },
    "training_time_seconds": {
      "mean": 6.554429388046264,
      "total": 32.77214694023132,
      "values": [
        8.632215976715088,
        6.018672943115234,
        5.907937049865723,
        5.083698987960815,
        7.129621982574463
      ]
    },
    "epochs_trained": {
      "mean": 46.6,
      "values": [
        47,
        50,
        47,
        40,
        49
      ]
    }
  },
  "fold_results": [
    {
      "fold": 0,
      "train_accuracy": 65.15151515151516,
      "val_accuracy": 57.07070707070707,
      "train_f1_macro": 0.6390038012420006,
      "val_f1_macro": 0.5550691003366159,
      "train_loss": 0.8040757536888122,
      "val_loss": 0.7693878497396197,
      "epochs_trained": 47,
      "training_time": 8.632215976715088,
      "val_f1_per_class": [
        0.8000000000000002,
        0.5100671140939598,
        0.3551401869158879
      ],
      "confusion_matrix": [
        [
          56,
          4,
          6
        ],
        [
          12,
          38,
          16
        ],
        [
          6,
          41,
          19
        ]
      ],
      "classification_report": "               precision    recall  f1-score   support\n\n   entailment       0.76      0.85      0.80        66\n      neutral       0.46      0.58      0.51        66\ncontradiction       0.46      0.29      0.36        66\n\n     accuracy                           0.57       198\n    macro avg       0.56      0.57      0.56       198\n weighted avg       0.56      0.57      0.56       198\n"
    },
    {
      "fold": 1,
      "train_accuracy": 64.64646464646465,
      "val_accuracy": 61.61616161616161,
      "train_f1_macro": 0.6341045856966309,
      "val_f1_macro": 0.5994078634797021,
      "train_loss": 0.8115282917022705,
      "val_loss": 0.7356023362704686,
      "epochs_trained": 50,
      "training_time": 6.018672943115234,
      "val_f1_per_class": [
        0.794701986754967,
        0.4672897196261682,
        0.5362318840579711
      ],
      "confusion_matrix": [
        [
          60,
          0,
          6
        ],
        [
          12,
          25,
          29
        ],
        [
          13,
          16,
          37
        ]
      ],
      "classification_report": "               precision    recall  f1-score   support\n\n   entailment       0.71      0.91      0.79        66\n      neutral       0.61      0.38      0.47        66\ncontradiction       0.51      0.56      0.54        66\n\n     accuracy                           0.62       198\n    macro avg       0.61      0.62      0.60       198\n weighted avg       0.61      0.62      0.60       198\n"
    },
    {
      "fold": 2,
      "train_accuracy": 63.25757575757576,
      "val_accuracy": 60.60606060606061,
      "train_f1_macro": 0.6091623338365723,
      "val_f1_macro": 0.5955071565504418,
      "train_loss": 0.7907675385475159,
      "val_loss": 0.7975064856665475,
      "epochs_trained": 47,
      "training_time": 5.907937049865723,
      "val_f1_per_class": [
        0.7941176470588236,
        0.4339622641509434,
        0.5584415584415584
      ],
      "confusion_matrix": [
        [
          54,
          3,
          9
        ],
        [
          7,
          23,
          36
        ],
        [
          9,
          14,
          43
        ]
      ],
      "classification_report": "               precision    recall  f1-score   support\n\n   entailment       0.77      0.82      0.79        66\n      neutral       0.57      0.35      0.43        66\ncontradiction       0.49      0.65      0.56        66\n\n     accuracy                           0.61       198\n    macro avg       0.61      0.61      0.60       198\n weighted avg       0.61      0.61      0.60       198\n"
    },
    {
      "fold": 3,
      "train_accuracy": 62.62626262626263,
      "val_accuracy": 59.59595959595959,
      "train_f1_macro": 0.6154861680922005,
      "val_f1_macro": 0.5778481201304314,
      "train_loss": 0.8090187335014343,
      "val_loss": 0.8191690444946289,
      "epochs_trained": 40,
      "training_time": 5.083698987960815,
      "val_f1_per_class": [
        0.7894736842105263,
        0.4403669724770642,
        0.5037037037037038
      ],
      "confusion_matrix": [
        [
          60,
          1,
          5
        ],
        [
          12,
          24,
          30
        ],
        [
          14,
          18,
          34
        ]
      ],
      "classification_report": "               precision    recall  f1-score   support\n\n   entailment       0.70      0.91      0.79        66\n      neutral       0.56      0.36      0.44        66\ncontradiction       0.49      0.52      0.50        66\n\n     accuracy                           0.60       198\n    macro avg       0.58      0.60      0.58       198\n weighted avg       0.58      0.60      0.58       198\n"
    },
    {
      "fold": 4,
      "train_accuracy": 63.25757575757576,
      "val_accuracy": 61.111111111111114,
      "train_f1_macro": 0.6006173998769251,
      "val_f1_macro": 0.572528874090002,
      "train_loss": 0.7907706260681152,
      "val_loss": 0.7932848419461932,
      "epochs_trained": 49,
      "training_time": 7.129621982574463,
      "val_f1_per_class": [
        0.7945205479452054,
        0.3218390804597701,
        0.6012269938650306
      ],
      "confusion_matrix": [
        [
          58,
          0,
          8
        ],
        [
          12,
          14,
          40
        ],
        [
          10,
          7,
          49
        ]
      ],
      "classification_report": "               precision    recall  f1-score   support\n\n   entailment       0.72      0.88      0.79        66\n      neutral       0.67      0.21      0.32        66\ncontradiction       0.51      0.74      0.60        66\n\n     accuracy                           0.61       198\n    macro avg       0.63      0.61      0.57       198\n weighted avg       0.63      0.61      0.57       198\n"
    }
  ],
  "config": {
    "learning_rate": 0.0005,
    "batch_size": 32,
    "dropout_rate": 0.3,
    "weight_decay": 0.001,
    "max_epochs": 50,
    "patience": 15,
    "min_delta": 0.0001,
    "use_scheduler": true,
    "scheduler_patience": 5,
    "scheduler_factor": 0.5,
    "min_lr": 1e-06,
    "gradient_clip_norm": 1.0,
    "use_class_weights": true,
    "n_folds": 5,
    "random_seed": 42
  }
}