{
  "euclidean": {
    "phd_entailment": 15.02505027460224,
    "phd_neutral": 17.56462269905763,
    "phd_contradiction": 18.893406856367132,
    "surface_quality": 0.5290938371492597,
    "separation_ratio": 1.257460475077665,
    "entailment_simplicity": 1.0,
    "class_distinctiveness": 0.6666666666666666,
    "overall_separation": 0.35933527504392915,
    "min_max_diff": 3.8683565817648926,
    "std_dev": 1.6048287578933882,
    "centroid_ent_to_neutral": 0.01217550691217184,
    "centroid_ent_to_contradiction": 0.0245625302195549,
    "centroid_neutral_to_contradiction": 0.017579523846507072,
    "min_ent_to_neutral": "0.03681112",
    "min_ent_to_contradiction": "0.048987065",
    "entailment_separation": 1.45262903494389,
    "surface_gradient": 1.5,
    "surface_learning_score": 0.8226314517471945,
    "combined_surface_score": 0.6758626444482272
  },
  "manhattan": {
    "phd_entailment": 13.7819382496595,
    "phd_neutral": 19.001041443879657,
    "phd_contradiction": 18.348140787384636,
    "surface_quality": 0.5643778905674386,
    "separation_ratio": 1.3786915236214399,
    "entailment_simplicity": 1.0,
    "class_distinctiveness": 0.6666666666666667,
    "overall_separation": 0.43046636620694834,
    "min_max_diff": 5.219103194220157,
    "std_dev": 2.321769512790194,
    "centroid_ent_to_neutral": 0.053980275988578796,
    "centroid_ent_to_contradiction": 0.11641141772270203,
    "centroid_neutral_to_contradiction": 0.07697419822216034,
    "min_ent_to_neutral": 0.19619591583614238,
    "min_ent_to_contradiction": 0.24262701942643616,
    "entailment_separation": 6.737320252325607,
    "surface_gradient": 1.5,
    "surface_learning_score": 1.0868660126162804,
    "combined_surface_score": 0.8256219515918595
  },
  "chebyshev": {
    "phd_entailment": 16.884304673006184,
    "phd_neutral": 16.48793957440768,
    "phd_contradiction": 14.762736293765416,
    "surface_quality": 0.23400226431128868,
    "separation_ratio": 1.1437110530882237,
    "entailment_simplicity": 0.0,
    "class_distinctiveness": 0.6666666666666666,
    "overall_separation": 0.2800532144725567,
    "min_max_diff": 2.1215683792407685,
    "std_dev": 0.9210190032253607,
    "centroid_ent_to_neutral": 0.004631495103240013,
    "centroid_ent_to_contradiction": 0.009353558998554945,
    "centroid_neutral_to_contradiction": 0.008324617519974709,
    "min_ent_to_neutral": 0.010932805016636848,
    "min_ent_to_contradiction": 0.012478326447308064,
    "entailment_separation": 0.5529717216705763,
    "surface_gradient": 1.5,
    "surface_learning_score": 0.7776485860835288,
    "combined_surface_score": 0.5058254251974088
  },
  "cosine": {
    "phd_entailment": 7.054876109779828,
    "phd_neutral": 9.340410609134551,
    "phd_contradiction": 9.856439615511768,
    "surface_quality": 0.5041696322401676,
    "separation_ratio": 1.3971102344162032,
    "entailment_simplicity": 1.0,
    "class_distinctiveness": 0.6666666666666666,
    "overall_separation": 0.31503996792689226,
    "min_max_diff": 2.8015635057319397,
    "std_dev": 1.217406713734492,
    "centroid_ent_to_neutral": 0.0022745132446289062,
    "centroid_ent_to_contradiction": 0.012218236923217773,
    "centroid_neutral_to_contradiction": 0.007018685340881348,
    "min_ent_to_neutral": "0.02662468",
    "min_ent_to_contradiction": "0.030449688",
    "entailment_separation": 0.5730461215038931,
    "surface_gradient": 1.5,
    "surface_learning_score": 0.7786523060751946,
    "combined_surface_score": 0.6414109691576811
  },
  "minkowski_3": {
    "phd_entailment": 16.730418532319053,
    "phd_neutral": 16.56907277680036,
    "phd_contradiction": 19.461357318478786,
    "surface_quality": 0.37865577055039235,
    "separation_ratio": 1.1745592273412027,
    "entailment_simplicity": 0.5,
    "class_distinctiveness": 0.6666666666666666,
    "overall_separation": 0.32000788049048445,
    "min_max_diff": 2.892284541678425,
    "std_dev": 1.3270421988018428,
    "centroid_ent_to_neutral": 0.007941081025159101,
    "centroid_ent_to_contradiction": 0.01531683723443379,
    "centroid_neutral_to_contradiction": 0.011636402422377259,
    "min_ent_to_neutral": 0.024308644400019,
    "min_ent_to_contradiction": 0.023012454691750246,
    "entailment_separation": 0.919622549106187,
    "surface_gradient": 1.5,
    "surface_learning_score": 0.7959811274553094,
    "combined_surface_score": 0.5873184490028509
  },
  "minkowski_4": {
    "phd_entailment": 17.454235632563062,
    "phd_neutral": 19.366524695065497,
    "phd_contradiction": 19.036155763547185,
    "surface_quality": 0.478343395382429,
    "separation_ratio": 1.1095601722561153,
    "entailment_simplicity": 1.0,
    "class_distinctiveness": 0.6666666666666666,
    "overall_separation": 0.2700715646259315,
    "min_max_diff": 1.9122890625024347,
    "std_dev": 0.8345633848700513,
    "centroid_ent_to_neutral": 0.006586306775488697,
    "centroid_ent_to_contradiction": 0.012416080306290924,
    "centroid_neutral_to_contradiction": 0.009896252709192439,
    "min_ent_to_neutral": 0.019512541489338987,
    "min_ent_to_contradiction": 0.019492617203837118,
    "entailment_separation": 0.751358030078249,
    "surface_gradient": 1.5,
    "surface_learning_score": 0.7875679015039124,
    "combined_surface_score": 0.6329556484431706
  },
  "canberra": {
    "phd_entailment": 17.71357249631331,
    "phd_neutral": 20.88742761511774,
    "phd_contradiction": 20.75588739467992,
    "surface_quality": 0.5107527503197113,
    "separation_ratio": 1.1791764546347157,
    "entailment_simplicity": 1.0,
    "class_distinctiveness": 0.6666666666666666,
    "overall_separation": 0.33406020614329746,
    "min_max_diff": 3.173855118804429,
    "std_dev": 1.4661491164717233,
    "centroid_ent_to_neutral": 2.5408984991306167,
    "centroid_ent_to_contradiction": 6.317200441166612,
    "centroid_neutral_to_contradiction": 4.689054636895366,
    "min_ent_to_neutral": 11.546703591648896,
    "min_ent_to_contradiction": 11.948084629735883,
    "entailment_separation": 350.25093117914935,
    "surface_gradient": 1.5,
    "surface_learning_score": 18.262546558957467,
    "combined_surface_score": 9.386649654638589
  },
  "braycurtis": {
    "phd_entailment": 13.444591417289251,
    "phd_neutral": 16.93892013548271,
    "phd_contradiction": 17.469148558850634,
    "surface_quality": 0.5335223946184245,
    "separation_ratio": 1.2993439530178619,
    "entailment_simplicity": 1.0,
    "class_distinctiveness": 0.6666666666666667,
    "overall_separation": 0.3727918611500561,
    "min_max_diff": 4.024557141561383,
    "std_dev": 1.785389330632631,
    "centroid_ent_to_neutral": 0.029737812613851194,
    "centroid_ent_to_contradiction": 0.0628992159575427,
    "centroid_neutral_to_contradiction": 0.040437945174185426,
    "min_ent_to_neutral": 0.014720329262307489,
    "min_ent_to_contradiction": 0.09660612927607551,
    "entailment_separation": 3.6628858785033467,
    "surface_gradient": 1.5,
    "surface_learning_score": 0.9331442939251673,
    "combined_surface_score": 0.733333344271796
  },
  "hyperbolic": {
    "phd_entailment": 16.07293723255704,
    "phd_neutral": 16.184584012269575,
    "phd_contradiction": 18.550514319188544,
    "surface_quality": 0.49303291735791177,
    "separation_ratio": 1.1541458820366055,
    "entailment_simplicity": 1.0,
    "class_distinctiveness": 0.6666666666666666,
    "overall_separation": 0.30015967563578627,
    "min_max_diff": 2.477577086631502,
    "std_dev": 1.142535165557489,
    "centroid_ent_to_neutral": 0.02484818932862749,
    "centroid_ent_to_contradiction": 0.0501443707488878,
    "centroid_neutral_to_contradiction": 0.035929627123460324,
    "min_ent_to_neutral": 0.07640403897012274,
    "min_ent_to_contradiction": 0.08005975822338073,
    "entailment_separation": 2.9652202098542695,
    "surface_gradient": 1.5,
    "surface_learning_score": 0.8982610104927135,
    "combined_surface_score": 0.6956469639253127
  },