{
  "euclidean": {
    "phd_entailment": 1.1986368156643388,
    "phd_neutral": 1.1948199011823895,
    "phd_contradiction": 1.1535577264649006,
    "surface_quality": 0.18078212280157904,
    "separation_ratio": 1.039078312394113,
    "entailment_simplicity": 0.0,
    "class_distinctiveness": 0.6666666666666667,
    "overall_separation": 0.18180264284624445,
    "min_max_diff": 0.04507908919943815,
    "std_dev": 0.02041040089330816,
    "centroid_ent_to_neutral": 0.35512933135032654,
    "centroid_ent_to_contradiction": 1.1882485151290894,
    "centroid_neutral_to_contradiction": 0.8331191539764404,
    "min_ent_to_neutral": "7.1525574e-07",
    "min_ent_to_contradiction": "3.7252903e-06",
    "entailment_separation": 5.133917621443522,
    "surface_gradient": 1.5,
    "surface_learning_score": 1.0066958810721762,
    "combined_surface_score": 0.5937390019368777
  },
  "manhattan": {
    "phd_entailment": 1.1749727535590628,
    "phd_neutral": 1.1353196475063037,
    "phd_contradiction": 1.2070333470111678,
    "surface_quality": 0.3067490852404414,
    "separation_ratio": 1.0631660868922521,
    "entailment_simplicity": 0.5,
    "class_distinctiveness": 0.6666666666666666,
    "overall_separation": 0.1832156671668576,
    "min_max_diff": 0.07171369950486417,
    "std_dev": 0.02933163852832425,
    "centroid_ent_to_neutral": 0.35512933135032654,
    "centroid_ent_to_contradiction": 1.1882485151290894,
    "centroid_neutral_to_contradiction": 0.8331191539764404,
    "min_ent_to_neutral": 1.475214958190918e-06,
    "min_ent_to_contradiction": 1.125037670135498e-06,
    "entailment_separation": 5.133917621443522,
    "surface_gradient": 1.5,
    "surface_learning_score": 1.0066958810721762,
    "combined_surface_score": 0.6567224831563088
  },
  "chebyshev": {
    "phd_entailment": 2.148117619837773,
    "phd_neutral": 1.2323980721190486,
    "phd_contradiction": 1.069035962490038,
    "surface_quality": 0.21876117017846333,
    "separation_ratio": 2.009396966248262,
    "entailment_simplicity": 0.0,
    "class_distinctiveness": 0.6666666666666667,
    "overall_separation": 0.2425054483907504,
    "min_max_diff": 1.079081657347735,
    "std_dev": 0.4748855642457409,
    "centroid_ent_to_neutral": 0.35512933135032654,
    "centroid_ent_to_contradiction": 1.188248485326767,
    "centroid_neutral_to_contradiction": 0.8331191539764404,
    "min_ent_to_neutral": 1.952052116394043e-06,
    "min_ent_to_contradiction": 1.0699033737182617e-05,
    "entailment_separation": 5.133917522308583,
    "surface_gradient": 1.5,
    "surface_learning_score": 1.0066958761154292,
    "combined_surface_score": 0.6127285231469463
  },
  "cosine": {
    "phd_entailment": NaN,
    "phd_neutral": NaN,
    "phd_contradiction": NaN,
    "surface_quality": 0.0,
    "separation_ratio": 0.0,
    "entailment_simplicity": 0.0,
    "class_distinctiveness": 0.0,
    "overall_separation": 0.0,
    "centroid_ent_to_neutral": 0.0,
    "centroid_ent_to_contradiction": 0.0,
    "centroid_neutral_to_contradiction": 0.0,
    "min_ent_to_neutral": "0.0",
    "min_ent_to_contradiction": "0.0",
    "entailment_separation": 0.0,
    "surface_gradient": 0.0,
    "surface_learning_score": 0.0,
    "combined_surface_score": 0.0
  },
  "minkowski_3": {
    "phd_entailment": 1.2700271466763602,
    "phd_neutral": 1.9681578124409747,
    "phd_contradiction": 1.1771328881383254,
    "surface_quality": 0.332342200823716,
    "separation_ratio": 1.6719928839586509,
    "entailment_simplicity": 0.5,
    "class_distinctiveness": 0.6666666666666666,
    "overall_separation": 0.22499420889817134,
    "min_max_diff": 0.7910249243026493,
    "std_dev": 0.3530401614891061,
    "centroid_ent_to_neutral": 0.35512933135032654,
    "centroid_ent_to_contradiction": 1.188248485326767,
    "centroid_neutral_to_contradiction": 0.8331191539764404,
    "min_ent_to_neutral": 2.2351741790771503e-07,
    "min_ent_to_contradiction": 1.7881393432617198e-05,
    "entailment_separation": 5.133917522308583,
    "surface_gradient": 1.5,
    "surface_learning_score": 1.0066958761154292,
    "combined_surface_score": 0.6695190384695726
  },
  "minkowski_4": {
    "phd_entailment": 1.6594417349345327,
    "phd_neutral": 1.1297828735567335,
    "phd_contradiction": 1.0860928710468432,
    "surface_quality": 0.20009914329637124,
    "separation_ratio": 1.5279004026009864,
    "entailment_simplicity": 0.0,
    "class_distinctiveness": 0.6666666666666666,
    "overall_separation": 0.21312877027871682,
    "min_max_diff": 0.5733488638876896,
    "std_dev": 0.26059253964691176,
    "centroid_ent_to_neutral": 0.35512933135032654,
    "centroid_ent_to_contradiction": 1.188248485326767,
    "centroid_neutral_to_contradiction": 0.8331191539764404,
    "min_ent_to_neutral": 2.384185791015625e-07,
    "min_ent_to_contradiction": 1.2814998626708984e-06,
    "entailment_separation": 5.133917522308583,
    "surface_gradient": 1.5,
    "surface_learning_score": 1.0066958761154292,
    "combined_surface_score": 0.6033975097059002
  },
  "canberra": {
    "phd_entailment": 1.8449850449051524,
    "phd_neutral": 1.0696240559690946,
    "phd_contradiction": 1.2323018250915516,
    "surface_quality": 0.20761183049554535,
    "separation_ratio": 1.7248911284381778,
    "entailment_simplicity": 0.0,
    "class_distinctiveness": 0.6666666666666667,
    "overall_separation": 0.22430372346764846,
    "min_max_diff": 0.7753609889360578,
    "std_dev": 0.33383785944206207,
    "centroid_ent_to_neutral": 0.43985602922116024,
    "centroid_ent_to_contradiction": 0.7243229390428819,
    "centroid_neutral_to_contradiction": 0.41747284462113887,
    "min_ent_to_neutral": 5.3300719055511254e-06,
    "min_ent_to_contradiction": 1.1622733508852107e-07,
    "entailment_separation": 3.872544194746816,
    "surface_gradient": 1.0,
    "surface_learning_score": 0.6936272097373408,
    "combined_surface_score": 0.4506195201164431
  },
  "braycurtis": {
    "phd_entailment": 1.618216862007608,
    "phd_neutral": 1.0552311939692873,
    "phd_contradiction": 1.014917530060252,
    "surface_quality": 0.20167954842235056,
    "separation_ratio": 1.5944318765600003,
    "entailment_simplicity": 0.0,
    "class_distinctiveness": 0.6666666666666666,
    "overall_separation": 0.21544896035446431,
    "min_max_diff": 0.6032993319473561,
    "std_dev": 0.2753882386422749,
    "centroid_ent_to_neutral": 0.43985602922116024,
    "centroid_ent_to_contradiction": 0.7243229390428819,
    "centroid_neutral_to_contradiction": 0.41747284462113887,
    "min_ent_to_neutral": 2.6582743625330823e-06,
    "min_ent_to_contradiction": 9.615859985706602e-05,
    "entailment_separation": 3.872544194746816,
    "surface_gradient": 1.0,
    "surface_learning_score": 0.6936272097373408,
    "combined_surface_score": 0.4476533790798457
  },
  "hyperbolic": {
    "phd_entailment": 1.2931383098825382,
    "phd_neutral": 1.0465672635284091,
    "phd_contradiction": 1.0811898316934956,
    "surface_quality": 0.1882759404256125,
    "separation_ratio": 1.2355998080074055,
    "entailment_simplicity": 0.0,
    "class_distinctiveness": 0.6666666666666667,
    "overall_separation": 0.19372566418347315,
    "min_max_diff": 0.24657104635412908,
    "std_dev": 0.10899447515721315,
    "centroid_ent_to_neutral": 0.8685048595449507,
    "centroid_ent_to_contradiction": 4.833106223309591,
    "centroid_neutral_to_contradiction": 3.9646011852990495,
    "min_ent_to_neutral": 0.0,
    "min_ent_to_contradiction": 0.0,
    "entailment_separation": 18.965933504653947,
    "surface_gradient": 1.5,
    "surface_learning_score": 1.6982966752326973,
    "combined_surface_score": 0.9432863078291549
  },
  "order_violation": {
    "phd_entailment": 1.186744918060452,
    "phd_neutral": 1.1546809426258187,
    "phd_contradiction": 0.9976307126840938,
    "surface_quality": 0.18626406349335614,
    "separation_ratio": 1.1895633353824406,
    "entailment_simplicity": 0.0,
    "class_distinctiveness": 0.6666666666666667,