{
  "euclidean": {
    "phd_entailment": 16.725824684520134,
    "phd_neutral": 19.08935840773833,
    "phd_contradiction": 19.91735115583609,
    "surface_quality": 0.5113400071563813,
    "separation_ratio": 1.1908142965452542,
    "entailment_simplicity": 1.0,
    "class_distinctiveness": 0.6666666666666667,
    "overall_separation": 0.32895350200599327,
    "min_max_diff": 3.1915264713159566,
    "std_dev": 1.3522698969922402,
    "centroid_ent_to_neutral": 0.274862676858902,
    "centroid_ent_to_contradiction": 0.574268639087677,
    "centroid_neutral_to_contradiction": 0.3698572814464569,
    "min_ent_to_neutral": "0.96715444",
    "min_ent_to_contradiction": "0.89154613",
    "entailment_separation": 1.8841985232791318,
    "surface_gradient": 1.5,
    "surface_learning_score": 0.8442099261639566,
    "combined_surface_score": 0.6777749666601689
  },
  "manhattan": {
    "phd_entailment": 16.126983417910367,
    "phd_neutral": 20.30433068272947,
    "phd_contradiction": 19.066989905516156,
    "surface_quality": 0.5368382037159685,
    "separation_ratio": 1.2590284343059355,
    "entailment_simplicity": 1.0,
    "class_distinctiveness": 0.6666666666666667,
    "overall_separation": 0.3744371644483416,
    "min_max_diff": 4.177347264819105,
    "std_dev": 1.7519792146474618,
    "centroid_ent_to_neutral": 2.828239917755127,
    "centroid_ent_to_contradiction": 5.303167343139648,
    "centroid_neutral_to_contradiction": 3.3556222915649414,
    "min_ent_to_neutral": 8.943919375538826,
    "min_ent_to_contradiction": 9.669138882309198,
    "entailment_separation": 18.0433641598528,
    "surface_gradient": 1.5,
    "surface_learning_score": 1.65216820799264,
    "combined_surface_score": 1.0945032058543043
  },
  "chebyshev": {
    "phd_entailment": 17.127192861789435,
    "phd_neutral": 21.046585207653084,
    "phd_contradiction": 21.670868593664935,
    "surface_quality": 0.5460746869615256,
    "separation_ratio": 1.2652901598377155,
    "entailment_simplicity": 1.0,
    "class_distinctiveness": 0.6666666666666666,
    "overall_separation": 0.3966236734519414,
    "min_max_diff": 4.543675731875499,
    "std_dev": 2.0109797298083154,
    "centroid_ent_to_neutral": 0.04523688554763794,
    "centroid_ent_to_contradiction": 0.11823563277721405,
    "centroid_neutral_to_contradiction": 0.07971230149269104,
    "min_ent_to_neutral": 0.14858603477478027,
    "min_ent_to_contradiction": 0.19004544988274574,
    "entailment_separation": 0.3627409233883266,
    "surface_gradient": 1.5,
    "surface_learning_score": 0.7681370461694164,
    "combined_surface_score": 0.657105866565471
  },
  "cosine": {
    "phd_entailment": 7.637505401610927,
    "phd_neutral": 9.450448764943639,
    "phd_contradiction": 10.348535222841901,
    "surface_quality": 0.5013794464099786,
    "separation_ratio": 1.3549627370029953,
    "entailment_simplicity": 1.0,
    "class_distinctiveness": 0.6666666666666667,
    "overall_separation": 0.30775863291655503,
    "min_max_diff": 2.7110298212309747,
    "std_dev": 1.1275837301315303,
    "centroid_ent_to_neutral": 0.0029923319816589355,
    "centroid_ent_to_contradiction": 0.015199661254882812,
    "centroid_neutral_to_contradiction": 0.007136344909667969,
    "min_ent_to_neutral": "0.03170502",
    "min_ent_to_contradiction": "0.038896084",
    "entailment_separation": 0.040367521663695644,
    "surface_gradient": 1.5,
    "surface_learning_score": 0.7520183760831848,
    "combined_surface_score": 0.6266989112465817
  },
  "minkowski_3": {
    "phd_entailment": 18.89563789475141,
    "phd_neutral": 20.5669661566879,
    "phd_contradiction": 21.257315148345562,
    "surface_quality": 0.4897709144434864,
    "separation_ratio": 1.1249853149572764,
    "entailment_simplicity": 1.0,
    "class_distinctiveness": 0.6666666666666666,
    "overall_separation": 0.2893453235551508,
    "min_max_diff": 2.361677253594152,
    "std_dev": 0.9914881822332875,
    "centroid_ent_to_neutral": 0.13072171063215837,
    "centroid_ent_to_contradiction": 0.29028002884525483,
    "centroid_neutral_to_contradiction": 0.1907811449140121,
    "min_ent_to_neutral": 0.3964437395085913,
    "min_ent_to_contradiction": 0.5238221218849209,
    "entailment_separation": 0.934191026669417,
    "surface_gradient": 1.5,
    "surface_learning_score": 0.7967095513334709,
    "combined_surface_score": 0.6432402328884786
  },
  "minkowski_4": {
    "phd_entailment": 17.35264476303044,
    "phd_neutral": 22.886922870262858,
    "phd_contradiction": 20.283629571829625,
    "surface_quality": 0.571510243708496,
    "separation_ratio": 1.3189299488815167,
    "entailment_simplicity": 1.0,
    "class_distinctiveness": 0.6666666666666666,
    "overall_separation": 0.43454421367041973,
    "min_max_diff": 5.534278107232417,
    "std_dev": 2.2606793992384726,
    "centroid_ent_to_neutral": 0.09174107008765477,
    "centroid_ent_to_contradiction": 0.2122680518220867,
    "centroid_neutral_to_contradiction": 0.14151767314647296,
    "min_ent_to_neutral": 0.24954968092720736,
    "min_ent_to_contradiction": 0.330432208469624,
    "entailment_separation": 0.6745876966357905,
    "surface_gradient": 1.5,
    "surface_learning_score": 0.7837293848317896,
    "combined_surface_score": 0.6776198142701428
  },
  "canberra": {
    "phd_entailment": 19.15717677142108,
    "phd_neutral": 22.780367330062546,
    "phd_contradiction": 30.56434061795548,
    "surface_quality": 0.7217889027969969,
    "separation_ratio": 1.5954511973576269,
    "entailment_simplicity": 1.0,
    "class_distinctiveness": 0.6666666666666666,
    "overall_separation": 0.709743810402374,
    "min_max_diff": 11.407163846534399,
    "std_dev": 4.759098152107542,
    "centroid_ent_to_neutral": 8.593883848614208,
    "centroid_ent_to_contradiction": 14.875209636145375,
    "centroid_neutral_to_contradiction": 9.018212571445014,
    "min_ent_to_neutral": 36.714471058963994,
    "min_ent_to_contradiction": 48.96203238985731,
    "entailment_separation": 52.07725878934127,
    "surface_gradient": 1.5,
    "surface_learning_score": 3.3538629394670636,
    "combined_surface_score": 2.0378259211320304
  },
  "braycurtis": {
    "phd_entailment": 18.455952320645274,
    "phd_neutral": 21.881124099325312,
    "phd_contradiction": 23.48276429095178,
    "surface_quality": 0.5582415667022876,
    "separation_ratio": 1.272368062236669,
    "entailment_simplicity": 1.0,
    "class_distinctiveness": 0.6666666666666666,
    "overall_separation": 0.4130772736199271,
    "min_max_diff": 5.0268119703065075,
    "std_dev": 2.0967141383527874,
    "centroid_ent_to_neutral": 0.032665022308839525,
    "centroid_ent_to_contradiction": 0.06018997753523838,
    "centroid_neutral_to_contradiction": 0.03691278258582038,
    "min_ent_to_neutral": 0.09915671266313353,
    "min_ent_to_contradiction": 0.13903467490799218,
    "entailment_separation": 0.2060426347487373,
    "surface_gradient": 1.5,
    "surface_learning_score": 0.7603021317374369,
    "combined_surface_score": 0.6592718492198623
  },
  "hyperbolic": {
    "phd_entailment": 16.81674545582947,
    "phd_neutral": 20.401513533231206,
    "phd_contradiction": 20.274586306290487,
    "surface_quality": 0.5214504508233544,
    "separation_ratio": 1.2131665777315486,
    "entailment_simplicity": 1.0,
    "class_distinctiveness": 0.6666666666666666,
    "overall_separation": 0.3544888222027194,
    "min_max_diff": 3.584768077401737,
    "std_dev": 1.6607674275872981,
    "centroid_ent_to_neutral": 4.114654476229498,
    "centroid_ent_to_contradiction": 5.7135476696194525,
    "centroid_neutral_to_contradiction": 4.964864997495299,
    "min_ent_to_neutral": 6.656045792096117,
    "min_ent_to_contradiction": 6.9060657715971505,
    "entailment_separation": 21.808504317207895,
    "surface_gradient": 1.5,
    "surface_learning_score": 1.8404252158603946,
    "combined_surface_score": 1.1809378333418745
  },
  "order_violation": {
    "phd_entailment": 16.715609633412097,