{
  "euclidean": {
    "phd_entailment": 25.213296261687127,
    "phd_neutral": 19.718300902003588,
    "phd_contradiction": 19.056488969072756,
    "surface_quality": 0.33712537314471824,
    "separation_ratio": 1.323081933015384,
    "entailment_simplicity": 0.0,
    "class_distinctiveness": 0.6666666666666667,
    "overall_separation": 0.4751060934927102,
    "min_max_diff": 6.156807292614371,
    "std_dev": 2.7596144069598396,
    "centroid_ent_to_neutral": 0.2751520872116089,
    "centroid_ent_to_contradiction": 0.5742009878158569,
    "centroid_neutral_to_contradiction": 0.3698284924030304,
    "min_ent_to_neutral": "0.18943739",
    "min_ent_to_contradiction": "0.12632327",
    "entailment_separation": 1.6665171650994342,
    "surface_gradient": 1.5,
    "surface_learning_score": 0.8333258582549717,
    "combined_surface_score": 0.585225615699845
  },
  "manhattan": {
    "phd_entailment": 32.052742375196644,
    "phd_neutral": 28.123026832232036,
    "phd_contradiction": 21.479589287220396,
    "surface_quality": 0.44964851717729304,
    "separation_ratio": 1.4922418648976172,
    "entailment_simplicity": 0.0,
    "class_distinctiveness": 0.6666666666666666,
    "overall_separation": 0.6678288025205471,
    "min_max_diff": 10.573153087976248,
    "std_dev": 4.363605706865082,
    "centroid_ent_to_neutral": 2.8226404190063477,
    "centroid_ent_to_contradiction": 5.298750877380371,
    "centroid_neutral_to_contradiction": 3.3491036891937256,
    "min_ent_to_neutral": 2.3055964149534702,
    "min_ent_to_contradiction": 3.6178076341748238,
    "entailment_separation": 15.934996172798863,
    "surface_gradient": 1.5,
    "surface_learning_score": 1.5467498086399432,
    "combined_surface_score": 0.9981991629086181
  },
  "chebyshev": {
    "phd_entailment": 20.52710733764263,
    "phd_neutral": 22.80777893592485,
    "phd_contradiction": 17.12642232974807,
    "surface_quality": 0.4503472130444594,
    "separation_ratio": 1.331730497869858,
    "entailment_simplicity": 0.5,
    "class_distinctiveness": 0.6666666666666667,
    "overall_separation": 0.44206617078850013,
    "min_max_diff": 5.681356606176781,
    "std_dev": 2.3343791548808137,
    "centroid_ent_to_neutral": 0.04527411051094532,
    "centroid_ent_to_contradiction": 0.1181388134136796,
    "centroid_neutral_to_contradiction": 0.07977581024169922,
    "min_ent_to_neutral": 0.07087379693984985,
    "min_ent_to_contradiction": 0.09816195070743561,
    "entailment_separation": 0.32063278597145123,
    "surface_gradient": 1.5,
    "surface_learning_score": 0.7660316392985725,
    "combined_surface_score": 0.608189426171516
  },
  "cosine": {
    "phd_entailment": 10.73124540654045,
    "phd_neutral": 9.584899506876575,
    "phd_contradiction": 7.923856685770431,
    "surface_quality": 0.2537800815189434,
    "separation_ratio": 1.3542957466420986,
    "entailment_simplicity": 0.0,
    "class_distinctiveness": 0.6666666666666666,
    "overall_separation": 0.31140579820460756,
    "min_max_diff": 2.807388720770019,
    "std_dev": 1.1525143337132833,
    "centroid_ent_to_neutral": 0.5946671962738037,
    "centroid_ent_to_contradiction": 0.9608507752418518,
    "centroid_neutral_to_contradiction": 0.17437398433685303,
    "min_ent_to_neutral": "0.21109533",
    "min_ent_to_contradiction": "0.14808726",
    "entailment_separation": 3.052084552784676,
    "surface_gradient": 1.0,
    "surface_learning_score": 0.6526042276392339,
    "combined_surface_score": 0.4531921545790886
  },
  "minkowski_3": {
    "phd_entailment": 18.914851970220475,
    "phd_neutral": 18.45570605788547,
    "phd_contradiction": 17.801212381590606,
    "surface_quality": 0.2077896533924749,
    "separation_ratio": 1.0625597608049189,
    "entailment_simplicity": 0.0,
    "class_distinctiveness": 0.6666666666666667,
    "overall_separation": 0.2306380065697441,
    "min_max_diff": 1.1136395886298693,
    "std_dev": 0.45696706354538363,
    "centroid_ent_to_neutral": 0.13084860248080618,
    "centroid_ent_to_contradiction": 0.29022338470211306,
    "centroid_neutral_to_contradiction": 0.1907760223830619,
    "min_ent_to_neutral": 0.09649513274568186,
    "min_ent_to_contradiction": 0.19660793233362647,
    "entailment_separation": 0.8261860879942914,
    "surface_gradient": 1.5,
    "surface_learning_score": 0.7913093043997146,
    "combined_surface_score": 0.49954947889609475
  },
  "minkowski_4": {
    "phd_entailment": 30.005186994911366,
    "phd_neutral": 19.587106141866354,
    "phd_contradiction": 17.321934773427543,
    "surface_quality": 0.5054005671559009,
    "separation_ratio": 1.7322075961710917,
    "entailment_simplicity": 0.0,
    "class_distinctiveness": 0.6666666666666666,
    "overall_separation": 0.7815508366865962,
    "min_max_diff": 12.683252221483823,
    "std_dev": 5.523005390613906,
    "centroid_ent_to_neutral": 0.09182222646931233,
    "centroid_ent_to_contradiction": 0.2122115807134166,
    "centroid_neutral_to_contradiction": 0.14151578969810027,
    "min_ent_to_neutral": 0.1158413986448205,
    "min_ent_to_contradiction": 0.14867960080072123,
    "entailment_separation": 0.5965452687907968,
    "surface_gradient": 1.5,
    "surface_learning_score": 0.7798272634395398,
    "combined_surface_score": 0.6426139152977204
  },
  "canberra": {
    "phd_entailment": 37.34591803449513,
    "phd_neutral": 35.62518373048677,
    "phd_contradiction": 32.7857882335815,
    "surface_quality": 0.29490851934796336,
    "separation_ratio": 1.1390886126764774,
    "entailment_simplicity": 0.0,
    "class_distinctiveness": 0.6666666666666667,
    "overall_separation": 0.388920748360437,
    "min_max_diff": 4.560129800913629,
    "std_dev": 1.8802445802494723,
    "centroid_ent_to_neutral": 87.36446030663393,
    "centroid_ent_to_contradiction": 87.59515579389249,
    "centroid_neutral_to_contradiction": 71.66698420029566,
    "min_ent_to_neutral": 49.89825187342628,
    "min_ent_to_contradiction": 49.39262569839628,
    "entailment_separation": 343.28857103543885,
    "surface_gradient": 1.0,
    "surface_learning_score": 17.66442855177194,
    "combined_surface_score": 8.979668535559952
  },
  "braycurtis": {
    "phd_entailment": 15.809904826639855,
    "phd_neutral": 18.634382452204157,
    "phd_contradiction": 15.194937126132514,
    "surface_quality": 0.39298223347909167,
    "separation_ratio": 1.2263546928507145,
    "entailment_simplicity": 0.5,
    "class_distinctiveness": 0.6666666666666666,
    "overall_separation": 0.34286295952802737,
    "min_max_diff": 3.4394453260716435,
    "std_dev": 1.4976145209787137,
    "centroid_ent_to_neutral": 0.7612602651545414,
    "centroid_ent_to_contradiction": 1.0258995644445479,
    "centroid_neutral_to_contradiction": 0.5532017116070788,
    "min_ent_to_neutral": 0.3680383167237635,
    "min_ent_to_contradiction": 0.35566012228013993,
    "entailment_separation": 3.506589450690752,
    "surface_gradient": 1.0,
    "surface_learning_score": 0.6753294725345376,
    "combined_surface_score": 0.5341558530068147
  },
  "hyperbolic": {
    "phd_entailment": 31.380049128056463,
    "phd_neutral": 25.08993764093239,
    "phd_contradiction": 17.99289849104845,
    "surface_quality": 0.5231457342106335,
    "separation_ratio": 1.7440241295013241,
    "entailment_simplicity": 0.0,
    "class_distinctiveness": 0.6666666666666666,
    "overall_separation": 0.7965752241026447,
    "min_max_diff": 13.387150637008013,
    "std_dev": 5.468589797840224,
    "centroid_ent_to_neutral": 0.5772674695593537,
    "centroid_ent_to_contradiction": 1.2987742784191796,
    "centroid_neutral_to_contradiction": 0.8462674752666455,
    "min_ent_to_neutral": 0.7790356276823491,
    "min_ent_to_contradiction": 1.3224754427632377,
    "entailment_separation": 3.680984819355921,
    "surface_gradient": 1.5,
    "surface_learning_score": 0.9340492409677961,
    "combined_surface_score": 0.7285974875892147
  },
  "order_violation": {
    "phd_entailment": 28.724644309824512,