{
  "euclidean": {
    "phd_entailment": 37.05436189983127,
    "phd_neutral": 319.97067540488774,
    "phd_contradiction": 23.906760371933007,
    "surface_quality": 7.860565899108338,
    "separation_ratio": 13.384108529424147,
    "entailment_simplicity": 0.5,
    "class_distinctiveness": 0.6666666666666665,
    "overall_separation": 14.564189106239,
    "min_max_diff": 296.06391503295475,
    "std_dev": 136.57246414261326,
    "centroid_ent_to_neutral": 0.26580139994621277,
    "centroid_ent_to_contradiction": 0.570902407169342,
    "centroid_neutral_to_contradiction": 0.4333881139755249,
    "min_ent_to_neutral": "0.5166742",
    "min_ent_to_contradiction": "1.2370068",
    "entailment_separation": 0.7590195191673298,
    "surface_gradient": 1.5,
    "surface_learning_score": 0.7879509759583665,
    "combined_surface_score": 4.324258437533352
  },
  "manhattan": {
    "phd_entailment": 54.26462817754497,
    "phd_neutral": 42.853945210912656,
    "phd_contradiction": 25.63019849121105,
    "surface_quality": 0.9089925902184368,
    "separation_ratio": 2.1172145114737626,
    "entailment_simplicity": 0.0,
    "class_distinctiveness": 0.6666666666666667,
    "overall_separation": 1.497491551864605,
    "min_max_diff": 28.63442968633392,
    "std_dev": 11.769979232923367,
    "centroid_ent_to_neutral": 5.768857002258301,
    "centroid_ent_to_contradiction": 12.369527816772461,
    "centroid_neutral_to_contradiction": 9.346246719360352,
    "min_ent_to_neutral": 18.86219521185393,
    "min_ent_to_contradiction": 23.91918126919569,
    "entailment_separation": 16.454315143221702,
    "surface_gradient": 1.5,
    "surface_learning_score": 1.572715757161085,
    "combined_surface_score": 1.240854173689761
  },
  "chebyshev": {
    "phd_entailment": 35.91525551378789,
    "phd_neutral": 29.724290944044544,
    "phd_contradiction": 21.903027645671017,
    "surface_quality": 0.5374691047874846,
    "separation_ratio": 1.6397393134316887,
    "entailment_simplicity": 0.0,
    "class_distinctiveness": 0.6666666666666666,
    "overall_separation": 0.8241370949561024,
    "min_max_diff": 14.012227868116874,
    "std_dev": 5.733359803372358,
    "centroid_ent_to_neutral": 0.03354437861707993,
    "centroid_ent_to_contradiction": 0.08187779597938061,
    "centroid_neutral_to_contradiction": 0.062145254109054804,
    "min_ent_to_neutral": 0.1186663806438446,
    "min_ent_to_contradiction": 0.1787991300225258,
    "entailment_separation": 0.10470573065213007,
    "surface_gradient": 1.5,
    "surface_learning_score": 0.7552352865326065,
    "combined_surface_score": 0.6463521956600455
  },
  "cosine": {
    "phd_entailment": 16.42190041742616,
    "phd_neutral": 15.289185956673334,
    "phd_contradiction": 13.443213513350278,
    "surface_quality": 0.2564035331564107,
    "separation_ratio": 1.2215755110277602,
    "entailment_simplicity": 0.0,
    "class_distinctiveness": 0.6666666666666666,
    "overall_separation": 0.3177840222379942,
    "min_max_diff": 2.9786869040758805,
    "std_dev": 1.22760978163167,
    "centroid_ent_to_neutral": 0.6604043245315552,
    "centroid_ent_to_contradiction": 0.7866392135620117,
    "centroid_neutral_to_contradiction": 0.2881048321723938,
    "min_ent_to_neutral": "0.30880946",
    "min_ent_to_contradiction": "0.3573178",
    "entailment_separation": 1.3126918763335842,
    "surface_gradient": 1.0,
    "surface_learning_score": 0.5656345938166792,
    "combined_surface_score": 0.41101906348654493
  },
  "minkowski_3": {
    "phd_entailment": 33.12295134868995,
    "phd_neutral": 27.426744410120797,
    "phd_contradiction": 26.38256369417751,
    "surface_quality": 0.35086993870867456,
    "separation_ratio": 1.2554864543357478,
    "entailment_simplicity": 0.0,
    "class_distinctiveness": 0.6666666666666666,
    "overall_separation": 0.4989783004912024,
    "min_max_diff": 6.740387654512443,
    "std_dev": 2.962167235650557,
    "centroid_ent_to_neutral": 0.10398849727950601,
    "centroid_ent_to_contradiction": 0.22549719577651092,
    "centroid_neutral_to_contradiction": 0.17148924523819678,
    "min_ent_to_neutral": 0.14484289763907207,
    "min_ent_to_contradiction": 0.4073464473481889,
    "entailment_separation": 0.2988943879412201,
    "surface_gradient": 1.5,
    "surface_learning_score": 0.764944719397061,
    "combined_surface_score": 0.5579073290528678
  },
  "minkowski_4": {
    "phd_entailment": 73.87216645914651,
    "phd_neutral": 53.58743543270339,
    "phd_contradiction": 19.679879703519767,
    "surface_quality": 1.5683949598045623,
    "separation_ratio": 3.7536899397781585,
    "entailment_simplicity": 0.0,
    "class_distinctiveness": 0.6666666666666667,
    "overall_separation": 2.686180045506902,
    "min_max_diff": 54.192286755626746,
    "std_dev": 22.355701714046802,
    "centroid_ent_to_neutral": 0.06796659880049603,
    "centroid_ent_to_contradiction": 0.14917612016616374,
    "centroid_neutral_to_contradiction": 0.11369562123256327,
    "min_ent_to_neutral": 0.22751292439249718,
    "min_ent_to_contradiction": 0.4058386865730128,
    "entailment_separation": 0.19698196750047597,
    "surface_gradient": 1.5,
    "surface_learning_score": 0.7598490983750238,
    "combined_surface_score": 1.1641220290897931
  },
  "canberra": {
    "phd_entailment": 57.50884118322729,
    "phd_neutral": 59.23169019579677,
    "phd_contradiction": 46.857126436517895,
    "surface_quality": 0.6168319030522503,
    "separation_ratio": 1.2640913922889394,
    "entailment_simplicity": 0.5,
    "class_distinctiveness": 0.6666666666666666,
    "overall_separation": 0.7654684543783135,
    "min_max_diff": 12.374563759278878,
    "std_dev": 5.472731026521262,
    "centroid_ent_to_neutral": 510.8160758941959,
    "centroid_ent_to_contradiction": 586.8388919023956,
    "centroid_neutral_to_contradiction": 439.44667749256786,
    "min_ent_to_neutral": 424.80468679742506,
    "min_ent_to_contradiction": 453.9261966387254,
    "entailment_separation": 995.7425062290138,
    "surface_gradient": 1.0,
    "surface_learning_score": 50.28712531145069,
    "combined_surface_score": 25.45197860725147
  },
  "braycurtis": {
    "phd_entailment": 19.9192521062011,
    "phd_neutral": 20.757425291874608,
    "phd_contradiction": 18.200905794151115,
    "surface_quality": 0.36983541803068,
    "separation_ratio": 1.1404611136740805,
    "entailment_simplicity": 0.5,
    "class_distinctiveness": 0.6666666666666666,
    "overall_separation": 0.2980410993260032,
    "min_max_diff": 2.5565194977234924,
    "std_dev": 1.064113625906465,
    "centroid_ent_to_neutral": 0.7423399478178253,
    "centroid_ent_to_contradiction": 0.9050727587197503,
    "centroid_neutral_to_contradiction": 0.5391338272092886,
    "min_ent_to_neutral": 0.5189701663634035,
    "min_ent_to_contradiction": 0.5513340158183603,
    "entailment_separation": 1.4944576440938895,
    "surface_gradient": 1.0,
    "surface_learning_score": 0.5747228822046945,
    "combined_surface_score": 0.47227915011768723
  },
  "hyperbolic": {
    "phd_entailment": 105.53892272000729,
    "phd_neutral": 136.5173007342612,
    "phd_contradiction": 35.62144219205623,
    "surface_quality": 2.8619687217466283,
    "separation_ratio": 3.832447321987016,
    "entailment_simplicity": 0.5,
    "class_distinctiveness": 0.6666666666666667,
    "overall_separation": 4.847003493625668,
    "min_max_diff": 100.89585854220496,
    "std_dev": 42.200695437580784,
    "centroid_ent_to_neutral": 0.5527723118758252,
    "centroid_ent_to_contradiction": 1.3247938428765766,
    "centroid_neutral_to_contradiction": 1.0592584301824215,
    "min_ent_to_neutral": 2.3119466277760763,
    "min_ent_to_contradiction": 5.293291507933842,
    "entailment_separation": 1.7032423515532094,
    "surface_gradient": 1.5,
    "surface_learning_score": 0.8351621175776605,
    "combined_surface_score": 1.8485654196621444
  },
  "order_violation": {
    "phd_entailment": 55.599176503465905,
    "phd_neutral": 47.069370714959426,