{
  "euclidean": {
    "phd_entailment": 1.087886046397454,
    "phd_neutral": 1.1700886322682966,
    "phd_contradiction": 1.0830119257975295,
    "surface_quality": 0.3073486137329672,
    "separation_ratio": 1.0804023523625041,
    "entailment_simplicity": 0.5,
    "class_distinctiveness": 0.6666666666666666,
    "overall_separation": 0.18434606870988096,
    "min_max_diff": 0.08707670647076715,
    "std_dev": 0.03994909953827635,
    "centroid_ent_to_neutral": 0.013949207961559296,
    "centroid_ent_to_contradiction": 0.05606686323881149,
    "centroid_neutral_to_contradiction": 0.0421176552772522,
    "min_ent_to_neutral": "0.0",
    "min_ent_to_contradiction": "1.7136335e-07",
    "entailment_separation": 1.8575510244018338,
    "surface_gradient": 1.5,
    "surface_learning_score": 0.8428775512200917,
    "combined_surface_score": 0.5751130824765294
  },
  "manhattan": {
    "phd_entailment": 1.1430379850934624,
    "phd_neutral": 1.1639057099423773,
    "phd_contradiction": 1.2249564997700193,
    "surface_quality": 0.4321104715325438,
    "separation_ratio": 1.0716673599170536,
    "entailment_simplicity": 1.0,
    "class_distinctiveness": 0.6666666666666666,
    "overall_separation": 0.18384839046091775,
    "min_max_diff": 0.08191851467655686,
    "std_dev": 0.03475837856747987,
    "centroid_ent_to_neutral": 0.013949207961559296,
    "centroid_ent_to_contradiction": 0.05606686323881149,
    "centroid_neutral_to_contradiction": 0.0421176552772522,
    "min_ent_to_neutral": 1.2665987014770508e-07,
    "min_ent_to_contradiction": 3.0547380447387695e-07,
    "entailment_separation": 1.8575510244018338,
    "surface_gradient": 1.5,
    "surface_learning_score": 0.8428775512200917,
    "combined_surface_score": 0.6374940113763177
  },
  "chebyshev": {
    "phd_entailment": 1.217108164959767,
    "phd_neutral": 1.0554015512729593,
    "phd_contradiction": 1.1077986043577583,
    "surface_quality": 0.18512455817905338,
    "separation_ratio": 1.1532180936173226,
    "entailment_simplicity": 0.0,
    "class_distinctiveness": 0.6666666666666666,
    "overall_separation": 0.18849283585140522,
    "min_max_diff": 0.16170661368680772,
    "std_dev": 0.06736555344703662,
    "centroid_ent_to_neutral": 0.013949207961559296,
    "centroid_ent_to_contradiction": 0.05606686323881149,
    "centroid_neutral_to_contradiction": 0.0421176552772522,
    "min_ent_to_neutral": 6.705522537231445e-08,
    "min_ent_to_contradiction": 7.227063179016113e-07,
    "entailment_separation": 1.8575510244018338,
    "surface_gradient": 1.5,
    "surface_learning_score": 0.8428775512200917,
    "combined_surface_score": 0.5140010546995726
  },
  "cosine": {
    "phd_entailment": NaN,
    "phd_neutral": NaN,
    "phd_contradiction": NaN,
    "surface_quality": 0.0,
    "separation_ratio": 0.0,
    "entailment_simplicity": 0.0,
    "class_distinctiveness": 0.0,
    "overall_separation": 0.0,
    "centroid_ent_to_neutral": 0.0,
    "centroid_ent_to_contradiction": 0.0,
    "centroid_neutral_to_contradiction": 0.0,
    "min_ent_to_neutral": "0.0",
    "min_ent_to_contradiction": "0.0",
    "entailment_separation": 0.0,
    "surface_gradient": 0.0,
    "surface_learning_score": 0.0,
    "combined_surface_score": 0.0
  },
  "minkowski_3": {
    "phd_entailment": 1.0971292927531031,
    "phd_neutral": 1.1859089102951557,
    "phd_contradiction": 1.057362864134147,
    "surface_quality": 0.3088999716987656,
    "separation_ratio": 1.1215723102458988,
    "entailment_simplicity": 0.5,
    "class_distinctiveness": 0.6666666666666666,
    "overall_separation": 0.1865867332417372,
    "min_max_diff": 0.12854604616100862,
    "std_dev": 0.05373523085943172,
    "centroid_ent_to_neutral": 0.013949207961559299,
    "centroid_ent_to_contradiction": 0.0560668632388115,
    "centroid_neutral_to_contradiction": 0.042117655277252204,
    "min_ent_to_neutral": 5.960464477539067e-07,
    "min_ent_to_contradiction": 1.9073486328125013e-06,
    "entailment_separation": 1.8575510244018343,
    "surface_gradient": 1.5,
    "surface_learning_score": 0.8428775512200917,
    "combined_surface_score": 0.5758887614594286
  },
  "minkowski_4": {
    "phd_entailment": 1.148009427976976,
    "phd_neutral": 1.0640282541030455,
    "phd_contradiction": 1.1442291535830003,
    "surface_quality": 0.18225279074854767,
    "separation_ratio": 1.0789275788026182,
    "entailment_simplicity": 0.0,
    "class_distinctiveness": 0.6666666666666667,
    "overall_separation": 0.1841892330990918,
    "min_max_diff": 0.08398117387393045,
    "std_dev": 0.038728847010882236,
    "centroid_ent_to_neutral": 0.013949207961559296,
    "centroid_ent_to_contradiction": 0.05606686323881149,
    "centroid_neutral_to_contradiction": 0.0421176552772522,
    "min_ent_to_neutral": 1.7881393432617188e-07,
    "min_ent_to_contradiction": 1.7136335372924805e-07,
    "entailment_separation": 1.8575510244018338,
    "surface_gradient": 1.5,
    "surface_learning_score": 0.8428775512200917,
    "combined_surface_score": 0.5125651709843196
  },
  "canberra": {
    "phd_entailment": 2.07950391917454,
    "phd_neutral": 1.1554605872567354,
    "phd_contradiction": 1.152404041462019,
    "surface_quality": 0.21240031410397486,
    "separation_ratio": 1.8044920395596136,
    "entailment_simplicity": 0.0,
    "class_distinctiveness": 0.6666666666666666,
    "overall_separation": 0.2342163352619101,
    "min_max_diff": 0.927099877712521,
    "std_dev": 0.43632042315870523,
    "centroid_ent_to_neutral": 0.07477314123906094,
    "centroid_ent_to_contradiction": 0.24518531085532977,
    "centroid_neutral_to_contradiction": 0.17359472968663786,
    "min_ent_to_neutral": 3.2824380374171675e-07,
    "min_ent_to_contradiction": 1.2686936055780653e-06,
    "entailment_separation": 8.488610404218354,
    "surface_gradient": 1.5,
    "surface_learning_score": 1.1744305202109178,
    "combined_surface_score": 0.6934154171574463
  },
  "braycurtis": {
    "phd_entailment": 1.6205454150334027,
    "phd_neutral": 2.0945668832801694,
    "phd_contradiction": 1.1247300118549406,
    "surface_quality": 0.3391911404292485,
    "separation_ratio": 1.862284158156092,
    "entailment_simplicity": 0.5,
    "class_distinctiveness": 0.6666666666666666,
    "overall_separation": 0.23398951875484011,
    "min_max_diff": 0.9698368714252288,
    "std_dev": 0.39596756651183174,
    "centroid_ent_to_neutral": 0.07477314123906094,
    "centroid_ent_to_contradiction": 0.24518531085532977,
    "centroid_neutral_to_contradiction": 0.17359472968663786,
    "min_ent_to_neutral": 2.5872713802922055e-07,
    "min_ent_to_contradiction": 0.0,
    "entailment_separation": 8.488610404218354,
    "surface_gradient": 1.5,
    "surface_learning_score": 1.1744305202109178,
    "combined_surface_score": 0.7568108303200831
  },
  "hyperbolic": {
    "phd_entailment": 1.0150145161205726,
    "phd_neutral": 1.0583049699380787,
    "phd_contradiction": 1.1692868217713945,
    "surface_quality": 0.43492335237865265,
    "separation_ratio": 1.1519902456572317,
    "entailment_simplicity": 1.0,
    "class_distinctiveness": 0.6666666666666667,
    "overall_separation": 0.18817189816950267,
    "min_max_diff": 0.15427230565082195,
    "std_dev": 0.06497091581700087,
    "centroid_ent_to_neutral": 0.028143754610655363,
    "centroid_ent_to_contradiction": 0.11365079929577068,
    "centroid_neutral_to_contradiction": 0.08550704478477594,
    "min_ent_to_neutral": 0.0,
    "min_ent_to_contradiction": 8.277859933573457e-07,
    "entailment_separation": 3.761859446664981,
    "surface_gradient": 1.5,
    "surface_learning_score": 0.9380929723332491,
    "combined_surface_score": 0.6865081623559508
  },
  "order_violation": {
    "phd_entailment": 1.116426626746374,
    "phd_neutral": 1.275234978296876,
    "phd_contradiction": 1.2862812928768517,
    "surface_quality": 0.43531480032885295,
    "separation_ratio": 1.1521413607139492,
    "entailment_simplicity": 1.0,