{
  "euclidean": {
    "phd_entailment": 3.296459862566952,
    "phd_neutral": 3.8882778605640267,
    "phd_contradiction": 3.459731618810006,
    "surface_quality": 0.4462062589035871,
    "separation_ratio": 1.1795313829594838,
    "entailment_simplicity": 1.0,
    "class_distinctiveness": 0.6666666666666666,
    "overall_separation": 0.20868466347643758,
    "min_max_diff": 0.5918179979970746,
    "std_dev": 0.24956809145701034,
    "centroid_ent_to_neutral": 0.5482888221740723,
    "centroid_ent_to_contradiction": 1.3000047206878662,
    "centroid_neutral_to_contradiction": 0.8496772646903992,
    "min_ent_to_neutral": "0.0123702735",
    "min_ent_to_contradiction": "0.024146438",
    "entailment_separation": 2.520719846603714,
    "surface_gradient": 1.5,
    "surface_learning_score": 0.8760359923301857,
    "combined_surface_score": 0.6611211256168864
  },
  "manhattan": {
    "phd_entailment": 3.69460907283903,
    "phd_neutral": 3.3998770593645147,
    "phd_contradiction": 3.391644265263632,
    "surface_quality": 0.1878573721458117,
    "separation_ratio": 1.0893268231808058,
    "entailment_simplicity": 0.0,
    "class_distinctiveness": 0.6666666666666666,
    "overall_separation": 0.19490330109833942,
    "min_max_diff": 0.30296480757539834,
    "std_dev": 0.140918579050555,
    "centroid_ent_to_neutral": 1.1271843910217285,
    "centroid_ent_to_contradiction": 2.059654712677002,
    "centroid_neutral_to_contradiction": 1.0550711154937744,
    "min_ent_to_neutral": 0.034084536135196686,
    "min_ent_to_contradiction": 0.028902024030685425,
    "entailment_separation": 4.346240675703227,
    "surface_gradient": 1.0,
    "surface_learning_score": 0.7173120337851613,
    "combined_surface_score": 0.4525847029654865
  },
  "chebyshev": {
    "phd_entailment": 3.5527763196944475,
    "phd_neutral": 3.743063492447058,
    "phd_contradiction": 3.6437778790386655,
    "surface_quality": 0.4345933476499189,
    "separation_ratio": 1.0535601331549564,
    "entailment_simplicity": 1.0,
    "class_distinctiveness": 0.6666666666666667,
    "overall_separation": 0.18847879503396697,
    "min_max_diff": 0.19028717275261053,
    "std_dev": 0.07770894768096161,
    "centroid_ent_to_neutral": 0.3551293611526489,
    "centroid_ent_to_contradiction": 1.1882483959197998,
    "centroid_neutral_to_contradiction": 0.8331190347671509,
    "min_ent_to_neutral": 0.012804262340068817,
    "min_ent_to_contradiction": 0.011825494468212128,
    "entailment_separation": 2.1048728748114494,
    "surface_gradient": 1.5,
    "surface_learning_score": 0.8552436437405725,
    "combined_surface_score": 0.6449184956952457
  },
  "cosine": {
    "phd_entailment": 1.4664689956933878,
    "phd_neutral": 1.5278981124339472,
    "phd_contradiction": 1.4476313189948649,
    "surface_quality": 0.3068664238273122,
    "separation_ratio": 1.0554469859734825,
    "entailment_simplicity": 0.5,
    "class_distinctiveness": 0.6666666666666666,
    "overall_separation": 0.18358002566878176,
    "min_max_diff": 0.08026679343908238,
    "std_dev": 0.03427203682939014,
    "centroid_ent_to_neutral": 0.02970200777053833,
    "centroid_ent_to_contradiction": 0.14312881231307983,
    "centroid_neutral_to_contradiction": 0.057376861572265625,
    "min_ent_to_neutral": "1.3709068e-06",
    "min_ent_to_contradiction": "1.1503696e-05",
    "entailment_separation": 0.23570827262372485,
    "surface_gradient": 1.5,
    "surface_learning_score": 0.7617854136311862,
    "combined_surface_score": 0.5343259187292493
  },
  "minkowski_3": {
    "phd_entailment": 3.194108946558722,
    "phd_neutral": 3.992370437435053,
    "phd_contradiction": 3.327093980509473,
    "surface_quality": 0.45224716395462405,
    "separation_ratio": 1.2499168012839275,
    "entailment_simplicity": 1.0,
    "class_distinctiveness": 0.6666666666666666,
    "overall_separation": 0.21970742988751701,
    "min_max_diff": 0.7982614908763308,
    "std_dev": 0.34920531865786,
    "centroid_ent_to_neutral": 0.44246073593491375,
    "centroid_ent_to_contradiction": 1.211743609613401,
    "centroid_neutral_to_contradiction": 0.8351457031879356,
    "min_ent_to_neutral": 0.013722495150737849,
    "min_ent_to_contradiction": 0.02467938064818238,
    "entailment_separation": 2.256019202288159,
    "surface_gradient": 1.5,
    "surface_learning_score": 0.862800960114408,
    "combined_surface_score": 0.657524062034516
  },
  "minkowski_4": {
    "phd_entailment": 3.538166970084866,
    "phd_neutral": 3.412787901408003,
    "phd_contradiction": 3.4291329846030987,
    "surface_quality": 0.1827603686280912,
    "separation_ratio": 1.0367380195602358,
    "entailment_simplicity": 0.0,
    "class_distinctiveness": 0.6666666666666667,
    "overall_separation": 0.18554302735856276,
    "min_max_diff": 0.125379068676863,
    "std_dev": 0.05565317460943106,
    "centroid_ent_to_neutral": 0.4023325417811731,
    "centroid_ent_to_contradiction": 1.1941942122818054,
    "centroid_neutral_to_contradiction": 0.8334084249742997,
    "min_ent_to_neutral": 0.013509785245510612,
    "min_ent_to_contradiction": 0.01980592707789231,
    "entailment_separation": 2.1773579689992815,
    "surface_gradient": 1.5,
    "surface_learning_score": 0.858867898449964,
    "combined_surface_score": 0.5208141335390276
  },
  "canberra": {
    "phd_entailment": 3.5857371237867057,
    "phd_neutral": 3.619702390688927,
    "phd_contradiction": 3.4802342491697837,
    "surface_quality": 0.3081542996376009,
    "separation_ratio": 1.0400743546364484,
    "entailment_simplicity": 0.5,
    "class_distinctiveness": 0.6666666666666667,
    "overall_separation": 0.1861233931396921,
    "min_max_diff": 0.13946814151914344,
    "std_dev": 0.059381870041824235,
    "centroid_ent_to_neutral": 0.8898089206182858,
    "centroid_ent_to_contradiction": 1.1120656982269084,
    "centroid_neutral_to_contradiction": 0.6107833881227097,
    "min_ent_to_neutral": 0.023320006749103887,
    "min_ent_to_contradiction": 0.06153872933956063,
    "entailment_separation": 2.730175139995205,
    "surface_gradient": 1.0,
    "surface_learning_score": 0.6365087569997603,
    "combined_surface_score": 0.4723315283186806
  },
  "braycurtis": {
    "phd_entailment": 3.4449421845237898,
    "phd_neutral": 3.501805879367591,
    "phd_contradiction": 3.541179363550707,
    "surface_quality": 0.4319217935086236,
    "separation_ratio": 1.0279357893027226,
    "entailment_simplicity": 1.0,
    "class_distinctiveness": 0.6666666666666666,
    "overall_separation": 0.18389701119529528,
    "min_max_diff": 0.0962371790269172,
    "std_dev": 0.03950435373343316,
    "centroid_ent_to_neutral": 0.13139016710285606,
    "centroid_ent_to_contradiction": 0.22201239593648095,
    "centroid_neutral_to_contradiction": 0.10843926320222458,
    "min_ent_to_neutral": 0.0027234084148798784,
    "min_ent_to_contradiction": 0.005577428281309528,
    "entailment_separation": 0.481973687531526,
    "surface_gradient": 1.0,
    "surface_learning_score": 0.5240986843765763,
    "combined_surface_score": 0.4780102389425999
  },
  "hyperbolic": {
    "phd_entailment": 3.526717827915822,
    "phd_neutral": 3.785758066536054,
    "phd_contradiction": 3.310057466518555,
    "surface_quality": 0.3178556028955467,
    "separation_ratio": 1.143713698275405,
    "entailment_simplicity": 0.5,
    "class_distinctiveness": 0.6666666666666666,
    "overall_separation": 0.2025786370910685,
    "min_max_diff": 0.47570060001749903,
    "std_dev": 0.19446068391043575,
    "centroid_ent_to_neutral": 6.3802583839641684,
    "centroid_ent_to_contradiction": 7.950107734228387,
    "centroid_neutral_to_contradiction": 7.03705520842756,
    "min_ent_to_neutral": 0.0841597215912789,
    "min_ent_to_contradiction": 0.21849503832710443,
    "entailment_separation": 19.543885992964082,
    "surface_gradient": 1.5,
    "surface_learning_score": 1.7271942996482041,
    "combined_surface_score": 1.0225249512718755
  },