{
  "euclidean": {
    "phd_entailment": 19.52747213774867,
    "phd_neutral": 22.45354596796355,
    "phd_contradiction": 28.80865750966243,
    "surface_quality": 0.6671374087705053,
    "separation_ratio": 1.4752886244795735,
    "entailment_simplicity": 1.0,
    "class_distinctiveness": 0.6666666666666667,
    "overall_separation": 0.6108509377214975,
    "min_max_diff": 9.281185371913761,
    "std_dev": 3.874270579019842,
    "centroid_ent_to_neutral": 0.2657029330730438,
    "centroid_ent_to_contradiction": 0.5709059238433838,
    "centroid_neutral_to_contradiction": 0.4338685870170593,
    "min_ent_to_neutral": "2.580553",
    "min_ent_to_contradiction": "2.9632142",
    "entailment_separation": 2.3914302058473127,
    "surface_gradient": 1.5,
    "surface_learning_score": 0.8695715102923657,
    "combined_surface_score": 0.7683544595314356
  },
  "manhattan": {
    "phd_entailment": 15.351394035402423,
    "phd_neutral": 23.48707382001823,
    "phd_contradiction": 24.18002254320734,
    "surface_quality": 0.6570711633961945,
    "separation_ratio": 1.575102722752402,
    "entailment_simplicity": 1.0,
    "class_distinctiveness": 0.6666666666666667,
    "overall_separation": 0.6074971990882239,
    "min_max_diff": 8.828628507804916,
    "std_dev": 4.0085207138405865,
    "centroid_ent_to_neutral": 5.822638511657715,
    "centroid_ent_to_contradiction": 12.392662048339844,
    "centroid_neutral_to_contradiction": 9.408164978027344,
    "min_ent_to_neutral": 65.98789786362698,
    "min_ent_to_contradiction": 73.69663146978547,
    "entailment_separation": 52.06808367810178,
    "surface_gradient": 1.5,
    "surface_learning_score": 3.3534041839050888,
    "combined_surface_score": 2.0052376736506416
  },
  "chebyshev": {
    "phd_entailment": 21.260120478857452,
    "phd_neutral": 25.492944792348535,
    "phd_contradiction": 29.5173395955906,
    "surface_quality": 0.6404520201282364,
    "separation_ratio": 1.3883900434592882,
    "entailment_simplicity": 1.0,
    "class_distinctiveness": 0.6666666666666666,
    "overall_separation": 0.559019697554995,
    "min_max_diff": 8.257219116733147,
    "std_dev": 3.371353548535173,
    "centroid_ent_to_neutral": 0.03343772701919079,
    "centroid_ent_to_contradiction": 0.08191279321908951,
    "centroid_neutral_to_contradiction": 0.06231384305283427,
    "min_ent_to_neutral": 0.2364688590168953,
    "min_ent_to_contradiction": 0.30122894048690796,
    "entailment_separation": 0.3297272268605463,
    "surface_gradient": 1.5,
    "surface_learning_score": 0.7664863613430273,
    "combined_surface_score": 0.7034691907356319
  },
  "cosine": {
    "phd_entailment": 8.579665138553677,
    "phd_neutral": 11.010964538453635,
    "phd_contradiction": 11.832619258220513,
    "surface_quality": 0.5152298568980995,
    "separation_ratio": 1.3791469791809619,
    "entailment_simplicity": 1.0,
    "class_distinctiveness": 0.6666666666666666,
    "overall_separation": 0.3342870870995107,
    "min_max_diff": 3.2529541196668355,
    "std_dev": 1.3811446040282238,
    "centroid_ent_to_neutral": 0.03062880039215088,
    "centroid_ent_to_contradiction": 0.16100740432739258,
    "centroid_neutral_to_contradiction": 0.10896492004394531,
    "min_ent_to_neutral": "0.19364542",
    "min_ent_to_contradiction": "0.3148949",
    "entailment_separation": 0.5477883777006625,
    "surface_gradient": 1.5,
    "surface_learning_score": 0.7773894188850331,
    "combined_surface_score": 0.6463096378915663
  },
  "minkowski_3": {
    "phd_entailment": 19.080383046662636,
    "phd_neutral": 21.311878008707936,
    "phd_contradiction": 29.574897594858637,
    "surface_quality": 0.6984047294454865,
    "separation_ratio": 1.550015925913584,
    "entailment_simplicity": 1.0,
    "class_distinctiveness": 0.6666666666666666,
    "overall_separation": 0.6741085041204161,
    "min_max_diff": 10.494514548196001,
    "std_dev": 4.514075493498594,
    "centroid_ent_to_neutral": 0.10392337091798658,
    "centroid_ent_to_contradiction": 0.22550786791422622,
    "centroid_neutral_to_contradiction": 0.17166662405611458,
    "min_ent_to_neutral": 0.7073796163038945,
    "min_ent_to_contradiction": 1.0077742034167732,
    "entailment_separation": 0.9416728125456024,
    "surface_gradient": 1.5,
    "surface_learning_score": 0.7970836406272801,
    "combined_surface_score": 0.7477441850363833
  },
  "minkowski_4": {
    "phd_entailment": 19.892731356670026,
    "phd_neutral": 23.139157053482887,
    "phd_contradiction": 31.19697218195872,
    "surface_quality": 0.7188759356051418,
    "separation_ratio": 1.5682598645006276,
    "entailment_simplicity": 1.0,
    "class_distinctiveness": 0.6666666666666666,
    "overall_separation": 0.7064876199218394,
    "min_max_diff": 11.304240825288694,
    "std_dev": 4.752233686333951,
    "centroid_ent_to_neutral": 0.067914556741055,
    "centroid_ent_to_contradiction": 0.1491876447802955,
    "centroid_neutral_to_contradiction": 0.11381437631009529,
    "min_ent_to_neutral": 0.5142993519897086,
    "min_ent_to_contradiction": 0.710489433014664,
    "entailment_separation": 0.6205824360833554,
    "surface_gradient": 1.5,
    "surface_learning_score": 0.7810291218041677,
    "combined_surface_score": 0.7499525287046548
  },
  "canberra": {
    "phd_entailment": 23.271028936944823,
    "phd_neutral": 38.70288462665885,
    "phd_contradiction": 42.737268122223725,
    "surface_quality": 0.9262789089106322,
    "separation_ratio": 1.83650100895945,
    "entailment_simplicity": 1.0,
    "class_distinctiveness": 0.6666666666666666,
    "overall_separation": 1.095720630539889,
    "min_max_diff": 19.4662391852789,
    "std_dev": 8.388834432585133,
    "centroid_ent_to_neutral": 245.1339578979412,
    "centroid_ent_to_contradiction": 427.7788609795447,
    "centroid_neutral_to_contradiction": 399.6419829339229,
    "min_ent_to_neutral": 298.9305094052561,
    "min_ent_to_contradiction": 398.3678267885048,
    "entailment_separation": 1923.5082531838812,
    "surface_gradient": 1.5,
    "surface_learning_score": 96.92541265919405,
    "combined_surface_score": 48.92584578405234
  },
  "braycurtis": {
    "phd_entailment": 11.416672218667651,
    "phd_neutral": 15.81187243748213,
    "phd_contradiction": 17.288118537082042,
    "surface_quality": 0.5823814123603392,
    "separation_ratio": 1.514287018665024,
    "entailment_simplicity": 1.0,
    "class_distinctiveness": 0.6666666666666667,
    "overall_separation": 0.45707099289722547,
    "min_max_diff": 5.871446318414391,
    "std_dev": 2.4937916107377243,
    "centroid_ent_to_neutral": 0.09540166546458581,
    "centroid_ent_to_contradiction": 0.218685984045382,
    "centroid_neutral_to_contradiction": 0.17400518181281346,
    "min_ent_to_neutral": 0.1818958347606244,
    "min_ent_to_contradiction": 0.34514209939846535,
    "entailment_separation": 0.8978134597931388,
    "surface_gradient": 1.5,
    "surface_learning_score": 0.794890672989657,
    "combined_surface_score": 0.6886360426749981
  },
  "hyperbolic": {
    "phd_entailment": 16.997672525893027,
    "phd_neutral": 21.79335006483186,
    "phd_contradiction": 27.624733452613228,
    "surface_quality": 0.7026582751871897,
    "separation_ratio": 1.625206828201432,
    "entailment_simplicity": 1.0,
    "class_distinctiveness": 0.6666666666666667,
    "overall_separation": 0.6699253786010126,
    "min_max_diff": 10.627060926720201,
    "std_dev": 4.345342068276458,
    "centroid_ent_to_neutral": 4.861959307040134,
    "centroid_ent_to_contradiction": 5.623981090650708,
    "centroid_neutral_to_contradiction": 3.677770107710037,
    "min_ent_to_neutral": 7.820730635293915,
    "min_ent_to_contradiction": 8.31789062922768,
    "entailment_separation": 29.97385743222827,
    "surface_gradient": 1.0,
    "surface_learning_score": 1.9986928716114136,
    "combined_surface_score": 1.3506755733993017
  },
  "order_violation": {
    "phd_entailment": 16.370765301398617,
    "phd_neutral": 22.66087970951273,