{
  "order_asymmetry": {
    "euclidean": {
      "phd_entailment": 33.08330895936551,
      "phd_neutral": 47.8891020747534,
      "phd_contradiction": 34.77635383606908,
      "centroid_ent_to_neutral": 0.13338503241539001,
      "centroid_ent_to_contradiction": 0.5103654861450195,
      "centroid_neutral_to_contradiction": 0.3800249397754669,
      "min_ent_to_neutral": "0.19122215",
      "min_ent_to_contradiction": "0.2464231",
      "entailment_separation": 1.920377189271903
    },
    "manhattan": {
      "phd_entailment": 35.050280490638585,
      "phd_neutral": 51.50202708830331,
      "phd_contradiction": 36.465892013968876,
      "centroid_ent_to_neutral": 1.419979214668274,
      "centroid_ent_to_contradiction": 5.291802406311035,
      "centroid_neutral_to_contradiction": 3.8718230724334717,
      "min_ent_to_neutral": 1.6080536656081676,
      "min_ent_to_contradiction": 2.0226413756608963,
      "entailment_separation": 20.02196806478152
    },
    "chebyshev": {
      "phd_entailment": 22.40184166168908,
      "phd_neutral": 27.05415175212123,
      "phd_contradiction": 22.989316896030235,
      "centroid_ent_to_neutral": 0.02373257279396057,
      "centroid_ent_to_contradiction": 0.0968720093369484,
      "centroid_neutral_to_contradiction": 0.07598158717155457,
      "min_ent_to_neutral": 0.04972067475318909,
      "min_ent_to_contradiction": 0.05812053382396698,
      "entailment_separation": 0.35977646893985904
    },
    "cosine": {
      "phd_entailment": 12.308688757346104,
      "phd_neutral": 16.30420541805241,
      "phd_contradiction": 14.323478764494231,
      "centroid_ent_to_neutral": 0.0006579756736755371,
      "centroid_ent_to_contradiction": 0.007866501808166504,
      "centroid_neutral_to_contradiction": 0.004923701286315918,
      "min_ent_to_neutral": "0.13278306",
      "min_ent_to_contradiction": "0.120438576",
      "entailment_separation": 0.025429435215367936
    },
    "minkowski_3": {
      "phd_entailment": 31.6760207377467,
      "phd_neutral": 43.88583889446512,
      "phd_contradiction": 32.97814052488714,
      "centroid_ent_to_neutral": 0.062478921714960944,
      "centroid_ent_to_contradiction": 0.2458571909399858,
      "centroid_neutral_to_contradiction": 0.18589578853051772,
      "min_ent_to_neutral": 0.09888328282309877,
      "min_ent_to_contradiction": 0.13211202739143207,
      "entailment_separation": 0.9197998608148179
    },
    "minkowski_4": {
      "phd_entailment": 30.19811551872783,
      "phd_neutral": 40.378066178978415,
      "phd_contradiction": 31.015582302193106,
      "centroid_ent_to_neutral": 0.043649633346661616,
      "centroid_ent_to_contradiction": 0.17636541554917337,
      "centroid_neutral_to_contradiction": 0.13490613582152272,
      "min_ent_to_neutral": 0.07396292552476055,
      "min_ent_to_contradiction": 0.10003987009425219,
      "entailment_separation": 0.6563286071457438
    },
    "canberra": {
      "phd_entailment": 37.570538755235404,
      "phd_neutral": 52.06811623568882,
      "phd_contradiction": 44.816560058727156,
      "centroid_ent_to_neutral": 9.98555990509272,
      "centroid_ent_to_contradiction": 29.983520855149976,
      "centroid_neutral_to_contradiction": 20.44737055083832,
      "min_ent_to_neutral": 39.30200513831227,
      "min_ent_to_contradiction": 39.91732264136698,
      "entailment_separation": 119.232076332586
    },
    "braycurtis": {
      "phd_entailment": 24.721778269853367,
      "phd_neutral": 33.506379121370955,
      "phd_contradiction": 27.920901582864424,
      "centroid_ent_to_neutral": 0.08116246982671348,
      "centroid_ent_to_contradiction": 0.24765846149419987,
      "centroid_neutral_to_contradiction": 0.16991130618036268,
      "min_ent_to_neutral": 0.27694714178430085,
      "min_ent_to_contradiction": 0.2701084344672893,
      "entailment_separation": 0.9809082830347559
    }
  },
  "directional_order_asymmetry": {
    "euclidean": {
      "phd_entailment": 22.58383278796651,
      "phd_neutral": 25.52457692691644,
      "phd_contradiction": 22.247879594328325,
      "centroid_ent_to_neutral": 0.3891238272190094,
      "centroid_ent_to_contradiction": 0.8120429515838623,
      "centroid_neutral_to_contradiction": 0.5230165719985962,
      "min_ent_to_neutral": "0.37037435",
      "min_ent_to_contradiction": "0.4453071",
      "entailment_separation": 1.6665173583063246
    },
    "manhattan": {
      "phd_entailment": 22.455690908498113,
      "phd_neutral": 25.731466943383403,
      "phd_contradiction": 22.44208770462575,
      "centroid_ent_to_neutral": 5.645280838012695,
      "centroid_ent_to_contradiction": 10.597502708435059,
      "centroid_neutral_to_contradiction": 6.698208332061768,
      "min_ent_to_neutral": 4.572920083999634,
      "min_ent_to_contradiction": 5.460350379347801,
      "entailment_separation": 22.535488997077838
    },
    "chebyshev": {
      "phd_entailment": 17.87212646472008,
      "phd_neutral": 19.658755585442165,
      "phd_contradiction": 18.343183575869677,
      "centroid_ent_to_neutral": 0.045274109579622746,
      "centroid_ent_to_contradiction": 0.11813881993293762,
      "centroid_neutral_to_contradiction": 0.07977581582963467,
      "min_ent_to_neutral": 0.06202004477381706,
      "min_ent_to_contradiction": 0.07370661199092865,
      "entailment_separation": 0.226721624682115
    },
    "cosine": {
      "phd_entailment": 9.149381936581733,
      "phd_neutral": 9.420955058962042,
      "phd_contradiction": 9.197135616726461,
      "centroid_ent_to_neutral": 0.5946670770645142,
      "centroid_ent_to_contradiction": 0.9608507752418518,
      "centroid_neutral_to_contradiction": 0.17437392473220825,
      "min_ent_to_neutral": "0.2321266",
      "min_ent_to_contradiction": "0.20270735",
      "entailment_separation": 2.1581495157629274
    },
    "minkowski_3": {
      "phd_entailment": 22.361878949564787,
      "phd_neutral": 24.75870626770382,
      "phd_contradiction": 21.85954339852517,
      "centroid_ent_to_neutral": 0.16485891320791174,
      "centroid_ent_to_contradiction": 0.36565857994025913,
      "centroid_neutral_to_contradiction": 0.24036275462001838,
      "min_ent_to_neutral": 0.1743603209772722,
      "min_ent_to_contradiction": 0.21140432781309074,
      "entailment_separation": 0.7360481715101441
    },
    "minkowski_4": {
      "phd_entailment": 21.87122171052244,
      "phd_neutral": 24.037261495620594,
      "phd_contradiction": 21.50625930884854,
      "centroid_ent_to_neutral": 0.10919564780785612,
      "centroid_ent_to_contradiction": 0.252363540890785,
      "centroid_neutral_to_contradiction": 0.16829160384994196,
      "min_ent_to_neutral": 0.12495858662661656,
      "min_ent_to_contradiction": 0.15105732044432627,
      "entailment_separation": 0.5016328079119505
    },
    "canberra": {
      "phd_entailment": 25.913759032066412,
      "phd_neutral": 33.34693008578998,
      "phd_contradiction": 29.118998042749404,
      "centroid_ent_to_neutral": 174.72892010474933,
      "centroid_ent_to_contradiction": 175.19031233286992,
      "centroid_neutral_to_contradiction": 143.33397057790216,
      "min_ent_to_neutral": 117.48675241252876,
      "min_ent_to_contradiction": 116.32871700118304,
      "entailment_separation": 485.4833526479178
    },
    "braycurtis": {
      "phd_entailment": 14.006014243628167,
      "phd_neutral": 15.620077815108106,
      "phd_contradiction": 15.017744558642407,
      "centroid_ent_to_neutral": 0.761260255219859,
      "centroid_ent_to_contradiction": 1.0258995681644592,
      "centroid_neutral_to_contradiction": 0.5532017303291529,
      "min_ent_to_neutral": 0.38639088934337423,
      "min_ent_to_contradiction": 0.39236882837109005,
      "entailment_separation": 2.479533167497315
    }
  },
  "energy_based_order_asymmetry": {
    "euclidean": {
      "phd_entailment": 2.0775298086933893,
      "phd_neutral": 3.4171538522116416,
      "phd_contradiction": 2.0505635542182064,