{
  "euclidean": {
    "phd_entailment": 2.0775298086933893,
    "phd_neutral": 3.4171538522116416,
    "phd_contradiction": 2.0505635542182064,
    "centroid_ent_to_neutral": 0.9668750166893005,
    "centroid_ent_to_contradiction": 2.2695741653442383,
    "centroid_neutral_to_contradiction": 1.5829782485961914,
    "min_ent_to_neutral": "0.0026037092",
    "min_ent_to_contradiction": "0.011158303",
    "entailment_separation": 0.5266543500747888
  },
  "manhattan": {
    "phd_entailment": 2.1896551508263626,
    "phd_neutral": 2.841177940834859,
    "phd_contradiction": 2.039351762737875,
    "centroid_ent_to_neutral": 1.647053837776184,
    "centroid_ent_to_contradiction": 4.436136245727539,
    "centroid_neutral_to_contradiction": 3.086801528930664,
    "min_ent_to_neutral": 0.005343019962310791,
    "min_ent_to_contradiction": 0.020017385482788086,
    "entailment_separation": 0.9898930400619075
  },
  "chebyshev": {
    "phd_entailment": 2.0391689188157334,
    "phd_neutral": 4.1486161305173015,
    "phd_contradiction": 2.063290201173531,
    "centroid_ent_to_neutral": 0.8391867876052856,
    "centroid_ent_to_contradiction": 1.5023189783096313,
    "centroid_neutral_to_contradiction": 1.1984410285949707,
    "min_ent_to_neutral": 0.0017317533493041992,
    "min_ent_to_contradiction": 0.008968353271484375,
    "entailment_separation": 0.38102380973257377
  },
  "cosine": {
    "phd_entailment": 1.039514330325644,
    "phd_neutral": 1.0531354240618438,
    "phd_contradiction": 1.0915252899295458,
    "centroid_ent_to_neutral": 0.059876441955566406,
    "centroid_ent_to_contradiction": 0.055976271629333496,
    "centroid_neutral_to_contradiction": 0.034917593002319336,
    "min_ent_to_neutral": "0.0",
    "min_ent_to_contradiction": "2.2053719e-06",
    "entailment_separation": 0.0188522458242707
  },
  "minkowski_3": {
    "phd_entailment": 2.061705735230226,
    "phd_neutral": 3.774417593634468,
    "phd_contradiction": 2.0531232609309655,
    "centroid_ent_to_neutral": 0.8728069495426147,
    "centroid_ent_to_contradiction": 1.8760851915125663,
    "centroid_neutral_to_contradiction": 1.3452586956457577,
    "min_ent_to_neutral": 0.002117186969633534,
    "min_ent_to_contradiction": 0.009688017266173996,
    "entailment_separation": 0.4473161550040085
  },
  "minkowski_4": {
    "phd_entailment": 2.0541534795616596,
    "phd_neutral": 3.9393900543566582,
    "phd_contradiction": 2.0557765547839253,
    "centroid_ent_to_neutral": 0.8493765172351605,
    "centroid_ent_to_contradiction": 1.7218296380564038,
    "centroid_neutral_to_contradiction": 1.2690425917891444,
    "min_ent_to_neutral": 0.001938724026772278,
    "min_ent_to_contradiction": 0.009241318898566919,
    "entailment_separation": 0.41840202965045115
  },
  "canberra": {
    "phd_entailment": 2.509940879704779,
    "phd_neutral": 2.4312628399646004,
    "phd_contradiction": 2.104353918000161,
    "centroid_ent_to_neutral": 1.0857897318577605,
    "centroid_ent_to_contradiction": 2.016167447196726,
    "centroid_neutral_to_contradiction": 1.3722216670122656,
    "min_ent_to_neutral": 0.003026722188216912,
    "min_ent_to_contradiction": 0.013071006239860843,
    "entailment_separation": 0.5047690077025397
  },
  "braycurtis": {
    "phd_entailment": 2.0617835233229935,
    "phd_neutral": 2.2517672118722634,
    "phd_contradiction": 2.0415111664760914,
    "centroid_ent_to_neutral": 0.2191759256713594,
    "centroid_ent_to_contradiction": 0.41844187023309454,
    "centroid_neutral_to_contradiction": 0.2582904326258126,
    "min_ent_to_neutral": 0.0004384199790196567,
    "min_ent_to_contradiction": 0.00301156103844424,
    "entailment_separation": 0.10375697778983377
  }
}