{
  "euclidean": {
    "phd_entailment": 33.08330895936551,
    "phd_neutral": 47.8891020747534,
    "phd_contradiction": 34.77635383606908,
    "centroid_ent_to_neutral": 0.13338503241539001,
    "centroid_ent_to_contradiction": 0.5103654861450195,
    "centroid_neutral_to_contradiction": 0.3800249397754669,
    "min_ent_to_neutral": "0.19122215",
    "min_ent_to_contradiction": "0.2464231",
    "entailment_separation": 1.920377189271903
  },
  "manhattan": {
    "phd_entailment": 35.050280490638585,
    "phd_neutral": 51.50202708830331,
    "phd_contradiction": 36.465892013968876,
    "centroid_ent_to_neutral": 1.419979214668274,
    "centroid_ent_to_contradiction": 5.291802406311035,
    "centroid_neutral_to_contradiction": 3.8718230724334717,
    "min_ent_to_neutral": 1.6080536656081676,
    "min_ent_to_contradiction": 2.0226413756608963,
    "entailment_separation": 20.02196806478152
  },
  "chebyshev": {
    "phd_entailment": 22.40184166168908,
    "phd_neutral": 27.05415175212123,
    "phd_contradiction": 22.989316896030235,
    "centroid_ent_to_neutral": 0.02373257279396057,
    "centroid_ent_to_contradiction": 0.0968720093369484,
    "centroid_neutral_to_contradiction": 0.07598158717155457,
    "min_ent_to_neutral": 0.04972067475318909,
    "min_ent_to_contradiction": 0.05812053382396698,
    "entailment_separation": 0.35977646893985904
  },
  "cosine": {
    "phd_entailment": 12.308688757346104,
    "phd_neutral": 16.30420541805241,
    "phd_contradiction": 14.323478764494231,
    "centroid_ent_to_neutral": 0.0006579756736755371,
    "centroid_ent_to_contradiction": 0.007866501808166504,
    "centroid_neutral_to_contradiction": 0.004923701286315918,
    "min_ent_to_neutral": "0.13278306",
    "min_ent_to_contradiction": "0.120438576",
    "entailment_separation": 0.025429435215367936
  },
  "minkowski_3": {
    "phd_entailment": 31.6760207377467,
    "phd_neutral": 43.88583889446512,
    "phd_contradiction": 32.97814052488714,
    "centroid_ent_to_neutral": 0.062478921714960944,
    "centroid_ent_to_contradiction": 0.2458571909399858,
    "centroid_neutral_to_contradiction": 0.18589578853051772,
    "min_ent_to_neutral": 0.09888328282309877,
    "min_ent_to_contradiction": 0.13211202739143207,
    "entailment_separation": 0.9197998608148179
  },
  "minkowski_4": {
    "phd_entailment": 30.19811551872783,
    "phd_neutral": 40.378066178978415,
    "phd_contradiction": 31.015582302193106,
    "centroid_ent_to_neutral": 0.043649633346661616,
    "centroid_ent_to_contradiction": 0.17636541554917337,
    "centroid_neutral_to_contradiction": 0.13490613582152272,
    "min_ent_to_neutral": 0.07396292552476055,
    "min_ent_to_contradiction": 0.10003987009425219,
    "entailment_separation": 0.6563286071457438
  },
  "canberra": {
    "phd_entailment": 37.570538755235404,
    "phd_neutral": 52.06811623568882,
    "phd_contradiction": 44.816560058727156,
    "centroid_ent_to_neutral": 9.98555990509272,
    "centroid_ent_to_contradiction": 29.983520855149976,
    "centroid_neutral_to_contradiction": 20.44737055083832,
    "min_ent_to_neutral": 39.30200513831227,
    "min_ent_to_contradiction": 39.91732264136698,
    "entailment_separation": 119.232076332586
  },
  "braycurtis": {
    "phd_entailment": 24.721778269853367,
    "phd_neutral": 33.506379121370955,
    "phd_contradiction": 27.920901582864424,
    "centroid_ent_to_neutral": 0.08116246982671348,
    "centroid_ent_to_contradiction": 0.24765846149419987,
    "centroid_neutral_to_contradiction": 0.16991130618036268,
    "min_ent_to_neutral": 0.27694714178430085,
    "min_ent_to_contradiction": 0.2701084344672893,
    "entailment_separation": 0.9809082830347559
  }
}