{
  "euclidean": {
    "phd_entailment": 25.972488196871904,
    "phd_neutral": 32.26090234043622,
    "phd_contradiction": 26.658929418374818,
    "centroid_ent_to_neutral": 0.471787691116333,
    "centroid_ent_to_contradiction": 1.3043410778045654,
    "centroid_neutral_to_contradiction": 0.9226169586181641,
    "min_ent_to_neutral": "0.5495466",
    "min_ent_to_contradiction": "0.6895865",
    "entailment_separation": 1.8851412750625733
  },
  "manhattan": {
    "phd_entailment": 25.328987000245235,
    "phd_neutral": 32.00943720103938,
    "phd_contradiction": 25.650685961753265,
    "centroid_ent_to_neutral": 8.48523998260498,
    "centroid_ent_to_contradiction": 21.181106567382812,
    "centroid_neutral_to_contradiction": 14.441853523254395,
    "min_ent_to_neutral": 7.9966553300619125,
    "min_ent_to_contradiction": 10.020402416586876,
    "entailment_separation": 31.487162046066068
  },
  "chebyshev": {
    "phd_entailment": 22.057197653462563,
    "phd_neutral": 25.755952634354873,
    "phd_contradiction": 22.880448068792475,
    "centroid_ent_to_neutral": 0.04746514558792114,
    "centroid_ent_to_contradiction": 0.1937440186738968,
    "centroid_neutral_to_contradiction": 0.15196317434310913,
    "min_ent_to_neutral": 0.09944134950637817,
    "min_ent_to_contradiction": 0.11624106764793396,
    "entailment_separation": 0.2560137302148233
  },
  "cosine": {
    "phd_entailment": 10.57608471734752,
    "phd_neutral": 11.963861347739842,
    "phd_contradiction": 11.032972842740941,
    "centroid_ent_to_neutral": 0.033213257789611816,
    "centroid_ent_to_contradiction": 0.08136898279190063,
    "centroid_neutral_to_contradiction": 0.021103382110595703,
    "min_ent_to_neutral": "0.1832304",
    "min_ent_to_contradiction": "0.171601",
    "entailment_separation": 0.12161489351956939
  },
  "minkowski_3": {
    "phd_entailment": 26.23830378609212,
    "phd_neutral": 31.910942634322655,
    "phd_contradiction": 26.805230937686265,
    "centroid_ent_to_neutral": 0.18597017833670443,
    "centroid_ent_to_contradiction": 0.5515427858096812,
    "centroid_neutral_to_contradiction": 0.4026473269237853,
    "min_ent_to_neutral": 0.2449635093366757,
    "min_ent_to_contradiction": 0.31072364385702717,
    "entailment_separation": 0.7827789031595909
  },
  "minkowski_4": {
    "phd_entailment": 26.219814791596338,
    "phd_neutral": 31.20328057641998,
    "phd_contradiction": 26.69132220865849,
    "centroid_ent_to_neutral": 0.11895882085236237,
    "centroid_ent_to_contradiction": 0.3738607654216997,
    "centroid_neutral_to_contradiction": 0.27948867244670156,
    "min_ent_to_neutral": 0.16988807138350304,
    "min_ent_to_contradiction": 0.22038140796382824,
    "entailment_separation": 0.5230671106177385
  },
  "canberra": {
    "phd_entailment": 28.580429944414036,
    "phd_neutral": 38.62370329745314,
    "phd_contradiction": 32.148002363632564,
    "centroid_ent_to_neutral": 184.71447995084503,
    "centroid_ent_to_contradiction": 205.17383236251544,
    "centroid_neutral_to_contradiction": 163.78134045290034,
    "min_ent_to_neutral": 161.96284339746674,
    "min_ent_to_contradiction": 163.41167318546084,
    "entailment_separation": 413.81827887003664
  },
  "braycurtis": {
    "phd_entailment": 17.094735907606278,
    "phd_neutral": 20.990232599669806,
    "phd_contradiction": 18.329237701469996,
    "centroid_ent_to_neutral": 0.2000917843751688,
    "centroid_ent_to_contradiction": 0.39915671895292726,
    "centroid_neutral_to_contradiction": 0.25036711199760764,
    "min_ent_to_neutral": 0.34208973865436243,
    "min_ent_to_contradiction": 0.3423847616139516,
    "entailment_separation": 0.6360282584294858
  }
}