{
  "euclidean": {
    "phd_entailment": 4.937434922802666,
    "phd_neutral": 6.284980681069407,
    "phd_contradiction": 5.6962846070529105
  },
  "manhattan": {
    "phd_entailment": 4.60217834360314,
    "phd_neutral": 6.0792673593998305,
    "phd_contradiction": 5.420957386585282
  },
  "chebyshev": {
    "phd_entailment": 5.725190936670238,
    "phd_neutral": 6.6384784658246545,
    "phd_contradiction": 6.083202352282391
  },
  "cosine": {
    "phd_entailment": 3.9606969096940494,
    "phd_neutral": 6.0560097413559495,
    "phd_contradiction": 5.407195319632904
  },
  "minkowski_3": {
    "phd_entailment": 5.182725103072039,
    "phd_neutral": 6.451894561513574,
    "phd_contradiction": 5.865071121261755
  },
  "minkowski_4": {
    "phd_entailment": 5.3565649846281405,
    "phd_neutral": 6.553042480032814,
    "phd_contradiction": 5.990287075422087
  },
  "canberra": {
    "phd_entailment": 6.8861909485150905,
    "phd_neutral": 11.181045230005013,
    "phd_contradiction": 10.511943976003042
  },
  "braycurtis": {
    "phd_entailment": 5.617734249073936,
    "phd_neutral": 7.972371552807334,
    "phd_contradiction": 7.471256722464756
  }
}