{
  "epoch": [
    1,
    2,
    3,
    4,
    5,
    6,
    7,
    8,
    9,
    10,
    11,
    12,
    13,
    14,
    15,
    16,
    17,
    18,
    19,
    20,
    21,
    22,
    23,
    24,
    25,
    26,
    27,
    28,
    29,
    30,
    31,
    32,
    33,
    34
  ],
  "train_loss": [
    1.9218666602335384,
    1.8872777083732561,
    1.8765895462124929,
    1.2172748800540547,
    1.1941237289812312,
    1.1813486146305305,
    1.0937207297905864,
    1.0843487622795602,
    1.077011272227964,
    1.0243320889091136,
    1.016177134362901,
    1.0106595543731747,
    0.9447775029159347,
    0.9400367064182985,
    0.9352157832967947,
    0.9192258239458393,
    0.9131002348450531,
    0.909370003909816,
    0.8646204616992389,
    0.8596633678264014,
    0.8560569392902225,
    0.8095582866801896,
    0.8037790309783467,
    0.8009861515664966,
    0.7707798780675706,
    0.7681928459048493,
    0.7649192442663111,
    0.7351232559543304,
    0.7323587285961741,
    0.7280628087356326,
    0.714025529181269,
    0.7097899092420298,
    0.7068563910613956,
    0.6766439745102071
  ],
  "train_contrastive_loss": [
    1.9218666602335384,
    1.8872777083732561,
    1.8765895462124929,
    1.2172748800540547,
    1.1941237289812312,
    1.1813486146305305,
    1.0937207297905864,
    1.0843487622795602,
    1.077011272227964,
    1.0243320889091136,
    1.016177134362901,
    1.0106595543731747,
    0.9447775029159347,
    0.9400367064182985,
    0.9352157832967947,
    0.9192258239458393,
    0.9131002348450531,
    0.909370003909816,
    0.8646204616992389,
    0.8596633678264014,
    0.8560569392902225,
    0.8095582866801896,
    0.8037790309783467,
    0.8009861515664966,
    0.7707798780675706,
    0.7681928459048493,
    0.7649192442663111,
    0.7351232559543304,
    0.7323587285961741,
    0.7280628087356326,
    0.714025529181269,
    0.7097899092420298,
    0.7068563910613956,
    0.6766439745102071
  ],
  "train_reconstruction_loss": [
    0.01091420693666409,
    0.010711381381838903,
    0.010710987548588374,
    0.010711074321144008,
    0.010710908892587022,
    0.010711075099847615,
    0.01071112445994407,
    0.010711070951386537,
    0.010711055842108567,
    0.010711010562835237,
    0.01071100537205597,
    0.01071107248798207,
    0.010711034050547765,
    0.010710963514569308,
    0.01071106220874762,
    0.010710974029669437,
    0.01071102273766666,
    0.010710998320365862,
    0.010711117798472915,
    0.01071107372107397,
    0.01071117558556451,
    0.010711061962476101,
    0.010711081358959667,
    0.010711068348192524,
    0.010711004388704202,
    0.01071103481537692,
    0.010711004118152392,
    0.010711087461984136,
    0.01071108516055945,
    0.010711075479660732,
    0.010711130824848815,
    0.01071118796330979,
    0.010711067096023253,
    0.010711068408893252
  ],
  "val_loss": [
    1.891149467892117,
    1.8751030762990315,
    1.8716511461469862,
    1.1941905551486545,
    1.185230427318149,
    1.1838232676188152,
    1.110620657602946,
    1.0994658470153809,
    1.1024114555782742,
    1.0533519453472562,
    1.047962745030721,
    1.0448499123255413,
    0.9843542046017117,
    0.976176467206743,
    0.9767517778608534,
    0.9700127575132582,
    0.9773724012904697,
    0.966764940155877,
    0.9213820099830627,
    0.9238847295443217,
    0.9254792994923062,
    0.8805133634143405,
    0.8889663086997138,
    0.8847593598895602,
    0.8598175976011488,
    0.8527115053600736,
    0.8436159425311618,
    0.8219443228509691,
    0.8265536295043098,
    0.8333096901575724,
    0.8017240696483188,
    0.8021596074104309,
    0.8171927001741197,
    0.7889609071943495
  ],
  "val_contrastive_loss": [
    1.891149467892117,
    1.8751030762990315,
    1.8716511461469862,
    1.1941905551486545,
    1.185230427318149,
    1.1838232676188152,
    1.110620657602946,
    1.0994658470153809,
    1.1024114555782742,
    1.0533519453472562,
    1.047962745030721,
    1.0448499123255413,
    0.9843542046017117,
    0.976176467206743,
    0.9767517778608534,
    0.9700127575132582,
    0.9773724012904697,
    0.966764940155877,
    0.9213820099830627,
    0.9238847295443217,
    0.9254792994923062,
    0.8805133634143405,
    0.8889663086997138,
    0.8847593598895602,
    0.8598175976011488,
    0.8527115053600736,
    0.8436159425311618,
    0.8219443228509691,
    0.8265536295043098,
    0.8333096901575724,
    0.8017240696483188,
    0.8021596074104309,
    0.8171927001741197,
    0.7889609071943495
  ],
  "val_reconstruction_loss": [
    0.010634770409928428,
    0.010631487290892336,
    0.01062926919096046,
    0.010629804184039434,
    0.01062478714932998,
    0.010634024627506733,
    0.010630082028607527,
    0.010631304130785994,
    0.010629904456436634,
    0.010629574975205792,
    0.010632257701622115,
    0.010624084725148149,
    0.01062867728372415,
    0.01062945555895567,
    0.010633209720253944,
    0.010635135488377677,
    0.010629918943676684,
    0.010629803149236573,
    0.010629967889851995,
    0.010626062647336058,
    0.010629711465703117,
    0.010626217764284875,
    0.010631498156322373,
    0.010632889448768564,
    0.010631861061685614,
    0.01063007271538178,
    0.010630082856449816,
    0.010630112037890486,
    0.01063361650125848,
    0.010630544068084823,
    0.01063046521610684,
    0.01063236811508735,
    0.010628740096257793,
    0.010629420479138693
  ],
  "learning_rate": [
    0.0001,
    0.0001,
    0.0001,
    0.0001,
    0.0001,
    0.0001,
    0.0001,
    0.0001,
    0.0001,
    0.0001,
    0.0001,
    0.0001,
    0.0001,
    0.0001,
    0.0001,
    0.0001,
    0.0001,
    0.0001,
    0.0001,
    0.0001,
    0.0001,
    0.0001,
    0.0001,
    0.0001,
    0.0001,
    0.0001,
    0.0001,
    0.0001,
    0.0001,
    0.0001,
    0.0001,
    0.0001,
    0.0001,
    0.0001
  ],
  "train_separation_ratio": [
    1.7589989412914624,
    2.2042158625342627,
    2.4023632244630293,
    2.5218531651930376,
    2.7034638686613603,
    2.874011419036172,
    2.9613576477224175,
    3.0400488701733677,
    3.139060052958402,
    3.2246913584795864,
    3.2937637242403897,
    3.2978921695189043,
    3.4096551700071855,
    3.4529651295055044,
    3.5727431665767324,
    3.560874115337025,
    3.583554647185586,
    3.738905256444758,
    3.75803757797588,
    3.8008499578996138,
    3.8093738447536123,
    3.8229294473474678,
    3.9227976365522905,
    3.9890014149925928,
    4.006803523410451,
    4.0239551717584785,
    4.076552445238287,
    4.183613657951355,
    4.125072479248047,
    4.221870118921453,
    4.24824164130471,
    4.2750960046594795,
    4.35080121863972,
    4.468357758088545
  ],
  "val_separation_ratio": [
    2.18577249844869,
    2.4187587632073297,
    2.5190113915337458,
    2.6704667144351535,
    2.74367086092631,
    2.8449098534054227,
    2.9204956690470376,
    2.9360797935061984,
    2.9613450633154974,
    2.9777565002441406,
    2.9977278179592557,
    2.9990413983662925,
    3.0109039147694907,
    3.0305918057759604,
    3.060660203297933,
    3.043641355302599,
    3.053130626678467,
    3.080965942806668,
    3.0854341983795166,
    3.1093873182932534,
    3.09479382303026,
    3.069499890009562,
    3.1310870912339954,
    3.1023244857788086,
    3.1048669550153942,
    3.153269264433119,
    3.1467947959899902,
    3.1514058113098145,
    3.1377529303232827,
    3.1178989145490856,
    3.1757998996310763,
    3.174807866414388,
    3.16741763220893,
    3.1203247441185846
  ]
}