{
  "epoch": [
    1
  ],
  "train_loss": [
    1.9218666602335384
  ],
  "train_contrastive_loss": [
    1.9218666602335384
  ],
  "train_reconstruction_loss": [
    0.01091420693666409
  ],
  "val_loss": [
    1.891149467892117
  ],
  "val_contrastive_loss": [
    1.891149467892117
  ],
  "val_reconstruction_loss": [
    0.010634770409928428
  ],
  "learning_rate": [
    0.0001
  ],
  "train_separation_ratio": [
    1.7589989412914624
  ],
  "val_separation_ratio": [
    2.18577249844869
  ]
}