{
  "epoch": [
    1,
    2,
    3,
    4,
    5
  ],
  "train_loss": [
    1.9218666602335384,
    1.8872777083732561,
    1.8765895462124929,
    1.2172748800540547,
    1.1941237289812312
  ],
  "train_contrastive_loss": [
    1.9218666602335384,
    1.8872777083732561,
    1.8765895462124929,
    1.2172748800540547,
    1.1941237289812312
  ],
  "train_reconstruction_loss": [
    0.01091420693666409,
    0.010711381381838903,
    0.010710987548588374,
    0.010711074321144008,
    0.010710908892587022
  ],
  "val_loss": [
    1.891149467892117,
    1.8751030762990315,
    1.8716511461469862,
    1.1941905551486545,
    1.185230427318149
  ],
  "val_contrastive_loss": [
    1.891149467892117,
    1.8751030762990315,
    1.8716511461469862,
    1.1941905551486545,
    1.185230427318149
  ],
  "val_reconstruction_loss": [
    0.010634770409928428,
    0.010631487290892336,
    0.01062926919096046,
    0.010629804184039434,
    0.01062478714932998
  ],
  "learning_rate": [
    0.0001,
    0.0001,
    0.0001,
    0.0001,
    0.0001
  ],
  "train_separation_ratio": [
    1.7589989412914624,
    2.2042158625342627,
    2.4023632244630293,
    2.5218531651930376,
    2.7034638686613603
  ],
  "val_separation_ratio": [
    2.18577249844869,
    2.4187587632073297,
    2.5190113915337458,
    2.6704667144351535,
    2.74367086092631
  ]
}