{
  "epoch": [
    1,
    2
  ],
  "train_loss": [
    1.9218666602335384,
    1.8872777083732561
  ],
  "train_contrastive_loss": [
    1.9218666602335384,
    1.8872777083732561
  ],
  "train_reconstruction_loss": [
    0.01091420693666409,
    0.010711381381838903
  ],
  "val_loss": [
    1.891149467892117,
    1.8751030762990315
  ],
  "val_contrastive_loss": [
    1.891149467892117,
    1.8751030762990315
  ],
  "val_reconstruction_loss": [
    0.010634770409928428,
    0.010631487290892336
  ],
  "learning_rate": [
    0.0001,
    0.0001
  ],
  "train_separation_ratio": [
    1.7589989412914624,
    2.2042158625342627
  ],
  "val_separation_ratio": [
    2.18577249844869,
    2.4187587632073297
  ]
}