{
  "timestamp": "20250828_184138",
  "test_config": {
    "n_clusters": 3,
    "samples_per_class": 10,
    "sample_size": 1000,
    "random_state": 42,
    "ph_params": {
      "min_points": 200,
      "max_points": 1000,
      "point_jump": 50,
      "h_dim": 0,
      "alpha": 1.0
    },
    "methodology": "CORRECTED: Extract samples -> Compute H0+H1 diagrams -> Create combined images -> Cluster"
  },
  "results": {
    "natural_clustering_accuracy_mean": 0.95,
    "natural_clustering_accuracy_std": 0.022360679774997894,
    "natural_clustering_accuracy_min": 0.9333333333333333,
    "natural_clustering_accuracy_max": 1.0,
    "natural_clustering_accuracy_all_runs": [
      0.9333333333333333,
      0.9333333333333333,
      0.9333333333333333,
      1.0,
      0.9666666666666667,
      0.9666666666666667,
      0.9666666666666667,
      0.9333333333333333,
      0.9333333333333333,
      0.9333333333333333
    ],
    "adjusted_rand_score_mean": 0.8527485116437367,
    "adjusted_rand_score_std": 0.06441553550560492,
    "normalized_mutual_info_mean": 0.8701951790836648,
    "normalized_mutual_info_std": 0.05384409907113543,
    "silhouette_score_mean": 0.6003476218790395,
    "silhouette_score_std": 0.033238653489893646,
    "n_runs": 10,
    "successful_runs": 10,
    "samples_per_class": 10,
    "sample_size": 1000,
    "clustering_method": "Combined H0+H1 persistence images",
    "accuracy_coefficient_of_variation": 0.023537557657892522,
    "runs_above_90_percent": 10,
    "runs_above_95_percent": 4,
    "runs_above_99_percent": 1,
    "image_info_by_run": [
      {
        "n_images": 30,
        "image_shape": [
          30,
          400
        ],
        "labels": [
          0,
          0,
          0,
          0,
          0,
          0,
          0,
          0,
          0,
          0,
          1,
          1,
          1,
          1,
          1,
          1,
          1,
          1,
          1,
          1,
          2,
          2,
          2,
          2,
          2,
          2,
          2,
          2,
          2,
          2
        ],
        "natural_mapping": {
          "0": 0,
          "1": 2,
          "2": 1
        }
      },
      {
        "n_images": 30,
        "image_shape": [
          30,
          400
        ],
        "labels": [
          0,
          0,
          0,
          0,
          0,
          0,
          0,
          0,
          0,
          0,
          1,
          1,
          1,
          1,
          1,
          1,
          1,
          1,
          1,
          1,
          2,
          2,
          2,
          2,
          2,
          2,
          2,
          2,
          2,
          2
        ],
        "natural_mapping": {
          "0": 0,
          "1": 1,
          "2": 2
        }
      },
      {
        "n_images": 30,
        "image_shape": [
          30,
          400
        ],
        "labels": [
          0,
          0,
          0,
          0,
          0,
          0,
          0,
          0,
          0,
          0,
          1,
          1,
          1,
          1,
          1,
          1,
          1,
          1,
          1,
          1,
          2,
          2,
          2,
          2,
          2,
          2,
          2,
          2,
          2,
          2
        ],
        "natural_mapping": {
          "0": 1,
          "1": 0,
          "2": 2
        }
      },
      {
        "n_images": 30,
        "image_shape": [
          30,
          400
        ],
        "labels": [
          0,
          0,
          0,
          0,
          0,
          0,
          0,
          0,
          0,
          0,
          1,
          1,
          1,
          1,
          1,
          1,
          1,
          1,
          1,
          1,
          2,
          2,
          2,
          2,
          2,
          2,
          2,
          2,
          2,
          2
        ],
        "natural_mapping": {
          "0": 2,
          "1": 0,
          "2": 1
        }
      },
      {
        "n_images": 30,
        "image_shape": [
          30,
          400
        ],
        "labels": [
          0,
          0,
          0,
          0,
          0,
          0,
          0,
          0,
          0,
          0,
          1,
          1,
          1,
          1,
          1,
          1,
          1,
          1,
          1,
          1,
          2,
          2,
          2,
          2,
          2,
          2,
          2,
          2,
          2,
          2
        ],
        "natural_mapping": {
          "0": 2,
          "1": 0,
          "2": 1
        }
      },
      {
        "n_images": 30,
        "image_shape": [
          30,
          400
        ],
        "labels": [
          0,
          0,
          0,
          0,
          0,
          0,
          0,
          0,
          0,
          0,
          1,
          1,
          1,
          1,
          1,
          1,
          1,
          1,
          1,
          1,
          2,
          2,
          2,
          2,
          2,
          2,
          2,
          2,
          2,
          2
        ],
        "natural_mapping": {
          "0": 0,
          "1": 2,
          "2": 1
        }
      },
      {
        "n_images": 30,
        "image_shape": [
          30,
          400
        ],
        "labels": [
          0,
          0,
          0,
          0,
          0,
          0,
          0,
          0,
          0,
          0,
          1,
          1,
          1,
          1,
          1,
          1,
          1,
          1,
          1,
          1,
          2,
          2,
          2,
          2,
          2,
          2,
          2,
          2,
          2,
          2
        ],
        "natural_mapping": {
          "0": 0,
          "1": 2,
          "2": 1
        }
      },
      {
        "n_images": 30,
        "image_shape": [
          30,
          400
        ],
        "labels": [
          0,
          0,
          0,
          0,
          0,
          0,
          0,
          0,
          0,
          0,
          1,
          1,
          1,
          1,
          1,
          1,
          1,
          1,
          1,
          1,
          2,
          2,
          2,
          2,
          2,
          2,
          2,
          2,
          2,
          2
        ],
        "natural_mapping": {
          "0": 0,
          "1": 2,
          "2": 1
        }
      },
      {
        "n_images": 30,
        "image_shape": [
          30,
          400
        ],
        "labels": [
          0,
          0,
          0,
          0,
          0,
          0,
          0,
          0,
          0,
          0,
          1,
          1,
          1,
          1,
          1,
          1,
          1,
          1,
          1,
          1,
          2,
          2,
          2,
          2,
          2,
          2,
          2,
          2,
          2,
          2
        ],
        "natural_mapping": {
          "0": 2,
          "1": 0,
          "2": 1
        }
      },
      {
        "n_images": 30,
        "image_shape": [
          30,
          400
        ],
        "labels": [
          0,
          0,
          0,
          0,
          0,
          0,
          0,
          0,
          0,
          0,
          1,
          1,
          1,
          1,
          1,
          1,
          1,
          1,
          1,
          1,
          2,
          2,
          2,
          2,
          2,
          2,
          2,
          2,
          2,
          2
        ],
        "natural_mapping": {
          "0": 2,
          "1": 0,
          "2": 1
        }
      }
    ],
    "clustering_consistency": "EXCELLENT (Very consistent across runs)",
    "model_name": "moor_topological+reconstruction",