model_name,accuracy_mean,accuracy_std,accuracy_min,accuracy_max,coefficient_of_variation,consistency,runs_above_90_percent,runs_above_95_percent,runs_above_99_percent,successful_runs,sbert_retention_percent
contrastive+recon_no_attention,0.6599999999999999,0.05537749241945382,0.5333333333333333,0.7333333333333333,0.083905291544627,GOOD (Reasonably consistent),0,0,0,10,65.99999999999999
moor_signatureh0h1_lifted_no_attention,0.5166666666666666,0.06871842709362766,0.43333333333333335,0.6666666666666666,0.13300340727798904,MODERATE (Some variation),0,0,0,10,51.66666666666666
moor_signatureh0only_lifted_no_attention,0.7066666666666667,0.10306416555826875,0.5,0.8333333333333334,0.1458455172994369,MODERATE (Some variation),0,0,0,10,70.66666666666667
moor_topo+contrastive_no_attention,0.9200000000000002,0.04268749491621898,0.8333333333333334,1.0,0.04639945099589019,EXCELLENT (Very consistent across runs),9,2,1,10,92.00000000000001
