{
  "epoch": [
    1,
    2,
    3,
    4,
    5,
    6,
    7,
    8,
    9,
    10,
    11,
    12,
    13,
    14,
    15,
    16,
    17,
    18,
    19,
    20,
    21,
    22,
    23,
    24,
    25,
    26,
    27,
    28,
    29,
    30,
    31,
    32,
    33,
    34,
    35,
    36,
    37,
    38,
    39,
    40,
    41,
    42,
    43,
    44,
    45,
    46,
    47,
    48,
    49,
    50,
    51,
    52,
    53,
    54,
    55,
    56,
    57,
    58,
    59,
    60,
    61,
    62,
    63,
    64,
    65,
    66,
    67,
    68,
    69,
    70,
    71,
    72,
    73,
    74,
    75,
    76,
    77,
    78,
    79,
    80,
    81,
    82,
    83,
    84,
    85,
    86,
    87,
    88,
    89,
    90,
    91
  ],
  "train_loss": [
    3.0320124373089667,
    2.8206130033098784,
    2.729203706791059,
    2.294953125149178,
    2.251791949600703,
    2.2280474836821886,
    2.0426760079474424,
    2.0255216966128216,
    2.0134838517595712,
    1.9772907779647428,
    1.9692192253009788,
    1.960243003106428,
    1.9039896289285556,
    1.8989418265539841,
    1.8921416500649195,
    1.895954300349429,
    1.890969144565433,
    1.8851948465936899,
    1.8507523165956778,
    1.8472079458183417,
    1.8430664379503474,
    1.8269790755081887,
    1.82246192651532,
    1.8209081794962536,
    1.805252933635392,
    1.8017088190359332,
    1.7984453628405068,
    1.791873062567116,
    1.7879854351892595,
    1.7869274742776455,
    1.8024644241208694,
    1.8009325685447821,
    1.7963631237463356,
    1.7951767893032877,
    1.7921841770577032,
    1.7906436356308295,
    1.7545431019873592,
    1.7528530294890732,
    1.7512214874200094,
    1.7635242213084046,
    1.7602482143949085,
    1.7597840831266436,
    1.7404906720866482,
    1.7380957252708449,
    1.7360733188064406,
    1.728476205795615,
    1.7280600292944597,
    1.725999677203443,
    1.727505324273136,
    1.7273311914678393,
    1.7242849001893341,
    1.720031069199688,
    1.7194553373912194,
    1.717144628254839,
    1.7285113747559446,
    1.7290257239918914,
    1.7262465294512956,
    1.7341747725698091,
    1.7345122367532115,
    1.731586963770776,
    1.702614488992389,
    1.7001059230701439,
    1.699935784109034,
    1.7028055419691004,
    1.6999311922204783,
    1.6983142183257658,
    1.6893515418139693,
    1.6868967583725571,
    1.6867538086750875,
    1.6720193691093828,
    1.6692764699126088,
    1.6677774679283413,
    1.6514114561027655,
    1.6487361869776493,
    1.6494689718083075,
    1.6630166991018938,
    1.662020798724013,
    1.66144563010729,
    1.6489375179262356,
    1.6472224365621528,
    1.6451410638997452,
    1.618975209568244,
    1.6173124848353353,
    1.6150732226877904,
    1.6136815945307414,
    1.6122224162188765,
    1.6131311197742626,
    1.5828437403371658,
    1.5823370358131452,
    1.5810494169842597,
    1.565016512098259
  ],
  "train_contrastive_loss": [
    1.999253070776245,
    1.9967883527833878,
    1.9558033033012234,
    1.5307572220956813,
    1.5019094848544017,
    1.4881213252992824,
    1.3057236729165473,
    1.2938044270989615,
    1.285800925402224,
    1.2519874990097415,
    1.2465606770257933,
    1.240075642392178,
    1.185161624762821,
    1.1821621461065566,
    1.1772218476460632,
    1.1827028721182484,
    1.1794170143440006,
    1.1753410680333995,
    1.142189430124933,
    1.1401812710575552,
    1.1374902392232884,
    1.1226781218189545,
    1.1195143023904697,
    1.1192771777982375,
    1.1048268004280672,
    1.1024354698493717,
    1.1006554478373607,
    1.0952640745226898,
    1.0925414941830343,
    1.0926584733487064,
    1.1095092023551132,
    1.10901627727061,
    1.1054493528504612,
    1.1052308353409865,
    1.1032935494151195,
    1.1025552345609753,
    1.0673842567749308,
    1.0665242179146026,
    1.0657792017002568,
    1.0789606255969966,
    1.0765202114257955,
    1.0768207114058055,
    1.0581494738491777,
    1.056430322941899,
    1.055031353201946,
    1.0481296726667237,
    1.0483235467079632,
    1.0468155412034617,
    1.0488434110939835,
    1.049285803205252,
    1.0467578339177137,
    1.0430897054725519,
    1.0430328154475108,
    1.0412829863514537,
    1.0532906539391318,
    1.054227184760948,
    1.0519688881975313,
    1.0601981944878007,
    1.0610436904807774,
    1.0586527768016083,
    1.030020618682911,
    1.0278278124177034,
    1.0280389099813707,
    1.0312993445431942,
    1.0288160272372724,
    1.0274875947661017,
    1.0188084384582563,
    1.016621371554263,
    1.0169370233235635,
    1.0023939751601973,
    0.9999878568578254,
    0.9987202238992162,
    0.9825073077692,
    0.9800154911961192,
    0.980917800405172,
    0.994906809520899,
    0.9940833605867524,
    0.9936288097939234,
    0.9812432840549746,
    0.9797329766124321,
    0.977941841941528,
    0.951694360436452,
    0.950002682053621,
    0.9479967654306352,
    0.9466834054978867,
    0.9452161085228237,
    0.9461489413037646,
    0.9160669322786384,
    0.9155277301257327,
    0.9143758367337772,
    0.8981194717036057
  ],
  "train_reconstruction_loss": [
    0.010327593619402782,
    0.00823824657075232,
    0.00773400401963646,
    0.007641959063070558,
    0.007498824665430427,
    0.007399261606513788,
    0.007369523353742876,
    0.007317172706793141,
    0.007276829252335169,
    0.007253032798568408,
    0.00722658551892949,
    0.0072016735999971574,
    0.007188280020256004,
    0.007167796775164496,
    0.007149198065638487,
    0.0071325143105463165,
    0.007115521302595873,
    0.007098537779567517,
    0.007085628852636677,
    0.007070266765679339,
    0.007055761984565072,
    0.007043009515491,
    0.007029476215684825,
    0.007016310047746759,
    0.007004261327286561,
    0.006992733478025851,
    0.0069778991630734455,
    0.006966089862754336,
    0.006954439410166312,
    0.006942690010191231,
    0.006929552212038409,
    0.006919162900289399,
    0.006909137679302104,
    0.0068994595051796856,
    0.0068889062641816325,
    0.0068808839807297266,
    0.006871588437972344,
    0.006863288125248706,
    0.006854422830974811,
    0.006845635950766518,
    0.00683728001796722,
    0.00682963373736102,
    0.006823411986606414,
    0.0068166540021656055,
    0.00681041966468179,
    0.006803465309922255,
    0.006797364842687738,
    0.0067918413280538895,
    0.006786619124888985,
    0.006780453888245024,
    0.006775270635869139,
    0.006769413621038254,
    0.0067642252429195955,
    0.0067586164108132405,
    0.00675220719453648,
    0.006747985367959771,
    0.0067427763958189295,
    0.006739765783733718,
    0.006734685477188457,
    0.006729341853493252,
    0.006725938709754517,
    0.006722781096118567,
    0.006718968728893685,
    0.006715061975507763,
    0.006711151669395036,
    0.006708266258628231,
    0.006705431011808928,
    0.006702753886046301,
    0.006698167884594013,
    0.0066962539473309195,
    0.006692886114071923,
    0.00669057245472068,
    0.006689041506956909,
    0.006687206936760821,
    0.006685511711152406,
    0.00668109890188002,
    0.006679374389905393,
    0.006678168182356675,
    0.00667694236066893,
    0.006674894612122958,
    0.006671992209488509,
    0.006672808527599611,
    0.00667309804405025,
    0.0066707645797862685,
    0.006669981878604636,
    0.006670063087505113,
    0.006669821828132013,
    0.0066677680511367495,
    0.006668093040224782,
    0.006666735806667161,
    0.00666897040245503
  ],