{
  "epoch": [
    1,
    2,
    3,
    4,
    5,
    6
  ],
  "train_loss": [
    3.0320124373089667,
    2.8206130033098784,
    2.729203706791059,
    2.294953125149178,
    2.251791949600703,
    2.2280474836821886
  ],
  "train_contrastive_loss": [
    1.999253070776245,
    1.9967883527833878,
    1.9558033033012234,
    1.5307572220956813,
    1.5019094848544017,
    1.4881213252992824
  ],
  "train_reconstruction_loss": [
    0.010327593619402782,
    0.00823824657075232,
    0.00773400401963646,
    0.007641959063070558,
    0.007498824665430427,
    0.007399261606513788
  ],
  "val_loss": [
    2.8511668576134577,
    2.748315519756741,
    2.654733896255493,
    2.2294534047444663,
    2.1953962908850775,
    2.194873995251126
  ],
  "val_contrastive_loss": [
    1.998291426234775,
    1.991912669605679,
    1.924537354045444,
    1.500953475634257,
    1.4787752760781183,
    1.4878850248124864
  ],
  "val_reconstruction_loss": [
    0.008528754735986391,
    0.00756402841458718,
    0.007301965469701422,
    0.007284999411139224,
    0.007166209837628735,
    0.007069890180395709
  ],
  "learning_rate": [
    0.0001,
    0.0001,
    0.0001,
    0.0001,
    0.0001,
    0.0001
  ],
  "train_separation_ratio": [
    1.0110729282552546,
    1.023273679343137,
    1.2859528064727783,
    1.6456760330633684,
    1.7889189882711931,
    1.890346267006614
  ],
  "val_separation_ratio": [
    1.0155250893698797,
    1.0531003872553508,
    1.530483153131273,
    1.811889370282491,
    1.887033290333218,
    1.9432605372534857
  ]
}