{
  "epoch": [
    1
  ],
  "train_loss": [
    3.0320124373089667
  ],
  "train_contrastive_loss": [
    1.999253070776245
  ],
  "train_reconstruction_loss": [
    0.010327593619402782
  ],
  "val_loss": [
    2.8511668576134577
  ],
  "val_contrastive_loss": [
    1.998291426234775
  ],
  "val_reconstruction_loss": [
    0.008528754735986391
  ],
  "learning_rate": [
    0.0001
  ],
  "train_separation_ratio": [
    1.0110729282552546
  ],
  "val_separation_ratio": [
    1.0155250893698797
  ]
}