{
  "epoch": [
    1,
    2,
    3,
    4,
    5,
    6,
    7,
    8,
    9,
    10,
    11,
    12,
    13,
    14,
    15,
    16,
    17,
    18,
    19,
    20,
    21,
    22,
    23,
    24,
    25,
    26
  ],
  "train_loss": [
    3.0320124373089667,
    2.8206130033098784,
    2.729203706791059,
    2.294953125149178,
    2.251791949600703,
    2.2280474836821886,
    2.0426760079474424,
    2.0255216966128216,
    2.0134838517595712,
    1.9772907779647428,
    1.9692192253009788,
    1.960243003106428,
    1.9039896289285556,
    1.8989418265539841,
    1.8921416500649195,
    1.895954300349429,
    1.890969144565433,
    1.8851948465936899,
    1.8507523165956778,
    1.8472079458183417,
    1.8430664379503474,
    1.8269790755081887,
    1.82246192651532,
    1.8209081794962536,
    1.805252933635392,
    1.8017088190359332
  ],
  "train_contrastive_loss": [
    1.999253070776245,
    1.9967883527833878,
    1.9558033033012234,
    1.5307572220956813,
    1.5019094848544017,
    1.4881213252992824,
    1.3057236729165473,
    1.2938044270989615,
    1.285800925402224,
    1.2519874990097415,
    1.2465606770257933,
    1.240075642392178,
    1.185161624762821,
    1.1821621461065566,
    1.1772218476460632,
    1.1827028721182484,
    1.1794170143440006,
    1.1753410680333995,
    1.142189430124933,
    1.1401812710575552,
    1.1374902392232884,
    1.1226781218189545,
    1.1195143023904697,
    1.1192771777982375,
    1.1048268004280672,
    1.1024354698493717
  ],
  "train_reconstruction_loss": [
    0.010327593619402782,
    0.00823824657075232,
    0.00773400401963646,
    0.007641959063070558,
    0.007498824665430427,
    0.007399261606513788,
    0.007369523353742876,
    0.007317172706793141,
    0.007276829252335169,
    0.007253032798568408,
    0.00722658551892949,
    0.0072016735999971574,
    0.007188280020256004,
    0.007167796775164496,
    0.007149198065638487,
    0.0071325143105463165,
    0.007115521302595873,
    0.007098537779567517,
    0.007085628852636677,
    0.007070266765679339,
    0.007055761984565072,
    0.007043009515491,
    0.007029476215684825,
    0.007016310047746759,
    0.007004261327286561,
    0.006992733478025851
  ],
  "val_loss": [
    2.8511668576134577,
    2.748315519756741,
    2.654733896255493,
    2.2294534047444663,
    2.1953962908850775,
    2.194873995251126,
    2.004809922642178,
    1.9836074908574421,
    1.9862785206900702,
    1.9526932901806302,
    1.9494389163123236,
    1.9409085379706488,
    1.8929076459672716,
    1.8853482802708943,
    1.8846536874771118,
    1.8989685111575656,
    1.8834083875020344,
    1.8932374318440754,
    1.8510823117362127,
    1.847153902053833,
    1.8373493088616266,
    1.8280543486277263,
    1.829646839035882,
    1.8319932619730632,
    1.807077447573344,
    1.80463711420695
  ],
  "val_contrastive_loss": [
    1.998291426234775,
    1.991912669605679,
    1.924537354045444,
    1.500953475634257,
    1.4787752760781183,
    1.4878850248124864,
    1.2981005244784884,
    1.2825462023417156,
    1.2891770203908284,
    1.2576086653603449,
    1.2578673362731934,
    1.250756131278144,
    1.2054675949944391,
    1.1985632710986667,
    1.2010936737060547,
    1.2168431017133925,
    1.2041815651787653,
    1.215463638305664,
    1.1747325128979154,
    1.1722638739479914,
    1.1647533178329468,
    1.157496492067973,
    1.1596351729498968,
    1.1644457976023357,
    1.1410290135277643,
    1.1402207877900865
  ],
  "val_reconstruction_loss": [
    0.008528754735986391,
    0.00756402841458718,
    0.007301965469701422,
    0.007284999411139224,
    0.007166209837628735,
    0.007069890180395709,
    0.007067093729144997,
    0.007010612688544724,
    0.006971015077498224,
    0.006950846097121636,
    0.006915715678284566,
    0.006901524081412289,
    0.006874400397969617,
    0.006867850354562203,
    0.006835600412968133,
    0.006821254009587897,
    0.006792268301877711,
    0.006777737910548846,
    0.0067634980918632615,
    0.006748900076167451,
    0.006725959893729951,
    0.006705578623546494,
    0.006700116623606946,
    0.0066754744491643375,
    0.0066604843984047575,
    0.006644163487686051
  ],
  "learning_rate": [
    0.0001,
    0.0001,
    0.0001,
    0.0001,
    0.0001,
    0.0001,
    0.0001,
    0.0001,
    0.0001,
    0.0001,
    0.0001,
    0.0001,
    0.0001,
    0.0001,
    0.0001,
    0.0001,
    0.0001,
    0.0001,
    0.0001,
    0.0001,
    0.0001,
    0.0001,
    0.0001,
    0.0001,
    0.0001,
    0.0001
  ],
  "train_separation_ratio": [
    1.0110729282552546,
    1.023273679343137,
    1.2859528064727783,
    1.6456760330633684,
    1.7889189882711931,
    1.890346267006614,
    1.989938492124731,
    2.0991194464943628,
    2.14907443523407,
    2.2089404192837803,
    2.2533631324768066,
    2.314265652136369,
    2.378801096569408,
    2.3882796330885454,
    2.458649689500982,
    2.4642113230445166,
    2.4859687089920044,
    2.6001633405685425,
    2.591769803654064,
    2.587882226163691,
    2.6441159790212456,
    2.6902400255203247,
    2.7139445543289185,
    2.7385031309994785,
    2.7508541345596313,
    2.7387889623641968
  ],
  "val_separation_ratio": [
    1.0155250893698797,
    1.0531003872553508,
    1.530483153131273,
    1.811889370282491,
    1.887033290333218,
    1.9432605372534857,
    2.024801770846049,
    2.096830235587226,
    2.093567132949829,
    2.1428881221347384,
    2.206879483328925,
    2.1875573794047036,
    2.25451668103536,
    2.246442582872179,
    2.2687961525387235,
    2.2508303589291043,
    2.3074541886647544,
    2.298426972495185,
    2.349770254558987,
    2.329414553112454,
    2.3705444071027966,
    2.360589716169569,
    2.416205803553263,
    2.3403259648217096,
    2.3558952808380127,
    2.3860112031300864
  ]
}