{
  "epoch": [
    1,
    2,
    3,
    4,
    5,
    6,
    7,
    8,
    9,
    10,
    11,
    12,
    13,
    14,
    15,
    16,
    17,
    18,
    19,
    20,
    21,
    22,
    23,
    24,
    25,
    26,
    27,
    28,
    29,
    30,
    31,
    32,
    33,
    34,
    35,
    36,
    37,
    38,
    39,
    40,
    41,
    42,
    43
  ],
  "train_loss": [
    3.0320124373089667,
    2.8206130033098784,
    2.729203706791059,
    2.294953125149178,
    2.251791949600703,
    2.2280474836821886,
    2.0426760079474424,
    2.0255216966128216,
    2.0134838517595712,
    1.9772907779647428,
    1.9692192253009788,
    1.960243003106428,
    1.9039896289285556,
    1.8989418265539841,
    1.8921416500649195,
    1.895954300349429,
    1.890969144565433,
    1.8851948465936899,
    1.8507523165956778,
    1.8472079458183417,
    1.8430664379503474,
    1.8269790755081887,
    1.82246192651532,
    1.8209081794962536,
    1.805252933635392,
    1.8017088190359332,
    1.7984453628405068,
    1.791873062567116,
    1.7879854351892595,
    1.7869274742776455,
    1.8024644241208694,
    1.8009325685447821,
    1.7963631237463356,
    1.7951767893032877,
    1.7921841770577032,
    1.7906436356308295,
    1.7545431019873592,
    1.7528530294890732,
    1.7512214874200094,
    1.7635242213084046,
    1.7602482143949085,
    1.7597840831266436,
    1.7404906720866482
  ],
  "train_contrastive_loss": [
    1.999253070776245,
    1.9967883527833878,
    1.9558033033012234,
    1.5307572220956813,
    1.5019094848544017,
    1.4881213252992824,
    1.3057236729165473,
    1.2938044270989615,
    1.285800925402224,
    1.2519874990097415,
    1.2465606770257933,
    1.240075642392178,
    1.185161624762821,
    1.1821621461065566,
    1.1772218476460632,
    1.1827028721182484,
    1.1794170143440006,
    1.1753410680333995,
    1.142189430124933,
    1.1401812710575552,
    1.1374902392232884,
    1.1226781218189545,
    1.1195143023904697,
    1.1192771777982375,
    1.1048268004280672,
    1.1024354698493717,
    1.1006554478373607,
    1.0952640745226898,
    1.0925414941830343,
    1.0926584733487064,
    1.1095092023551132,
    1.10901627727061,
    1.1054493528504612,
    1.1052308353409865,
    1.1032935494151195,
    1.1025552345609753,
    1.0673842567749308,
    1.0665242179146026,
    1.0657792017002568,
    1.0789606255969966,
    1.0765202114257955,
    1.0768207114058055,
    1.0581494738491777
  ],
  "train_reconstruction_loss": [
    0.010327593619402782,
    0.00823824657075232,
    0.00773400401963646,
    0.007641959063070558,
    0.007498824665430427,
    0.007399261606513788,
    0.007369523353742876,
    0.007317172706793141,
    0.007276829252335169,
    0.007253032798568408,
    0.00722658551892949,
    0.0072016735999971574,
    0.007188280020256004,
    0.007167796775164496,
    0.007149198065638487,
    0.0071325143105463165,
    0.007115521302595873,
    0.007098537779567517,
    0.007085628852636677,
    0.007070266765679339,
    0.007055761984565072,
    0.007043009515491,
    0.007029476215684825,
    0.007016310047746759,
    0.007004261327286561,
    0.006992733478025851,
    0.0069778991630734455,
    0.006966089862754336,
    0.006954439410166312,
    0.006942690010191231,
    0.006929552212038409,
    0.006919162900289399,
    0.006909137679302104,
    0.0068994595051796856,
    0.0068889062641816325,
    0.0068808839807297266,
    0.006871588437972344,
    0.006863288125248706,
    0.006854422830974811,
    0.006845635950766518,
    0.00683728001796722,
    0.00682963373736102,
    0.006823411986606414
  ],
  "val_loss": [
    2.8511668576134577,
    2.748315519756741,
    2.654733896255493,
    2.2294534047444663,
    2.1953962908850775,
    2.194873995251126,
    2.004809922642178,
    1.9836074908574421,
    1.9862785206900702,
    1.9526932901806302,
    1.9494389163123236,
    1.9409085379706488,
    1.8929076459672716,
    1.8853482802708943,
    1.8846536874771118,
    1.8989685111575656,
    1.8834083875020344,
    1.8932374318440754,
    1.8510823117362127,
    1.847153902053833,
    1.8373493088616266,
    1.8280543486277263,
    1.829646839035882,
    1.8319932619730632,
    1.807077447573344,
    1.80463711420695,
    1.8032087220085993,
    1.7990159193674724,
    1.7942758003870647,
    1.801295518875122,
    1.8063198460472956,
    1.8124207390679254,
    1.8080339696672227,
    1.7925785250133939,
    1.8095763127009075,
    1.8073444366455078,
    1.768907414542304,
    1.7620541122224596,
    1.7675740189022489,
    1.7743168009652033,
    1.7812329928080242,
    1.7747201787100897,
    1.7559253242280748
  ],
  "val_contrastive_loss": [
    1.998291426234775,
    1.991912669605679,
    1.924537354045444,
    1.500953475634257,
    1.4787752760781183,
    1.4878850248124864,
    1.2981005244784884,
    1.2825462023417156,
    1.2891770203908284,
    1.2576086653603449,
    1.2578673362731934,
    1.250756131278144,
    1.2054675949944391,
    1.1985632710986667,
    1.2010936737060547,
    1.2168431017133925,
    1.2041815651787653,
    1.215463638305664,
    1.1747325128979154,
    1.1722638739479914,
    1.1647533178329468,
    1.157496492067973,
    1.1596351729498968,
    1.1644457976023357,
    1.1410290135277643,
    1.1402207877900865,
    1.1406721009148493,
    1.137207759751214,
    1.1336264212926228,
    1.1431338919533625,
    1.1490012539757624,
    1.1571356455485027,
    1.1530399057600234,
    1.1399557060665555,
    1.15787935256958,
    1.156977719730801,
    1.119261900583903,
    1.1135558552212186,
    1.1194368071026273,
    1.128873758845859,
    1.1361779901716444,
    1.1301730871200562,
    1.1118403143352933
  ],
  "val_reconstruction_loss": [
    0.008528754735986391,
    0.00756402841458718,
    0.007301965469701422,
    0.007284999411139224,
    0.007166209837628735,
    0.007069890180395709,
    0.007067093729144997,
    0.007010612688544724,
    0.006971015077498224,
    0.006950846097121636,
    0.006915715678284566,
    0.006901524081412289,
    0.006874400397969617,
    0.006867850354562203,
    0.006835600412968133,
    0.006821254009587897,
    0.006792268301877711,
    0.006777737910548846,
    0.0067634980918632615,
    0.006748900076167451,
    0.006725959893729951,
    0.006705578623546494,
    0.006700116623606946,
    0.0066754744491643375,
    0.0066604843984047575,
    0.006644163487686051,
    0.006625366397202015,
    0.006618081540283229,
    0.0066064937143690055,
    0.00658161627749602,
    0.006573185842070315,
    0.006552850879314873,
    0.006549940961930487,
    0.006526228040456772,
    0.006516969504041804,
    0.006503667165007856,
    0.0064964550029900335,
    0.006484982557594776,
    0.006481371819972992,
    0.006454430624014801,
    0.006450550061547094,
    0.006445470835185713,
    0.006440850026491616
  ],
  "learning_rate": [
    0.0001,
    0.0001,
    0.0001,
    0.0001,
    0.0001,
    0.0001,
    0.0001,
    0.0001,
    0.0001,
    0.0001,
    0.0001,
    0.0001,
    0.0001,
    0.0001,
    0.0001,
    0.0001,
    0.0001,
    0.0001,
    0.0001,
    0.0001,
    0.0001,
    0.0001,
    0.0001,
    0.0001,
    0.0001,
    0.0001,
    0.0001,
    0.0001,
    0.0001,
    0.0001,
    0.0001,
    0.0001,
    0.0001,
    0.0001,
    0.0001,
    0.0001,
    0.0001,
    0.0001,
    0.0001,
    0.0001,
    0.0001,
    0.0001,
    0.0001
  ],