{
  "epoch": [
    1,
    2,
    3,
    4,
    5,
    6,
    7,
    8,
    9,
    10,
    11,
    12,
    13
  ],
  "train_loss": [
    3.0320124373089667,
    2.8206130033098784,
    2.729203706791059,
    2.294953125149178,
    2.251791949600703,
    2.2280474836821886,
    2.0426760079474424,
    2.0255216966128216,
    2.0134838517595712,
    1.9772907779647428,
    1.9692192253009788,
    1.960243003106428,
    1.9039896289285556
  ],
  "train_contrastive_loss": [
    1.999253070776245,
    1.9967883527833878,
    1.9558033033012234,
    1.5307572220956813,
    1.5019094848544017,
    1.4881213252992824,
    1.3057236729165473,
    1.2938044270989615,
    1.285800925402224,
    1.2519874990097415,
    1.2465606770257933,
    1.240075642392178,
    1.185161624762821
  ],
  "train_reconstruction_loss": [
    0.010327593619402782,
    0.00823824657075232,
    0.00773400401963646,
    0.007641959063070558,
    0.007498824665430427,
    0.007399261606513788,
    0.007369523353742876,
    0.007317172706793141,
    0.007276829252335169,
    0.007253032798568408,
    0.00722658551892949,
    0.0072016735999971574,
    0.007188280020256004
  ],
  "val_loss": [
    2.8511668576134577,
    2.748315519756741,
    2.654733896255493,
    2.2294534047444663,
    2.1953962908850775,
    2.194873995251126,
    2.004809922642178,
    1.9836074908574421,
    1.9862785206900702,
    1.9526932901806302,
    1.9494389163123236,
    1.9409085379706488,
    1.8929076459672716
  ],
  "val_contrastive_loss": [
    1.998291426234775,
    1.991912669605679,
    1.924537354045444,
    1.500953475634257,
    1.4787752760781183,
    1.4878850248124864,
    1.2981005244784884,
    1.2825462023417156,
    1.2891770203908284,
    1.2576086653603449,
    1.2578673362731934,
    1.250756131278144,
    1.2054675949944391
  ],
  "val_reconstruction_loss": [
    0.008528754735986391,
    0.00756402841458718,
    0.007301965469701422,
    0.007284999411139224,
    0.007166209837628735,
    0.007069890180395709,
    0.007067093729144997,
    0.007010612688544724,
    0.006971015077498224,
    0.006950846097121636,
    0.006915715678284566,
    0.006901524081412289,
    0.006874400397969617
  ],
  "learning_rate": [
    0.0001,
    0.0001,
    0.0001,
    0.0001,
    0.0001,
    0.0001,
    0.0001,
    0.0001,
    0.0001,
    0.0001,
    0.0001,
    0.0001,
    0.0001
  ],
  "train_separation_ratio": [
    1.0110729282552546,
    1.023273679343137,
    1.2859528064727783,
    1.6456760330633684,
    1.7889189882711931,
    1.890346267006614,
    1.989938492124731,
    2.0991194464943628,
    2.14907443523407,
    2.2089404192837803,
    2.2533631324768066,
    2.314265652136369,
    2.378801096569408
  ],
  "val_separation_ratio": [
    1.0155250893698797,
    1.0531003872553508,
    1.530483153131273,
    1.811889370282491,
    1.887033290333218,
    1.9432605372534857,
    2.024801770846049,
    2.096830235587226,
    2.093567132949829,
    2.1428881221347384,
    2.206879483328925,
    2.1875573794047036,
    2.25451668103536
  ]
}