{
  "epoch": [
    1,
    2,
    3,
    4,
    5,
    6,
    7,
    8,
    9,
    10,
    11,
    12,
    13,
    14,
    15,
    16,
    17,
    18,
    19,
    20,
    21,
    22,
    23,
    24,
    25,
    26,
    27,
    28,
    29,
    30,
    31,
    32,
    33,
    34,
    35,
    36,
    37,
    38,
    39,
    40,
    41,
    42,
    43,
    44,
    45,
    46,
    47,
    48,
    49,
    50
  ],
  "train_loss": [
    1.9189313175069997,
    1.8866181868636631,
    1.8779990786280711,
    1.2148706278099473,
    1.1985503947934626,
    1.1901282973351648,
    1.1410358207407831,
    1.1327630250369591,
    1.1288615116637957,
    1.1044838131029069,
    1.1019465756815905,
    1.0980487664540608,
    1.0835454401801197,
    1.0805290946303354,
    1.0775711576365892,
    1.0357658707673767,
    1.032871301169724,
    1.029207053242227,
    1.0010823788367613,
    0.9978423485986792,
    0.9960826034874446,
    0.9904663779216105,
    0.9881858373931445,
    0.9866713663941211,
    0.9852052209985545,
    0.9824644804444836,
    0.978836850414063,
    0.9315681425330803,
    0.9291877358097382,
    0.9269951268947324,
    0.9295367803875516,
    0.9256605498173606,
    0.9245004588443252,
    0.8978845362778705,
    0.8937260638402161,
    0.8938327440558421,
    0.8944033599654612,
    0.8924413802903458,
    0.8917135097905022,
    0.8777810511642328,
    0.8768257575328123,
    0.876144815756622,
    0.852089737380683,
    0.8480288763729997,
    0.8476182121360324,
    0.8360340094655142,
    0.8342290717130266,
    0.8330245405380065,
    0.8305369090545555,
    0.8295465946419501
  ],
  "train_contrastive_loss": [
    1.9189313175069997,
    1.8866181868636631,
    1.8779990786280711,
    1.2148706278099473,
    1.1985503947934626,
    1.1901282973351648,
    1.1410358207407831,
    1.1327630250369591,
    1.1288615116637957,
    1.1044838131029069,
    1.1019465756815905,
    1.0980487664540608,
    1.0835454401801197,
    1.0805290946303354,
    1.0775711576365892,
    1.0357658707673767,
    1.032871301169724,
    1.029207053242227,
    1.0010823788367613,
    0.9978423485986792,
    0.9960826034874446,
    0.9904663779216105,
    0.9881858373931445,
    0.9866713663941211,
    0.9852052209985545,
    0.9824644804444836,
    0.978836850414063,
    0.9315681425330803,
    0.9291877358097382,
    0.9269951268947324,
    0.9295367803875516,
    0.9256605498173606,
    0.9245004588443252,
    0.8978845362778705,
    0.8937260638402161,
    0.8938327440558421,
    0.8944033599654612,
    0.8924413802903458,
    0.8917135097905022,
    0.8777810511642328,
    0.8768257575328123,
    0.876144815756622,
    0.852089737380683,
    0.8480288763729997,
    0.8476182121360324,
    0.8360340094655142,
    0.8342290717130266,
    0.8330245405380065,
    0.8305369090545555,
    0.8295465946419501
  ],
  "train_reconstruction_loss": [
    0.010805975238218543,
    0.01071135377861712,
    0.010711069007228983,
    0.010711146100620206,
    0.010711058504268999,
    0.010711161069419353,
    0.010711089692302255,
    0.010711058020397493,
    0.010711062326680459,
    0.01071103999401604,
    0.010711050581957041,
    0.010711075817850493,
    0.0107111357259989,
    0.010711126452662202,
    0.010710984501411907,
    0.010711064791129954,
    0.01071112138848731,
    0.010711011749100862,
    0.010710983667210494,
    0.010711070798767567,
    0.01071105210120951,
    0.010711064782458422,
    0.010711027699517471,
    0.010710977300571441,
    0.010711034112982798,
    0.01071099394817925,
    0.010711052144567171,
    0.010711012630128549,
    0.010711028483423996,
    0.010711062024911134,
    0.010710976913821097,
    0.010711041423084572,
    0.01071104225902029,
    0.010711099995816997,
    0.010711015181293368,
    0.010711043363773511,
    0.01071105897600036,
    0.010711134038518704,
    0.010711052846961291,
    0.010711065998207257,
    0.01071116609717381,
    0.010711053495591913,
    0.010711027748078052,
    0.010710993049808498,
    0.010711094902158894,
    0.0107109673994158,
    0.010711046929507615,
    0.010711093629177944,
    0.010711052593752548,
    0.010711033422728824
  ],
  "val_loss": [
    1.8797509007983737,
    1.8764233854081895,
    1.869088305367364,
    1.1996454662746854,
    1.1991156604554918,
    1.1791806485917833,
    1.1257627805074055,
    1.1284715334574382,
    1.1367971102396648,
    1.1184825632307265,
    1.107123335202535,
    1.109512792693244,
    1.1016299062305026,
    1.0963340997695923,
    1.079852859179179,
    1.0570837126837835,
    1.0471892886691623,
    1.044222844971551,
    1.0265486637751262,
    1.0242076185014513,
    1.028079046143426,
    1.0257198678122625,
    1.0191637807422214,
    1.0226710968547397,
    1.0159168508317735,
    1.015997502538893,
    1.014691001839108,
    0.9728666808870103,
    0.9678061140908135,
    0.9678469763861762,
    0.9660942488246493,
    0.9625658988952637,
    0.9780572454134623,
    0.9448958370420668,
    0.9492061071925693,
    0.9403233130772909,
    0.9384576943185594,
    0.9409477048450046,
    0.9445375535223219,
    0.9389569891823663,
    0.938960399892595,
    0.944034026728736,
    0.9125585423575507,
    0.9106156428654989,
    0.9103880988226997,
    0.9053634073999193,
    0.8964880704879761,
    0.8957630727026198,
    0.9132243924670749,
    0.8941998150613573
  ],
  "val_contrastive_loss": [
    1.8797509007983737,
    1.8764233854081895,
    1.869088305367364,
    1.1996454662746854,
    1.1991156604554918,
    1.1791806485917833,
    1.1257627805074055,
    1.1284715334574382,
    1.1367971102396648,
    1.1184825632307265,
    1.107123335202535,
    1.109512792693244,
    1.1016299062305026,
    1.0963340997695923,
    1.079852859179179,
    1.0570837126837835,
    1.0471892886691623,
    1.044222844971551,
    1.0265486637751262,
    1.0242076185014513,
    1.028079046143426,
    1.0257198678122625,
    1.0191637807422214,
    1.0226710968547397,
    1.0159168508317735,
    1.015997502538893,
    1.014691001839108,
    0.9728666808870103,
    0.9678061140908135,
    0.9678469763861762,
    0.9660942488246493,
    0.9625658988952637,
    0.9780572454134623,
    0.9448958370420668,
    0.9492061071925693,
    0.9403233130772909,
    0.9384576943185594,
    0.9409477048450046,
    0.9445375535223219,
    0.9389569891823663,
    0.938960399892595,
    0.944034026728736,
    0.9125585423575507,
    0.9106156428654989,
    0.9103880988226997,
    0.9053634073999193,
    0.8964880704879761,
    0.8957630727026198,
    0.9132243924670749,
    0.8941998150613573
  ],
  "val_reconstruction_loss": [
    0.010632446242703332,
    0.010626820743911795,
    0.010629767448537879,
    0.010628368912471665,
    0.010628343559801579,
    0.010629227488405175,
    0.010633109033935599,
    0.01063016222582923,
    0.010633035666412778,
    0.01063092208156983,
    0.01062895336912738,
    0.010630281124677923,
    0.010630551415185133,
    0.010631179126600424,
    0.010631036737726795,
    0.010628807668884596,
    0.010631637958188852,
    0.010630042499138249,
    0.010632069470981756,
    0.0106319696125057,
    0.010627383780148294,
    0.010630892279247442,
    0.010625827954047255,
    0.010632660239934921,
    0.010632645028332869,
    0.010630781969262494,
    0.010630264153911008,
    0.010631802905764844,
    0.010637252798510922,
    0.010628888797428872,
    0.010629930016067293,
    0.010630710567865107,
    0.0106320320111182,
    0.010634949637783898,
    0.010632088925275538,
    0.010631116003625922,
    0.010629607985417048,
    0.010630760238402419,
    0.010632972336477704,
    0.010631671485801538,
    0.010627997728685537,
    0.01062846142384741,
    0.010630666692223813,
    0.010631009315450987,
    0.010633602945341004,
    0.010631291506191095,
    0.010630923012892405,
    0.010632321962879764,
    0.010631718879772557,
    0.010631235730316903
  ],