{
  "epoch": [
    1,
    2,
    3,
    4,
    5,
    6,
    7,
    8,
    9,
    10
  ],
  "train_loss": [
    1.9189313175069997,
    1.8866181868636631,
    1.8779990786280711,
    1.2148706278099473,
    1.1985503947934626,
    1.1901282973351648,
    1.1410358207407831,
    1.1327630250369591,
    1.1288615116637957,
    1.1044838131029069
  ],
  "train_contrastive_loss": [
    1.9189313175069997,
    1.8866181868636631,
    1.8779990786280711,
    1.2148706278099473,
    1.1985503947934626,
    1.1901282973351648,
    1.1410358207407831,
    1.1327630250369591,
    1.1288615116637957,
    1.1044838131029069
  ],
  "train_reconstruction_loss": [
    0.010805975238218543,
    0.01071135377861712,
    0.010711069007228983,
    0.010711146100620206,
    0.010711058504268999,
    0.010711161069419353,
    0.010711089692302255,
    0.010711058020397493,
    0.010711062326680459,
    0.01071103999401604
  ],
  "val_loss": [
    1.8797509007983737,
    1.8764233854081895,
    1.869088305367364,
    1.1996454662746854,
    1.1991156604554918,
    1.1791806485917833,
    1.1257627805074055,
    1.1284715334574382,
    1.1367971102396648,
    1.1184825632307265
  ],
  "val_contrastive_loss": [
    1.8797509007983737,
    1.8764233854081895,
    1.869088305367364,
    1.1996454662746854,
    1.1991156604554918,
    1.1791806485917833,
    1.1257627805074055,
    1.1284715334574382,
    1.1367971102396648,
    1.1184825632307265
  ],
  "val_reconstruction_loss": [
    0.010632446242703332,
    0.010626820743911795,
    0.010629767448537879,
    0.010628368912471665,
    0.010628343559801579,
    0.010629227488405175,
    0.010633109033935599,
    0.01063016222582923,
    0.010633035666412778,
    0.01063092208156983
  ],
  "learning_rate": [
    0.0001,
    0.0001,
    0.0001,
    0.0001,
    0.0001,
    0.0001,
    0.0001,
    0.0001,
    0.0001,
    0.0001
  ],
  "train_separation_ratio": [
    1.7842067019505934,
    2.270026206970215,
    2.4478914087468926,
    2.5249147306789053,
    2.70672438361428,
    2.728538231416182,
    2.837680773301558,
    3.008207852190191,
    2.977254965088584,
    3.065799344669689
  ],
  "val_separation_ratio": [
    2.441513670815362,
    2.5900762610965304,
    2.7842123243543835,
    2.772641314400567,
    2.823524740007189,
    2.947530428568522,
    3.038327217102051,
    3.009361081653171,
    2.9919011063045926,
    3.0611271063486734
  ]
}