{
  "epoch": [
    1,
    2
  ],
  "train_loss": [
    1.9189313175069997,
    1.8866181868636631
  ],
  "train_contrastive_loss": [
    1.9189313175069997,
    1.8866181868636631
  ],
  "train_reconstruction_loss": [
    0.010805975238218543,
    0.01071135377861712
  ],
  "val_loss": [
    1.8797509007983737,
    1.8764233854081895
  ],
  "val_contrastive_loss": [
    1.8797509007983737,
    1.8764233854081895
  ],
  "val_reconstruction_loss": [
    0.010632446242703332,
    0.010626820743911795
  ],
  "learning_rate": [
    0.0001,
    0.0001
  ],
  "train_separation_ratio": [
    1.7842067019505934,
    2.270026206970215
  ],
  "val_separation_ratio": [
    2.441513670815362,
    2.5900762610965304
  ]
}