{
  "epoch": [
    1,
    2,
    3,
    4,
    5,
    6,
    7,
    8,
    9,
    10,
    11,
    12,
    13,
    14,
    15,
    16,
    17,
    18,
    19,
    20,
    21,
    22,
    23,
    24,
    25,
    26,
    27,
    28,
    29,
    30,
    31,
    32,
    33,
    34,
    35,
    36,
    37,
    38,
    39,
    40,
    41,
    42,
    43,
    44,
    45,
    46,
    47,
    48,
    49,
    50,
    51,
    52,
    53,
    54,
    55,
    56,
    57,
    58,
    59,
    60,
    61,
    62,
    63,
    64,
    65,
    66,
    67,
    68,
    69,
    70,
    71,
    72,
    73
  ],
  "train_loss": [
    1.9189313175069997,
    1.8866181868636631,
    1.8779990786280711,
    1.2148706278099473,
    1.1985503947934626,
    1.1901282973351648,
    1.1410358207407831,
    1.1327630250369591,
    1.1288615116637957,
    1.1044838131029069,
    1.1019465756815905,
    1.0980487664540608,
    1.0835454401801197,
    1.0805290946303354,
    1.0775711576365892,
    1.0357658707673767,
    1.032871301169724,
    1.029207053242227,
    1.0010823788367613,
    0.9978423485986792,
    0.9960826034874446,
    0.9904663779216105,
    0.9881858373931445,
    0.9866713663941211,
    0.9852052209985545,
    0.9824644804444836,
    0.978836850414063,
    0.9315681425330803,
    0.9291877358097382,
    0.9269951268947324,
    0.9295367803875516,
    0.9256605498173606,
    0.9245004588443252,
    0.8978845362778705,
    0.8937260638402161,
    0.8938327440558421,
    0.8944033599654612,
    0.8924413802903458,
    0.8917135097905022,
    0.8777810511642328,
    0.8768257575328123,
    0.876144815756622,
    0.852089737380683,
    0.8480288763729997,
    0.8476182121360324,
    0.8360340094655142,
    0.8342290717130266,
    0.8330245405380065,
    0.8305369090545555,
    0.8295465946419501,
    0.8269053653187813,
    0.797650146306782,
    0.7962938113141548,
    0.7963870540677502,
    0.7939173928852188,
    0.7929788214090372,
    0.7914143960569158,
    0.7860641317438591,
    0.7851997886956071,
    0.7824318385656985,
    0.7699808314081898,
    0.7698704668041492,
    0.7682335657558406,
    0.7543002343710574,
    0.7535826648191811,
    0.7541978986347632,
    0.7182763572955708,
    0.7175723532946638,
    0.7163590712254274,
    0.7253626457361758,
    0.7239239777488637,
    0.7235628256584679,
    0.704808200648821
  ],
  "train_contrastive_loss": [
    1.9189313175069997,
    1.8866181868636631,
    1.8779990786280711,
    1.2148706278099473,
    1.1985503947934626,
    1.1901282973351648,
    1.1410358207407831,
    1.1327630250369591,
    1.1288615116637957,
    1.1044838131029069,
    1.1019465756815905,
    1.0980487664540608,
    1.0835454401801197,
    1.0805290946303354,
    1.0775711576365892,
    1.0357658707673767,
    1.032871301169724,
    1.029207053242227,
    1.0010823788367613,
    0.9978423485986792,
    0.9960826034874446,
    0.9904663779216105,
    0.9881858373931445,
    0.9866713663941211,
    0.9852052209985545,
    0.9824644804444836,
    0.978836850414063,
    0.9315681425330803,
    0.9291877358097382,
    0.9269951268947324,
    0.9295367803875516,
    0.9256605498173606,
    0.9245004588443252,
    0.8978845362778705,
    0.8937260638402161,
    0.8938327440558421,
    0.8944033599654612,
    0.8924413802903458,
    0.8917135097905022,
    0.8777810511642328,
    0.8768257575328123,
    0.876144815756622,
    0.852089737380683,
    0.8480288763729997,
    0.8476182121360324,
    0.8360340094655142,
    0.8342290717130266,
    0.8330245405380065,
    0.8305369090545555,
    0.8295465946419501,
    0.8269053653187813,
    0.797650146306782,
    0.7962938113141548,
    0.7963870540677502,
    0.7939173928852188,
    0.7929788214090372,
    0.7914143960569158,
    0.7860641317438591,
    0.7851997886956071,
    0.7824318385656985,
    0.7699808314081898,
    0.7698704668041492,
    0.7682335657558406,
    0.7543002343710574,
    0.7535826648191811,
    0.7541978986347632,
    0.7182763572955708,
    0.7175723532946638,
    0.7163590712254274,
    0.7253626457361758,
    0.7239239777488637,
    0.7235628256584679,
    0.704808200648821
  ],
  "train_reconstruction_loss": [
    0.010805975238218543,
    0.01071135377861712,
    0.010711069007228983,
    0.010711146100620206,
    0.010711058504268999,
    0.010711161069419353,
    0.010711089692302255,
    0.010711058020397493,
    0.010711062326680459,
    0.01071103999401604,
    0.010711050581957041,
    0.010711075817850493,
    0.0107111357259989,
    0.010711126452662202,
    0.010710984501411907,
    0.010711064791129954,
    0.01071112138848731,
    0.010711011749100862,
    0.010710983667210494,
    0.010711070798767567,
    0.01071105210120951,
    0.010711064782458422,
    0.010711027699517471,
    0.010710977300571441,
    0.010711034112982798,
    0.01071099394817925,
    0.010711052144567171,
    0.010711012630128549,
    0.010711028483423996,
    0.010711062024911134,
    0.010710976913821097,
    0.010711041423084572,
    0.01071104225902029,
    0.010711099995816997,
    0.010711015181293368,
    0.010711043363773511,
    0.01071105897600036,
    0.010711134038518704,
    0.010711052846961291,
    0.010711065998207257,
    0.01071116609717381,
    0.010711053495591913,
    0.010711027748078052,
    0.010710993049808498,
    0.010711094902158894,
    0.0107109673994158,
    0.010711046929507615,
    0.010711093629177944,
    0.010711052593752548,
    0.010711033422728824,
    0.0107111127013462,
    0.010711046060620073,
    0.010711021098747045,
    0.010711026480300022,
    0.010711029700907138,
    0.010711042522634873,
    0.010710989197913828,
    0.010711050458821283,
    0.010710993916961734,
    0.01071101518476198,
    0.0107111013901994,
    0.01071108412344418,
    0.010711054517098422,
    0.01071096673170781,
    0.010711079940296972,
    0.01071113711170977,
    0.010711035873303866,
    0.010711097578193777,
    0.010711053270132071,
    0.010711113483518418,
    0.010711072767205412,
    0.01071110455877732,
    0.010711010692908222
  ],
  "val_loss": [
    1.8797509007983737,
    1.8764233854081895,
    1.869088305367364,
    1.1996454662746854,
    1.1991156604554918,
    1.1791806485917833,
    1.1257627805074055,
    1.1284715334574382,
    1.1367971102396648,
    1.1184825632307265,
    1.107123335202535,
    1.109512792693244,
    1.1016299062305026,
    1.0963340997695923,
    1.079852859179179,
    1.0570837126837835,
    1.0471892886691623,
    1.044222844971551,
    1.0265486637751262,
    1.0242076185014513,
    1.028079046143426,
    1.0257198678122625,
    1.0191637807422214,
    1.0226710968547397,
    1.0159168508317735,
    1.015997502538893,
    1.014691001839108,
    0.9728666808870103,
    0.9678061140908135,
    0.9678469763861762,
    0.9660942488246493,
    0.9625658988952637,
    0.9780572454134623,
    0.9448958370420668,
    0.9492061071925693,
    0.9403233130772909,
    0.9384576943185594,
    0.9409477048450046,
    0.9445375535223219,
    0.9389569891823663,
    0.938960399892595,
    0.944034026728736,
    0.9125585423575507,
    0.9106156428654989,
    0.9103880988226997,
    0.9053634073999193,
    0.8964880704879761,
    0.8957630727026198,
    0.9132243924670749,
    0.8941998150613573,
    0.8991677827305264,
    0.8647089865472581,
    0.8758566843138801,
    0.8750437166955736,
    0.8670490715238783,
    0.8737386729982164,
    0.8622651100158691,
    0.8665955066680908,
    0.8677322732077705,
    0.8630950649579366,
    0.8568649954266019,
    0.852064741982354,
    0.8584424787097507,
    0.8342396484480964,
    0.8590843677520752,
    0.8376568820741441,
    0.8188375300831265,
    0.8077079388830397,
    0.8051034013430277,
    0.817880392074585,
    0.8287532130877177,
    0.8251418073972067,
    0.8034443391693963
  ],