{
  "epoch": [
    1
  ],
  "train_loss": [
    1.9189313175069997
  ],
  "train_contrastive_loss": [
    1.9189313175069997
  ],
  "train_reconstruction_loss": [
    0.010805975238218543
  ],
  "val_loss": [
    1.8797509007983737
  ],
  "val_contrastive_loss": [
    1.8797509007983737
  ],
  "val_reconstruction_loss": [
    0.010632446242703332
  ],
  "learning_rate": [
    0.0001
  ],
  "train_separation_ratio": [
    1.7842067019505934
  ],
  "val_separation_ratio": [
    2.441513670815362
  ]
}