{
  "epoch": [
    1,
    2,
    3,
    4,
    5
  ],
  "train_loss": [
    1.9189313175069997,
    1.8866181868636631,
    1.8779990786280711,
    1.2148706278099473,
    1.1985503947934626
  ],
  "train_contrastive_loss": [
    1.9189313175069997,
    1.8866181868636631,
    1.8779990786280711,
    1.2148706278099473,
    1.1985503947934626
  ],
  "train_reconstruction_loss": [
    0.010805975238218543,
    0.01071135377861712,
    0.010711069007228983,
    0.010711146100620206,
    0.010711058504268999
  ],
  "val_loss": [
    1.8797509007983737,
    1.8764233854081895,
    1.869088305367364,
    1.1996454662746854,
    1.1991156604554918
  ],
  "val_contrastive_loss": [
    1.8797509007983737,
    1.8764233854081895,
    1.869088305367364,
    1.1996454662746854,
    1.1991156604554918
  ],
  "val_reconstruction_loss": [
    0.010632446242703332,
    0.010626820743911795,
    0.010629767448537879,
    0.010628368912471665,
    0.010628343559801579
  ],
  "learning_rate": [
    0.0001,
    0.0001,
    0.0001,
    0.0001,
    0.0001
  ],
  "train_separation_ratio": [
    1.7842067019505934,
    2.270026206970215,
    2.4478914087468926,
    2.5249147306789053,
    2.70672438361428
  ],
  "val_separation_ratio": [
    2.441513670815362,
    2.5900762610965304,
    2.7842123243543835,
    2.772641314400567,
    2.823524740007189
  ]
}