{
  "epoch": [
    1,
    2,
    3,
    4,
    5,
    6,
    7,
    8,
    9,
    10,
    11,
    12,
    13,
    14,
    15,
    16,
    17,
    18,
    19,
    20,
    21,
    22,
    23,
    24,
    25,
    26,
    27,
    28,
    29,
    30,
    31,
    32,
    33,
    34,
    35,
    36,
    37,
    38,
    39,
    40,
    41,
    42,
    43,
    44,
    45,
    46,
    47,
    48,
    49,
    50,
    51
  ],
  "train_loss": [
    1.941603575782847,
    1.8862227205901616,
    1.8747262253219632,
    1.2413461647886137,
    1.2210744885758982,
    1.2073680988237179,
    1.1380863635899634,
    1.1286039261400589,
    1.12365736752693,
    1.0927744941782462,
    1.0909081684144515,
    1.0876398810239256,
    1.0532620576950869,
    1.047948792549041,
    1.0445654198000107,
    1.0572713377089473,
    1.0531501849936373,
    1.052522879628052,
    1.0189462981188542,
    1.0147437821775398,
    1.0155271770123886,
    1.0055567884134402,
    1.0039908124525898,
    1.0023695752163395,
    0.979244046482072,
    0.9779291442652654,
    0.9751851566454995,
    0.9867372424020892,
    0.9834736507920135,
    0.9830980905829417,
    0.9837760223800688,
    0.9808578175983393,
    0.9791951210583166,
    0.9217435289139633,
    0.919535993419768,
    0.9182946053741142,
    0.9296574493804235,
    0.9284411579980975,
    0.9250477113981265,
    0.9094714093918685,
    0.9080492221443347,
    0.9126810743378083,
    0.9057432248827687,
    0.9050014959145303,
    0.9067314469170527,
    0.9252790923003156,
    0.9225873920504607,
    0.9218808377033283,
    0.8925701409744817,
    0.8931666896773894,
    0.8915673896143113
  ],
  "train_contrastive_loss": [
    1.941603575782847,
    1.8862227205901616,
    1.8747262253219632,
    1.2413461647886137,
    1.2210744885758982,
    1.2073680988237179,
    1.1380863635899634,
    1.1286039261400589,
    1.12365736752693,
    1.0927744941782462,
    1.0909081684144515,
    1.0876398810239256,
    1.0532620576950869,
    1.047948792549041,
    1.0445654198000107,
    1.0572713377089473,
    1.0531501849936373,
    1.052522879628052,
    1.0189462981188542,
    1.0147437821775398,
    1.0155271770123886,
    1.0055567884134402,
    1.0039908124525898,
    1.0023695752163395,
    0.979244046482072,
    0.9779291442652654,
    0.9751851566454995,
    0.9867372424020892,
    0.9834736507920135,
    0.9830980905829417,
    0.9837760223800688,
    0.9808578175983393,
    0.9791951210583166,
    0.9217435289139633,
    0.919535993419768,
    0.9182946053741142,
    0.9296574493804235,
    0.9284411579980975,
    0.9250477113981265,
    0.9094714093918685,
    0.9080492221443347,
    0.9126810743378083,
    0.9057432248827687,
    0.9050014959145303,
    0.9067314469170527,
    0.9252790923003156,
    0.9225873920504607,
    0.9218808377033283,
    0.8925701409744817,
    0.8931666896773894,
    0.8915673896143113
  ],
  "train_reconstruction_loss": [
    0.01078802864353417,
    0.010711261360893924,
    0.010711029789356768,
    0.010711038679411736,
    0.010711069987112139,
    0.010711080642691094,
    0.010711008327314196,
    0.0107110368739987,
    0.010711054414774341,
    0.010711083481750787,
    0.010711025424107382,
    0.010711143030897754,
    0.010711059475480622,
    0.010711091624319664,
    0.010711061103994397,
    0.01071108636416814,
    0.010711119498093257,
    0.010711063842464315,
    0.010711083918796016,
    0.01071103050042242,
    0.010711120422478605,
    0.010711039974938668,
    0.010711046690173323,
    0.010711112935477572,
    0.010710988438287593,
    0.010711113204295075,
    0.010711079423473645,
    0.010711016920802757,
    0.010711054458132004,
    0.010710987252021967,
    0.010711058830318615,
    0.010711074865716241,
    0.010711123287552894,
    0.010710933946378294,
    0.010711047224339715,
    0.010711036131715531,
    0.010711026308603681,
    0.010711159678505564,
    0.010711060757133104,
    0.010711057635381457,
    0.010711162378820738,
    0.010711006221866142,
    0.010711133839073461,
    0.010711069262172034,
    0.01071101944942159,
    0.010711126789117658,
    0.010711082155006336,
    0.010711133232066196,
    0.010710910295640957,
    0.010711006218397528,
    0.010711049097390703
  ],
  "val_loss": [
    1.8695789840486314,
    1.8660138183169894,
    1.8596611022949219,
    1.2145483493804932,
    1.2118510802586873,
    1.1864417261547513,
    1.1332409116956923,
    1.1235243611865573,
    1.128789809015062,
    1.0968925423092313,
    1.102288590537177,
    1.107669260766771,
    1.070179091559516,
    1.066362977027893,
    1.0712203184763591,
    1.0797632667753432,
    1.0863501495785184,
    1.0831865337159898,
    1.058477242787679,
    1.0447372330559626,
    1.0410713288519118,
    1.0441302988264296,
    1.041426910294427,
    1.0402630037731595,
    1.0256769524680243,
    1.0124716361363728,
    1.0175502167807684,
    1.0268035332361858,
    1.033956249554952,
    1.0355375011761982,
    1.0372145308388605,
    1.0280643569098578,
    1.0114580260382757,
    0.9634465177853903,
    0.9708445403310988,
    0.9701357285181681,
    0.9881592459148831,
    0.9813612368371751,
    0.9883905516730415,
    0.9716533621152242,
    0.9572862188021342,
    0.9782038397259183,
    0.9561169611083137,
    0.9649152358373007,
    0.9555914666917589,
    0.9879751337899102,
    0.9863564901881747,
    0.9814098874727885,
    0.95785966846678,
    0.9558414618174235,
    0.9518089161978828
  ],
  "val_contrastive_loss": [
    1.8695789840486314,
    1.8660138183169894,
    1.8596611022949219,
    1.2145483493804932,
    1.2118510802586873,
    1.1864417261547513,
    1.1332409116956923,
    1.1235243611865573,
    1.128789809015062,
    1.0968925423092313,
    1.102288590537177,
    1.107669260766771,
    1.070179091559516,
    1.066362977027893,
    1.0712203184763591,
    1.0797632667753432,
    1.0863501495785184,
    1.0831865337159898,
    1.058477242787679,
    1.0447372330559626,
    1.0410713288519118,
    1.0441302988264296,
    1.041426910294427,
    1.0402630037731595,
    1.0256769524680243,
    1.0124716361363728,
    1.0175502167807684,
    1.0268035332361858,
    1.033956249554952,
    1.0355375011761982,
    1.0372145308388605,
    1.0280643569098578,
    1.0114580260382757,
    0.9634465177853903,
    0.9708445403310988,
    0.9701357285181681,
    0.9881592459148831,
    0.9813612368371751,
    0.9883905516730415,
    0.9716533621152242,
    0.9572862188021342,
    0.9782038397259183,
    0.9561169611083137,
    0.9649152358373007,
    0.9555914666917589,
    0.9879751337899102,
    0.9863564901881747,
    0.9814098874727885,
    0.95785966846678,
    0.9558414618174235,
    0.9518089161978828
  ],