{
  "epoch": [
    1,
    2,
    3
  ],
  "train_loss": [
    1.941603575782847,
    1.8862227205901616,
    1.8747262253219632
  ],
  "train_contrastive_loss": [
    1.941603575782847,
    1.8862227205901616,
    1.8747262253219632
  ],
  "train_reconstruction_loss": [
    0.01078802864353417,
    0.010711261360893924,
    0.010711029789356768
  ],
  "val_loss": [
    1.8695789840486314,
    1.8660138183169894,
    1.8596611022949219
  ],
  "val_contrastive_loss": [
    1.8695789840486314,
    1.8660138183169894,
    1.8596611022949219
  ],
  "val_reconstruction_loss": [
    0.010634739262362322,
    0.01063120716975795,
    0.01062938974549373
  ],
  "learning_rate": [
    0.0001,
    0.0001,
    0.0001
  ],
  "train_separation_ratio": [
    1.4773084792223843,
    2.044405547055331,
    2.291793844916604
  ],
  "val_separation_ratio": [
    2.4486101468404136,
    2.616533120473226,
    2.725610123740302
  ]
}