{
  "epoch": [
    1,
    2,
    3,
    4,
    5,
    6,
    7,
    8
  ],
  "train_loss": [
    1.941603575782847,
    1.8862227205901616,
    1.8747262253219632,
    1.2413461647886137,
    1.2210744885758982,
    1.2073680988237179,
    1.1380863635899634,
    1.1286039261400589
  ],
  "train_contrastive_loss": [
    1.941603575782847,
    1.8862227205901616,
    1.8747262253219632,
    1.2413461647886137,
    1.2210744885758982,
    1.2073680988237179,
    1.1380863635899634,
    1.1286039261400589
  ],
  "train_reconstruction_loss": [
    0.01078802864353417,
    0.010711261360893924,
    0.010711029789356768,
    0.010711038679411736,
    0.010711069987112139,
    0.010711080642691094,
    0.010711008327314196,
    0.0107110368739987
  ],
  "val_loss": [
    1.8695789840486314,
    1.8660138183169894,
    1.8596611022949219,
    1.2145483493804932,
    1.2118510802586873,
    1.1864417261547513,
    1.1332409116956923,
    1.1235243611865573
  ],
  "val_contrastive_loss": [
    1.8695789840486314,
    1.8660138183169894,
    1.8596611022949219,
    1.2145483493804932,
    1.2118510802586873,
    1.1864417261547513,
    1.1332409116956923,
    1.1235243611865573
  ],
  "val_reconstruction_loss": [
    0.010634739262362322,
    0.01063120716975795,
    0.01062938974549373,
    0.010629775726960765,
    0.010630360597537624,
    0.010630805873208575,
    0.01063090262727605,
    0.010627466978298293
  ],
  "learning_rate": [
    0.0001,
    0.0001,
    0.0001,
    0.0001,
    0.0001,
    0.0001,
    0.0001,
    0.0001
  ],
  "train_separation_ratio": [
    1.4773084792223843,
    2.044405547055331,
    2.291793844916604,
    2.4788090098987925,
    2.652474425055764,
    2.776072209531611,
    2.89940205487338,
    3.0640487020665947
  ],
  "val_separation_ratio": [
    2.4486101468404136,
    2.616533120473226,
    2.725610123740302,
    2.7492999500698514,
    2.886799759334988,
    2.926962587568495,
    2.9596025149027505,
    3.0781403912438288
  ]
}