{
  "epoch": [
    1
  ],
  "train_loss": [
    1.941603575782847
  ],
  "train_contrastive_loss": [
    1.941603575782847
  ],
  "train_reconstruction_loss": [
    0.01078802864353417
  ],
  "val_loss": [
    1.8695789840486314
  ],
  "val_contrastive_loss": [
    1.8695789840486314
  ],
  "val_reconstruction_loss": [
    0.010634739262362322
  ],
  "learning_rate": [
    0.0001
  ],
  "train_separation_ratio": [
    1.4773084792223843
  ],
  "val_separation_ratio": [
    2.4486101468404136
  ]
}