{
  "epoch": [
    1,
    2,
    3,
    4,
    5,
    6,
    7,
    8,
    9,
    10,
    11,
    12,
    13,
    14,
    15,
    16,
    17,
    18,
    19
  ],
  "train_loss": [
    1.941603575782847,
    1.8862227205901616,
    1.8747262253219632,
    1.2413461647886137,
    1.2210744885758982,
    1.2073680988237179,
    1.1380863635899634,
    1.1286039261400589,
    1.12365736752693,
    1.0927744941782462,
    1.0909081684144515,
    1.0876398810239256,
    1.0532620576950869,
    1.047948792549041,
    1.0445654198000107,
    1.0572713377089473,
    1.0531501849936373,
    1.052522879628052,
    1.0189462981188542
  ],
  "train_contrastive_loss": [
    1.941603575782847,
    1.8862227205901616,
    1.8747262253219632,
    1.2413461647886137,
    1.2210744885758982,
    1.2073680988237179,
    1.1380863635899634,
    1.1286039261400589,
    1.12365736752693,
    1.0927744941782462,
    1.0909081684144515,
    1.0876398810239256,
    1.0532620576950869,
    1.047948792549041,
    1.0445654198000107,
    1.0572713377089473,
    1.0531501849936373,
    1.052522879628052,
    1.0189462981188542
  ],
  "train_reconstruction_loss": [
    0.01078802864353417,
    0.010711261360893924,
    0.010711029789356768,
    0.010711038679411736,
    0.010711069987112139,
    0.010711080642691094,
    0.010711008327314196,
    0.0107110368739987,
    0.010711054414774341,
    0.010711083481750787,
    0.010711025424107382,
    0.010711143030897754,
    0.010711059475480622,
    0.010711091624319664,
    0.010711061103994397,
    0.01071108636416814,
    0.010711119498093257,
    0.010711063842464315,
    0.010711083918796016
  ],
  "val_loss": [
    1.8695789840486314,
    1.8660138183169894,
    1.8596611022949219,
    1.2145483493804932,
    1.2118510802586873,
    1.1864417261547513,
    1.1332409116956923,
    1.1235243611865573,
    1.128789809015062,
    1.0968925423092313,
    1.102288590537177,
    1.107669260766771,
    1.070179091559516,
    1.066362977027893,
    1.0712203184763591,
    1.0797632667753432,
    1.0863501495785184,
    1.0831865337159898,
    1.058477242787679
  ],
  "val_contrastive_loss": [
    1.8695789840486314,
    1.8660138183169894,
    1.8596611022949219,
    1.2145483493804932,
    1.2118510802586873,
    1.1864417261547513,
    1.1332409116956923,
    1.1235243611865573,
    1.128789809015062,
    1.0968925423092313,
    1.102288590537177,
    1.107669260766771,
    1.070179091559516,
    1.066362977027893,
    1.0712203184763591,
    1.0797632667753432,
    1.0863501495785184,
    1.0831865337159898,
    1.058477242787679
  ],
  "val_reconstruction_loss": [
    0.010634739262362322,
    0.01063120716975795,
    0.01062938974549373,
    0.010629775726960765,
    0.010630360597537624,
    0.010630805873208575,
    0.01063090262727605,
    0.010627466978298293,
    0.01062896889117029,
    0.01062758101357354,
    0.010630892486208014,
    0.01063166351781951,
    0.010632726363837719,
    0.01063185516330931,
    0.010630454454157088,
    0.010631927702989843,
    0.010630152809123198,
    0.010629374533891678,
    0.010629161778423522
  ],
  "learning_rate": [
    0.0001,
    0.0001,
    0.0001,
    0.0001,
    0.0001,
    0.0001,
    0.0001,
    0.0001,
    0.0001,
    0.0001,
    0.0001,
    0.0001,
    0.0001,
    0.0001,
    0.0001,
    0.0001,
    0.0001,
    0.0001,
    0.0001
  ],
  "train_separation_ratio": [
    1.4773084792223843,
    2.044405547055331,
    2.291793844916604,
    2.4788090098987925,
    2.652474425055764,
    2.776072209531611,
    2.89940205487338,
    3.0640487020665947,
    3.1448491378263994,
    3.1278400096026333,
    3.165974649516019,
    3.3377522230148315,
    3.2818380810997705,
    3.3635819500142876,
    3.4333184849132192,
    3.5012089989402075,
    3.4784563996575097,
    3.679674126885154,
    3.606472839008678
  ],
  "val_separation_ratio": [
    2.4486101468404136,
    2.616533120473226,
    2.725610123740302,
    2.7492999500698514,
    2.886799759334988,
    2.926962587568495,
    2.9596025149027505,
    3.0781403912438288,
    3.042965571085612,
    3.0865604877471924,
    3.0863133801354303,
    3.092828538682726,
    3.1686337523990207,
    3.172000779045953,
    3.1473348405626087,
    3.198865042792426,
    3.1667239665985107,
    3.1691637569003634,
    3.1886671119266086
  ]
}