{
  "timestamp": "20250730_111407",
  "test_config": {
    "n_clusters": 3,
    "samples_per_class": 10,
    "sample_size": 1000,
    "random_state": 42,
    "ph_params": {
      "min_points": 200,
      "max_points": 1000,
      "point_jump": 50,
      "h_dim": 0,
      "alpha": 1.0
    },
    "methodology": "CORRECTED: Extract samples -> Compute H0+H1 diagrams -> Create combined images -> Cluster"
  },
  "results": {
    "natural_clustering_accuracy_mean": 0.9400000000000001,
    "natural_clustering_accuracy_std": 0.029059326290271154,
    "natural_clustering_accuracy_min": 0.9,
    "natural_clustering_accuracy_max": 1.0,
    "natural_clustering_accuracy_all_runs": [
      0.9333333333333333,
      0.9333333333333333,
      0.9,
      1.0,
      0.9666666666666667,
      0.9666666666666667,
      0.9333333333333333,
      0.9333333333333333,
      0.9333333333333333,
      0.9
    ],
    "adjusted_rand_score_mean": 0.8272266383001646,
    "adjusted_rand_score_std": 0.07890981824170272,
    "normalized_mutual_info_mean": 0.8466607312041585,
    "normalized_mutual_info_std": 0.0677676786810133,
    "silhouette_score_mean": 0.6596524213733701,
    "silhouette_score_std": 0.03444444399625867,
    "n_runs": 10,
    "successful_runs": 10,
    "samples_per_class": 10,
    "sample_size": 1000,
    "clustering_method": "Combined H0+H1 persistence images",
    "accuracy_coefficient_of_variation": 0.030914176904543778,
    "runs_above_90_percent": 10,
    "runs_above_95_percent": 3,
    "runs_above_99_percent": 1,
    "image_info_by_run": [
      {
        "n_images": 30,
        "image_shape": [
          30,
          400
        ],
        "labels": [
          0,
          0,
          0,
          0,
          0,
          0,
          0,
          0,
          0,
          0,
          1,
          1,
          1,
          1,
          1,
          1,
          1,
          1,
          1,
          1,
          2,
          2,
          2,
          2,
          2,
          2,
          2,
          2,
          2,
          2
        ],
        "natural_mapping": {
          "0": 0,
          "1": 2,
          "2": 1
        }
      },
      {
        "n_images": 30,
        "image_shape": [
          30,
          400
        ],
        "labels": [
          0,
          0,
          0,
          0,
          0,
          0,
          0,
          0,
          0,
          0,
          1,
          1,
          1,
          1,
          1,
          1,
          1,
          1,
          1,
          1,
          2,
          2,
          2,
          2,
          2,
          2,
          2,
          2,
          2,
          2
        ],
        "natural_mapping": {
          "0": 0,
          "1": 1,
          "2": 2
        }
      },
      {
        "n_images": 30,
        "image_shape": [
          30,
          400
        ],
        "labels": [
          0,
          0,
          0,
          0,
          0,
          0,
          0,
          0,
          0,
          0,
          1,
          1,
          1,
          1,
          1,
          1,
          1,
          1,
          1,
          1,
          2,
          2,
          2,
          2,
          2,
          2,
          2,
          2,
          2,
          2
        ],
        "natural_mapping": {
          "0": 1,
          "1": 2,
          "2": 0
        }
      },
      {
        "n_images": 30,
        "image_shape": [
          30,
          400
        ],
        "labels": [
          0,
          0,
          0,
          0,
          0,
          0,
          0,
          0,
          0,
          0,
          1,
          1,
          1,
          1,
          1,
          1,
          1,
          1,
          1,
          1,
          2,
          2,
          2,
          2,
          2,
          2,
          2,
          2,
          2,
          2
        ],
        "natural_mapping": {
          "0": 2,
          "1": 0,
          "2": 1
        }
      },
      {
        "n_images": 30,
        "image_shape": [
          30,
          400
        ],
        "labels": [
          0,
          0,
          0,
          0,
          0,
          0,
          0,
          0,
          0,
          0,
          1,
          1,
          1,
          1,
          1,
          1,
          1,
          1,
          1,
          1,
          2,
          2,
          2,
          2,
          2,
          2,
          2,
          2,
          2,
          2
        ],
        "natural_mapping": {
          "0": 2,
          "1": 0,
          "2": 1
        }
      },
      {
        "n_images": 30,
        "image_shape": [
          30,
          400
        ],
        "labels": [
          0,
          0,
          0,
          0,
          0,
          0,
          0,
          0,
          0,
          0,
          1,
          1,
          1,
          1,
          1,
          1,
          1,
          1,
          1,
          1,
          2,
          2,
          2,
          2,
          2,
          2,
          2,
          2,
          2,
          2
        ],
        "natural_mapping": {
          "0": 0,
          "1": 2,
          "2": 1
        }
      },
      {
        "n_images": 30,
        "image_shape": [
          30,
          400
        ],
        "labels": [
          0,
          0,
          0,
          0,
          0,
          0,
          0,
          0,
          0,
          0,
          1,
          1,
          1,
          1,
          1,
          1,
          1,
          1,
          1,
          1,
          2,
          2,
          2,
          2,
          2,
          2,
          2,
          2,
          2,
          2
        ],
        "natural_mapping": {
          "0": 0,
          "1": 2,
          "2": 1
        }
      },
      {
        "n_images": 30,
        "image_shape": [
          30,
          400
        ],
        "labels": [
          0,
          0,
          0,
          0,
          0,
          0,
          0,
          0,
          0,
          0,
          1,
          1,
          1,
          1,
          1,
          1,
          1,
          1,
          1,
          1,
          2,
          2,
          2,
          2,
          2,
          2,
          2,
          2,
          2,
          2
        ],
        "natural_mapping": {
          "0": 0,
          "1": 2,
          "2": 1
        }
      },
      {
        "n_images": 30,
        "image_shape": [
          30,
          400
        ],
        "labels": [
          0,
          0,
          0,
          0,
          0,
          0,
          0,
          0,
          0,
          0,
          1,
          1,
          1,
          1,
          1,
          1,
          1,
          1,
          1,
          1,
          2,
          2,
          2,
          2,
          2,
          2,
          2,
          2,
          2,
          2
        ],
        "natural_mapping": {
          "0": 1,
          "1": 2,
          "2": 0
        }
      },
      {
        "n_images": 30,
        "image_shape": [
          30,
          400
        ],
        "labels": [
          0,
          0,
          0,
          0,
          0,
          0,
          0,
          0,
          0,
          0,
          1,
          1,
          1,
          1,
          1,
          1,
          1,
          1,
          1,
          1,
          2,
          2,
          2,
          2,
          2,
          2,
          2,
          2,
          2,
          2
        ],
        "natural_mapping": {
          "0": 0,
          "1": 2,
          "2": 1
        }
      }
    ],
    "clustering_consistency": "EXCELLENT (Very consistent across runs)",
    "model_name": "moor_topological+reconstruction",