{
  "timestamp": "20250730_105021",
  "test_config": {
    "n_clusters": 3,
    "samples_per_class": 10,
    "sample_size": 1000,
    "random_state": 42,
    "ph_params": {
      "min_points": 200,
      "max_points": 1000,
      "point_jump": 50,
      "h_dim": 0,
      "alpha": 1.0
    },
    "methodology": "CORRECTED: Extract samples -> Compute H0+H1 diagrams -> Create combined images -> Cluster"
  },
  "results": {
    "natural_clustering_accuracy_mean": 0.9333333333333333,
    "natural_clustering_accuracy_std": 0.039440531887330765,
    "natural_clustering_accuracy_min": 0.9,
    "natural_clustering_accuracy_max": 1.0,
    "natural_clustering_accuracy_all_runs": [
      1.0,
      0.9,
      0.9,
      1.0,
      0.9666666666666667,
      0.9,
      0.9,
      0.9333333333333333,
      0.9,
      0.9333333333333333
    ],
    "adjusted_rand_score_mean": 0.8056904879598831,
    "adjusted_rand_score_std": 0.11425925761235566,
    "normalized_mutual_info_mean": 0.8206516635387272,
    "normalized_mutual_info_std": 0.1052699641699555,
    "silhouette_score_mean": 0.5894932327394661,
    "silhouette_score_std": 0.04783087823559239,
    "n_runs": 10,
    "successful_runs": 10,
    "samples_per_class": 10,
    "sample_size": 1000,
    "clustering_method": "Combined H0+H1 persistence images",
    "accuracy_coefficient_of_variation": 0.04225771273642582,
    "runs_above_90_percent": 10,
    "runs_above_95_percent": 3,
    "runs_above_99_percent": 2,
    "image_info_by_run": [
      {
        "n_images": 30,
        "image_shape": [
          30,
          400
        ],
        "labels": [
          0,
          0,
          0,
          0,
          0,
          0,
          0,
          0,
          0,
          0,
          1,
          1,
          1,
          1,
          1,
          1,
          1,
          1,
          1,
          1,
          2,
          2,
          2,
          2,
          2,
          2,
          2,
          2,
          2,
          2
        ],
        "natural_mapping": {
          "0": 1,
          "1": 2,
          "2": 0
        }
      },
      {
        "n_images": 30,
        "image_shape": [
          30,
          400
        ],
        "labels": [
          0,
          0,
          0,
          0,
          0,
          0,
          0,
          0,
          0,
          0,
          1,
          1,
          1,
          1,
          1,
          1,
          1,
          1,
          1,
          1,
          2,
          2,
          2,
          2,
          2,
          2,
          2,
          2,
          2,
          2
        ],
        "natural_mapping": {
          "0": 0,
          "1": 1,
          "2": 2
        }
      },
      {
        "n_images": 30,
        "image_shape": [
          30,
          400
        ],
        "labels": [
          0,
          0,
          0,
          0,
          0,
          0,
          0,
          0,
          0,
          0,
          1,
          1,
          1,
          1,
          1,
          1,
          1,
          1,
          1,
          1,
          2,
          2,
          2,
          2,
          2,
          2,
          2,
          2,
          2,
          2
        ],
        "natural_mapping": {
          "0": 0,
          "1": 2,
          "2": 1
        }
      },
      {
        "n_images": 30,
        "image_shape": [
          30,
          400
        ],
        "labels": [
          0,
          0,
          0,
          0,
          0,
          0,
          0,
          0,
          0,
          0,
          1,
          1,
          1,
          1,
          1,
          1,
          1,
          1,
          1,
          1,
          2,
          2,
          2,
          2,
          2,
          2,
          2,
          2,
          2,
          2
        ],
        "natural_mapping": {
          "0": 0,
          "1": 2,
          "2": 1
        }
      },
      {
        "n_images": 30,
        "image_shape": [
          30,
          400
        ],
        "labels": [
          0,
          0,
          0,
          0,
          0,
          0,
          0,
          0,
          0,
          0,
          1,
          1,
          1,
          1,
          1,
          1,
          1,
          1,
          1,
          1,
          2,
          2,
          2,
          2,
          2,
          2,
          2,
          2,
          2,
          2
        ],
        "natural_mapping": {
          "0": 2,
          "1": 0,
          "2": 1
        }
      },
      {
        "n_images": 30,
        "image_shape": [
          30,
          400
        ],
        "labels": [
          0,
          0,
          0,
          0,
          0,
          0,
          0,
          0,
          0,
          0,
          1,
          1,
          1,
          1,
          1,
          1,
          1,
          1,
          1,
          1,
          2,
          2,
          2,
          2,
          2,
          2,
          2,
          2,
          2,
          2
        ],
        "natural_mapping": {
          "0": 0,
          "1": 2,
          "2": 1
        }
      },
      {
        "n_images": 30,
        "image_shape": [
          30,
          400
        ],
        "labels": [
          0,
          0,
          0,
          0,
          0,
          0,
          0,
          0,
          0,
          0,
          1,
          1,
          1,
          1,
          1,
          1,
          1,
          1,
          1,
          1,
          2,
          2,
          2,
          2,
          2,
          2,
          2,
          2,
          2,
          2
        ],
        "natural_mapping": {
          "0": 0,
          "1": 2,
          "2": 1
        }
      },
      {
        "n_images": 30,
        "image_shape": [
          30,
          400
        ],
        "labels": [
          0,
          0,
          0,
          0,
          0,
          0,
          0,
          0,
          0,
          0,
          1,
          1,
          1,
          1,
          1,
          1,
          1,
          1,
          1,
          1,
          2,
          2,
          2,
          2,
          2,
          2,
          2,
          2,
          2,
          2
        ],
        "natural_mapping": {
          "0": 0,
          "1": 2,
          "2": 1
        }
      },
      {
        "n_images": 30,
        "image_shape": [
          30,
          400
        ],
        "labels": [
          0,
          0,
          0,
          0,
          0,
          0,
          0,
          0,
          0,
          0,
          1,
          1,
          1,
          1,
          1,
          1,
          1,
          1,
          1,
          1,
          2,
          2,
          2,
          2,
          2,
          2,
          2,
          2,
          2,
          2
        ],
        "natural_mapping": {
          "0": 2,
          "1": 0,
          "2": 1
        }
      },
      {
        "n_images": 30,
        "image_shape": [
          30,
          400
        ],
        "labels": [
          0,
          0,
          0,
          0,
          0,
          0,
          0,
          0,
          0,
          0,
          1,
          1,
          1,
          1,
          1,
          1,
          1,
          1,
          1,
          1,
          2,
          2,
          2,
          2,
          2,
          2,
          2,
          2,
          2,
          2
        ],
        "natural_mapping": {
          "0": 1,
          "1": 0,
          "2": 2
        }
      }
    ],
    "clustering_consistency": "EXCELLENT (Very consistent across runs)",
    "model_name": "moor_topological+reconstruction",
    "model_path": "entailment_surfaces/supervised_contrastive_autoencoder/experiments/FIXED_DECODERS/pure_moor_topological_autoencoder_no_attention_20250724_224242/checkpoints/best_model.pt",