{
  "euclidean": {
    "phd_entailment": 2.072923492305574,
    "phd_neutral": 2.199459393044503,
    "phd_contradiction": 2.023079051585101,
    "centroid_ent_to_neutral": 0.1407906860113144,
    "centroid_ent_to_contradiction": 0.3669969141483307,
    "centroid_neutral_to_contradiction": 0.22651614248752594,
    "min_ent_to_neutral": "1.1920929e-07",
    "min_ent_to_contradiction": "0.0008387005",
    "entailment_separation": 2.6191909242709266
  },
  "manhattan": {
    "phd_entailment": 2.05294877242817,
    "phd_neutral": 2.1901733455877794,
    "phd_contradiction": 2.0318307608751085,
    "centroid_ent_to_neutral": 0.1458289623260498,
    "centroid_ent_to_contradiction": 0.3726973533630371,
    "centroid_neutral_to_contradiction": 0.23713207244873047,
    "min_ent_to_neutral": 1.1920928955078125e-07,
    "min_ent_to_contradiction": 0.0011346936225891113,
    "entailment_separation": 2.674581694435851
  },
  "chebyshev": {
    "phd_entailment": 2.0960646312461515,
    "phd_neutral": 2.1674954261265467,
    "phd_contradiction": 2.0504340104825243,
    "centroid_ent_to_neutral": 0.14069712162017822,
    "centroid_ent_to_contradiction": 0.36695194244384766,
    "centroid_neutral_to_contradiction": 0.22625482082366943,
    "min_ent_to_neutral": 1.1920928955078125e-07,
    "min_ent_to_contradiction": 0.00074005126953125,
    "entailment_separation": 2.6184763489559413
  },
  "cosine": {
    "phd_entailment": 1.717519483354827,
    "phd_neutral": 1.0022058797590145,
    "phd_contradiction": 0.7224235586732914,
    "centroid_ent_to_neutral": 0.0013039708137512207,
    "centroid_ent_to_contradiction": 0.013727247714996338,
    "centroid_neutral_to_contradiction": 0.006583690643310547,
    "min_ent_to_neutral": "0.0",
    "min_ent_to_contradiction": "0.0",
    "entailment_separation": 0.07753169068888457
  },
  "minkowski_3": {
    "phd_entailment": 2.087593675538028,
    "phd_neutral": 2.188749116908004,
    "phd_contradiction": 2.0348545387097565,
    "centroid_ent_to_neutral": 0.14069939735050502,
    "centroid_ent_to_contradiction": 0.3669524119303318,
    "centroid_neutral_to_contradiction": 0.22626320044711998,
    "min_ent_to_neutral": 1.1920928955078136e-07,
    "min_ent_to_contradiction": 0.0007757133091984805,
    "entailment_separation": 2.618490508905799
  },
  "minkowski_4": {
    "phd_entailment": 2.0914392342319066,
    "phd_neutral": 2.181566312403446,
    "phd_contradiction": 2.0406877180332117,
    "centroid_ent_to_neutral": 0.14069718387553856,
    "centroid_ent_to_contradiction": 0.36695194795695957,
    "centroid_neutral_to_contradiction": 0.22625512297347225,
    "min_ent_to_neutral": 1.1920928955078125e-07,
    "min_ent_to_contradiction": 0.000754579150798237,
    "entailment_separation": 2.618476698508722
  },
  "canberra": {
    "phd_entailment": 1.9988815786704157,
    "phd_neutral": 2.2287736009997223,
    "phd_contradiction": 2.1115242787147337,
    "centroid_ent_to_neutral": 0.13762733635065005,
    "centroid_ent_to_contradiction": 0.3958176889207427,
    "centroid_neutral_to_contradiction": 0.31384888295529345,
    "min_ent_to_neutral": 5.960464832810452e-08,
    "min_ent_to_contradiction": 0.004886365007676045,
    "entailment_separation": 2.7515330589975773
  },
  "braycurtis": {
    "phd_entailment": 2.1601689961824513,
    "phd_neutral": 2.2557283414794407,
    "phd_contradiction": 2.261704948360202,
    "centroid_ent_to_neutral": 0.10056586394623282,
    "centroid_ent_to_contradiction": 0.3072647052326913,
    "centroid_neutral_to_contradiction": 0.2200992993270108,
    "min_ent_to_neutral": 5.960464832810452e-08,
    "min_ent_to_contradiction": 0.0010143181527677053,
    "entailment_separation": 2.103608132805633
  }
}