{
  "euclidean": {
    "phd_entailment": 27.8409806119139,
    "phd_neutral": 30.283265458638475,
    "phd_contradiction": 32.587861199637786,
    "centroid_ent_to_neutral": 0.2971310019493103,
    "centroid_ent_to_contradiction": 0.6382898688316345,
    "centroid_neutral_to_contradiction": 0.48475760221481323,
    "min_ent_to_neutral": "2.0412912",
    "min_ent_to_contradiction": "2.9283721",
    "entailment_separation": 1.7658677943910386
  },
  "manhattan": {
    "phd_entailment": 27.72785173751602,
    "phd_neutral": 28.87933554104896,
    "phd_contradiction": 31.07693706873821,
    "centroid_ent_to_neutral": 8.652305603027344,
    "centroid_ent_to_contradiction": 18.553672790527344,
    "centroid_neutral_to_contradiction": 14.031354904174805,
    "min_ent_to_neutral": 60.431374861576955,
    "min_ent_to_contradiction": 85.827284818377,
    "entailment_separation": 51.35887231163468
  },
  "chebyshev": {
    "phd_entailment": 30.02835392692437,
    "phd_neutral": 28.456372279129326,
    "phd_contradiction": 30.727036318023327,
    "centroid_ent_to_neutral": 0.03354437852976844,
    "centroid_ent_to_contradiction": 0.08187779597938061,
    "centroid_neutral_to_contradiction": 0.062145269010216,
    "min_ent_to_neutral": 0.25343554466962814,
    "min_ent_to_contradiction": 0.2847848981618881,
    "entailment_separation": 0.21789154710021308
  },
  "cosine": {
    "phd_entailment": 12.006335855789962,
    "phd_neutral": 14.168144353832066,
    "phd_contradiction": 14.38230192459482,
    "centroid_ent_to_neutral": 0.080424964427948,
    "centroid_ent_to_contradiction": 0.33330100774765015,
    "centroid_neutral_to_contradiction": 0.19725775718688965,
    "min_ent_to_neutral": "0.1818369",
    "min_ent_to_contradiction": "0.296867",
    "entailment_separation": 0.7810231659232444
  },
  "minkowski_3": {
    "phd_entailment": 27.991871250701774,
    "phd_neutral": 30.371792399621928,
    "phd_contradiction": 33.70010509227739,
    "centroid_ent_to_neutral": 0.10813850113444298,
    "centroid_ent_to_contradiction": 0.2345290998804416,
    "centroid_neutral_to_contradiction": 0.17839756125403847,
    "min_ent_to_neutral": 0.735939183502416,
    "min_ent_to_contradiction": 1.0398125290331863,
    "entailment_separation": 0.646880671272862
  },
  "minkowski_4": {
    "phd_entailment": 28.347207297337775,
    "phd_neutral": 30.067152312714473,
    "phd_contradiction": 34.455667196682455,
    "centroid_ent_to_neutral": 0.06899875369795606,
    "centroid_ent_to_contradiction": 0.15145568728730774,
    "centroid_neutral_to_contradiction": 0.11544631516741569,
    "min_ent_to_neutral": 0.468337489344462,
    "min_ent_to_contradiction": 0.6561354252809908,
    "entailment_separation": 0.416169244910424
  },
  "canberra": {
    "phd_entailment": 36.879134363525985,
    "phd_neutral": 47.074859317991994,
    "phd_contradiction": 50.50462407378431,
    "centroid_ent_to_neutral": 651.1289878575187,
    "centroid_ent_to_contradiction": 836.2428687589116,
    "centroid_neutral_to_contradiction": 663.9440129329154,
    "min_ent_to_neutral": 664.1811612217642,
    "min_ent_to_contradiction": 755.8776090305186,
    "entailment_separation": 2807.8292263137128
  },
  "braycurtis": {
    "phd_entailment": 16.00465340584931,
    "phd_neutral": 18.508393364064364,
    "phd_contradiction": 19.00287009674457,
    "centroid_ent_to_neutral": 0.22748634198535042,
    "centroid_ent_to_contradiction": 0.44776706874651395,
    "centroid_neutral_to_contradiction": 0.32311087332865884,
    "min_ent_to_neutral": 0.30939866816444833,
    "min_ent_to_contradiction": 0.40357772347072673,
    "entailment_separation": 1.2747291495309596
  }
}