{
  "epoch": [
    1,
    2,
    3,
    4,
    5,
    6
  ],
  "train_loss": [
    6.652242676505829,
    2.9918886491928243,
    2.987182784568886,
    2.973132269342518,
    2.954344930595526,
    2.8769411250421677
  ],
  "train_contrastive_loss": [
    2.6460982816401364,
    2.000366137236412,
    2.0000366816085586,
    1.9838571148877704,
    1.9615644669399581,
    1.8910199627973958
  ],
  "train_reconstruction_loss": [
    0.04006144392618032,
    0.009915225115887391,
    0.009871461028077082,
    0.00989275152519262,
    0.009927804654661837,
    0.009859211612804975
  ],
  "val_loss": [
    2.986122475730048,
    2.9789995352427163,
    2.9734181298149958,
    2.948645750681559,
    2.9055628776550293,
    2.8192427688174777
  ],
  "val_contrastive_loss": [
    2.000497155719333,
    2.0001499123043485,
    1.99995137585534,
    1.970301455921597,
    1.9151172505484686,
    1.860623624589708
  ],
  "val_reconstruction_loss": [
    0.009856253448459838,
    0.00978849631630712,
    0.00973466732021835,
    0.009783443477418687,
    0.009904456428355642,
    0.009586191529201137
  ],
  "learning_rate": [
    0.0001,
    0.0001,
    0.0001,
    0.0001,
    0.0001,
    0.0001
  ],
  "train_separation_ratio": [
    1.000010224905881,
    1.0036222257397391,
    1.013736210086129,
    1.2134023146195845,
    1.4978445985100486,
    1.9905253594571894
  ],
  "val_separation_ratio": [
    1.0023477209938898,
    1.0173795090781317,
    1.0264910856882732,
    1.5761804183324177,
    2.0666841533448963,
    2.468061235215929
  ]
}