{
  "epoch": [
    1,
    2,
    3
  ],
  "train_loss": [
    6.652242676505829,
    2.9918886491928243,
    2.987182784568886
  ],
  "train_contrastive_loss": [
    2.6460982816401364,
    2.000366137236412,
    2.0000366816085586
  ],
  "train_reconstruction_loss": [
    0.04006144392618032,
    0.009915225115887391,
    0.009871461028077082
  ],
  "val_loss": [
    2.986122475730048,
    2.9789995352427163,
    2.9734181298149958
  ],
  "val_contrastive_loss": [
    2.000497155719333,
    2.0001499123043485,
    1.99995137585534
  ],
  "val_reconstruction_loss": [
    0.009856253448459838,
    0.00978849631630712,
    0.00973466732021835
  ],
  "learning_rate": [
    0.0001,
    0.0001,
    0.0001
  ],
  "train_separation_ratio": [
    1.000010224905881,
    1.0036222257397391,
    1.013736210086129
  ],
  "val_separation_ratio": [
    1.0023477209938898,
    1.0173795090781317,
    1.0264910856882732
  ]
}