{
  "epoch": [
    1
  ],
  "train_loss": [
    6.652242676505829
  ],
  "train_contrastive_loss": [
    2.6460982816401364
  ],
  "train_reconstruction_loss": [
    0.04006144392618032
  ],
  "val_loss": [
    2.986122475730048
  ],
  "val_contrastive_loss": [
    2.000497155719333
  ],
  "val_reconstruction_loss": [
    0.009856253448459838
  ],
  "learning_rate": [
    0.0001
  ],
  "train_separation_ratio": [
    1.000010224905881
  ],
  "val_separation_ratio": [
    1.0023477209938898
  ]
}