{
  "epoch": [
    1,
    2,
    3,
    4,
    5,
    6,
    7,
    8,
    9,
    10,
    11,
    12,
    13,
    14,
    15
  ],
  "train_loss": [
    6.652242676505829,
    2.9918886491928243,
    2.987182784568886,
    2.973132269342518,
    2.954344930595526,
    2.8769411250421677,
    2.2134264279122235,
    2.164268871037432,
    2.1470697454456067,
    2.057479023489428,
    2.0505292630950387,
    2.039603657340648,
    2.028730088550063,
    2.0228388276180076,
    2.0163672800614627
  ],
  "train_contrastive_loss": [
    2.6460982816401364,
    2.000366137236412,
    2.0000366816085586,
    1.9838571148877704,
    1.9615644669399581,
    1.8910199627973958,
    1.239003016518037,
    1.1930915840955199,
    1.1797568465078343,
    1.0913831645993992,
    1.0877271322342714,
    1.080400704893542,
    1.0735927476119285,
    1.073053370196948,
    1.0725534284137037
  ],
  "train_reconstruction_loss": [
    0.04006144392618032,
    0.009915225115887391,
    0.009871461028077082,
    0.00989275152519262,
    0.009927804654661837,
    0.009859211612804975,
    0.009744234150709165,
    0.009711772846873135,
    0.009673129017959093,
    0.009660958556989051,
    0.009628021326505715,
    0.009592029479379094,
    0.009551373405773991,
    0.009497854600225192,
    0.009438138498510173
  ],
  "val_loss": [
    2.986122475730048,
    2.9789995352427163,
    2.9734181298149958,
    2.948645750681559,
    2.9055628776550293,
    2.8192427688174777,
    2.1757410367329917,
    2.161170482635498,
    2.1602297359042697,
    2.065847529305352,
    2.070924997329712,
    2.056881931093004,
    2.058121840159098,
    2.063556856579251,
    2.046080708503723
  ],
  "val_contrastive_loss": [
    2.000497155719333,
    2.0001499123043485,
    1.99995137585534,
    1.970301455921597,
    1.9151172505484686,
    1.860623624589708,
    1.2118235561582777,
    1.2004460626178317,
    1.2037427955203586,
    1.1091021299362183,
    1.1178399191962347,
    1.1086349222395155,
    1.1146926747428045,
    1.1275999281141493,
    1.1141402588950262
  ],
  "val_reconstruction_loss": [
    0.009856253448459838,
    0.00978849631630712,
    0.00973466732021835,
    0.009783443477418687,
    0.009904456428355642,
    0.009586191529201137,
    0.009639174677431583,
    0.009607243765559461,
    0.00956486931277646,
    0.009567453525960445,
    0.00953085089309348,
    0.00948247044450707,
    0.009434291885958778,
    0.009359569495750798,
    0.009319404554035928
  ],
  "learning_rate": [
    0.0001,
    0.0001,
    0.0001,
    0.0001,
    0.0001,
    0.0001,
    0.0001,
    0.0001,
    0.0001,
    0.0001,
    0.0001,
    0.0001,
    0.0001,
    0.0001,
    0.0001
  ],
  "train_separation_ratio": [
    1.000010224905881,
    1.0036222257397391,
    1.013736210086129,
    1.2134023146195845,
    1.4978445985100486,
    1.9905253594571894,
    2.414223692633889,
    2.8686871095137163,
    3.1203790361231025,
    3.262387904253873,
    3.3676075501875444,
    3.3686934384432705,
    3.4623169140382246,
    3.4386051784862173,
    3.4734689972617407
  ],
  "val_separation_ratio": [
    1.0023477209938898,
    1.0173795090781317,
    1.0264910856882732,
    1.5761804183324177,
    2.0666841533448963,
    2.468061235215929,
    2.737827115588718,
    2.7735758622487388,
    2.812187910079956,
    2.8743327723609076,
    2.8241181638505726,
    2.8596677780151367,
    2.8827691078186035,
    2.889342678917779,
    2.798659642537435
  ]
}