{
  "epoch": [
    1,
    2
  ],
  "train_loss": [
    6.652242676505829,
    2.9918886491928243
  ],
  "train_contrastive_loss": [
    2.6460982816401364,
    2.000366137236412
  ],
  "train_reconstruction_loss": [
    0.04006144392618032,
    0.009915225115887391
  ],
  "val_loss": [
    2.986122475730048,
    2.9789995352427163
  ],
  "val_contrastive_loss": [
    2.000497155719333,
    2.0001499123043485
  ],
  "val_reconstruction_loss": [
    0.009856253448459838,
    0.00978849631630712
  ],
  "learning_rate": [
    0.0001,
    0.0001
  ],
  "train_separation_ratio": [
    1.000010224905881,
    1.0036222257397391
  ],
  "val_separation_ratio": [
    1.0023477209938898,
    1.0173795090781317
  ]
}