{
  "sbert_concat": {
    "euclidean": {
      "phd_entailment": 33.75996257538492,
      "phd_neutral": 36.244087078284196,
      "phd_contradiction": 34.18676224297402,
      "centroid_ent_to_neutral": 0.13221204280853271,
      "centroid_ent_to_contradiction": 0.5294039249420166,
      "centroid_neutral_to_contradiction": 0.48042839765548706,
      "min_ent_to_neutral": "1.5913345",
      "min_ent_to_contradiction": "3.146337",
      "entailment_separation": 1.448482203035398
    },
    "manhattan": {
      "phd_entailment": 33.64963325386247,
      "phd_neutral": 35.7820068568082,
      "phd_contradiction": 34.03978086417924,
      "centroid_ent_to_neutral": 2.825425863265991,
      "centroid_ent_to_contradiction": 11.523330688476562,
      "centroid_neutral_to_contradiction": 10.383284568786621,
      "min_ent_to_neutral": 34.83512680752267,
      "min_ent_to_contradiction": 69.21693398458848,
      "entailment_separation": 31.41387075579601
    },
    "chebyshev": {
      "phd_entailment": 29.47514489599421,
      "phd_neutral": 30.204110622355685,
      "phd_contradiction": 29.42129132335108,
      "centroid_ent_to_neutral": 0.01753115514293313,
      "centroid_ent_to_contradiction": 0.08120966848218814,
      "centroid_neutral_to_contradiction": 0.07786475267494097,
      "min_ent_to_neutral": 0.2017444707453251,
      "min_ent_to_contradiction": 0.3008704334497452,
      "entailment_separation": 0.216174235063157
    },
    "cosine": {
      "phd_entailment": 15.09085358943855,
      "phd_neutral": 16.787302231801004,
      "phd_contradiction": 16.767558108694615,
      "centroid_ent_to_neutral": 0.013220906257629395,
      "centroid_ent_to_contradiction": 0.1971491575241089,
      "centroid_neutral_to_contradiction": 0.16278702020645142,
      "min_ent_to_neutral": "0.08776814",
      "min_ent_to_contradiction": "0.30613422",
      "entailment_separation": 0.46056520442710625
    },
    "minkowski_3": {
      "phd_entailment": 33.932400620554816,
      "phd_neutral": 36.6670797648088,
      "phd_contradiction": 33.82046277288975,
      "centroid_ent_to_neutral": 0.05206830560698562,
      "centroid_ent_to_contradiction": 0.2094393028211859,
      "centroid_neutral_to_contradiction": 0.19003854044740656,
      "min_ent_to_neutral": 0.6196934487981963,
      "min_ent_to_contradiction": 1.2132247756907364,
      "entailment_separation": 0.5725211228719497
    },
    "minkowski_4": {
      "phd_entailment": 34.024976154372666,
      "phd_neutral": 37.1557791594671,
      "phd_contradiction": 33.58771818025267,
      "centroid_ent_to_neutral": 0.0341055782287811,
      "centroid_ent_to_contradiction": 0.13918222929742846,
      "centroid_neutral_to_contradiction": 0.12632900637681438,
      "min_ent_to_neutral": 0.40412777392846044,
      "min_ent_to_contradiction": 0.7790973318540558,
      "entailment_separation": 0.379380664070331
    },
    "canberra": {
      "phd_entailment": 55.1680766618213,
      "phd_neutral": 62.90701918211988,
      "phd_contradiction": 64.29110951330556,
      "centroid_ent_to_neutral": 172.06586393281313,
      "centroid_ent_to_contradiction": 422.99395619568907,
      "centroid_neutral_to_contradiction": 398.6076029039524,
      "min_ent_to_neutral": 329.79674699194607,
      "min_ent_to_contradiction": 483.6693850273339,
      "entailment_separation": 1302.7701887669036
    },
    "braycurtis": {
      "phd_entailment": 20.40604808752285,
      "phd_neutral": 22.435062954696573,
      "phd_contradiction": 22.67655064380174,
      "centroid_ent_to_neutral": 0.057897119694283856,
      "centroid_ent_to_contradiction": 0.23962740424239098,
      "centroid_neutral_to_contradiction": 0.2146019532735541,
      "min_ent_to_neutral": 0.1535066843966686,
      "min_ent_to_contradiction": 0.3108587982152717,
      "entailment_separation": 0.6513733024825337
    }
  },
  "order_concat": {
    "euclidean": {
      "phd_entailment": 26.778499889326408,
      "phd_neutral": 28.80956080854587,
      "phd_contradiction": 28.37564471314164,
      "centroid_ent_to_neutral": 0.06622276455163956,
      "centroid_ent_to_contradiction": 0.39327430725097656,
      "centroid_neutral_to_contradiction": 0.3487422466278076,
      "min_ent_to_neutral": "0.5761963",
      "min_ent_to_contradiction": "0.9984887",
      "entailment_separation": 1.0649492866269121
    },
    "manhattan": {
      "phd_entailment": 26.987621426733263,
      "phd_neutral": 29.290292588522952,
      "phd_contradiction": 27.740980821546277,
      "centroid_ent_to_neutral": 0.6246201395988464,
      "centroid_ent_to_contradiction": 3.517749786376953,
      "centroid_neutral_to_contradiction": 3.1267967224121094,
      "min_ent_to_neutral": 5.108031526207924,
      "min_ent_to_contradiction": 12.182392563670874,
      "entailment_separation": 9.600526680848342
    },
    "chebyshev": {
      "phd_entailment": 22.78003443851512,
      "phd_neutral": 22.455611402065923,
      "phd_contradiction": 24.6555463479654,
      "centroid_ent_to_neutral": 0.01430213451385498,
      "centroid_ent_to_contradiction": 0.09162063896656036,
      "centroid_neutral_to_contradiction": 0.08827202022075653,
      "min_ent_to_neutral": 0.15195928514003754,
      "min_ent_to_contradiction": 0.15807348489761353,
      "entailment_separation": 0.24549097040594045
    },
    "cosine": {
      "phd_entailment": 13.514890496233898,
      "phd_neutral": 11.842647296873595,
      "phd_contradiction": 13.401494983406739,
      "centroid_ent_to_neutral": 0.0001582503318786621,
      "centroid_ent_to_contradiction": 0.005646824836730957,
      "centroid_neutral_to_contradiction": 0.004445016384124756,
      "min_ent_to_neutral": "0.008908868",
      "min_ent_to_contradiction": "0.034748495",
      "entailment_separation": 0.013454080643808835
    },
    "minkowski_3": {
      "phd_entailment": 26.34297244024054,
      "phd_neutral": 28.03019205037066,
      "phd_contradiction": 28.328977035962254,
      "centroid_ent_to_neutral": 0.033422871230406784,
      "centroid_ent_to_contradiction": 0.20505826302840272,
      "centroid_neutral_to_contradiction": 0.1820356283638726,
      "min_ent_to_neutral": 0.30526249088026425,
      "min_ent_to_contradiction": 0.474256725303367,
      "entailment_separation": 0.552713671942599
    },
    "minkowski_4": {
      "phd_entailment": 25.729315531879966,
      "phd_neutral": 27.449410125778016,
      "phd_contradiction": 27.87400552106739,
      "centroid_ent_to_neutral": 0.024522092730274357,
      "centroid_ent_to_contradiction": 0.15354985637345592,
      "centroid_neutral_to_contradiction": 0.13670478280243115,
      "min_ent_to_neutral": 0.23223995852141954,
      "min_ent_to_contradiction": 0.3345865161593918,
      "entailment_separation": 0.4127068632283756
    },
    "canberra": {
      "phd_entailment": 33.07001485489439,
      "phd_neutral": 27.28914403020082,
      "phd_contradiction": 30.87479414283229,
      "centroid_ent_to_neutral": 1.3935128604449847,
      "centroid_ent_to_contradiction": 7.982484098902401,
      "centroid_neutral_to_contradiction": 7.134106183247654,
      "min_ent_to_neutral": 11.691862746611545,
      "min_ent_to_contradiction": 28.034778078373886,
      "entailment_separation": 21.730195655223426
    },
    "braycurtis": {
      "phd_entailment": 27.357432771477374,
      "phd_neutral": 24.574252342165796,
      "phd_contradiction": 27.09287358180138,
      "centroid_ent_to_neutral": 0.005468140399297061,
      "centroid_ent_to_contradiction": 0.030776329326821217,
      "centroid_neutral_to_contradiction": 0.027317959925641493,
      "min_ent_to_neutral": 0.040912990393368896,
      "min_ent_to_contradiction": 0.1086921382309916,
      "entailment_separation": 0.08400167171376655
    }
  },
  "hyperbolic_concat": {
    "euclidean": {
      "phd_entailment": 20.975204544431758,
      "phd_neutral": 21.531860351851353,
      "phd_contradiction": 20.447554842361527,
      "centroid_ent_to_neutral": 0.0030125235207378864,