{
  "euclidean": {
    "phd_entailment": 84.49305112137762,
    "phd_neutral": 85.2543466835638,
    "phd_contradiction": 38.989850124689355,
    "centroid_ent_to_neutral": 0.19257013499736786,
    "centroid_ent_to_contradiction": 0.27578139305114746,
    "centroid_neutral_to_contradiction": 0.09607470035552979,
    "min_ent_to_neutral": "0.516744",
    "min_ent_to_contradiction": "1.0669355",
    "entailment_separation": 4.000618984298063
  },
  "manhattan": {
    "phd_entailment": 83.68276438061821,
    "phd_neutral": 81.38979897411053,
    "phd_contradiction": 40.815863607962925,
    "centroid_ent_to_neutral": 5.20791482925415,
    "centroid_ent_to_contradiction": 7.25262975692749,
    "centroid_neutral_to_contradiction": 2.0551633834838867,
    "min_ent_to_neutral": 9.920042811585091,
    "min_ent_to_contradiction": 23.026343707291545,
    "entailment_separation": 106.43691381531458
  },
  "chebyshev": {
    "phd_entailment": 41.473643487035595,
    "phd_neutral": 37.303008578135966,
    "phd_contradiction": 33.923860081315375,
    "centroid_ent_to_neutral": 0.010517314076423645,
    "centroid_ent_to_contradiction": 0.02872777171432972,
    "centroid_neutral_to_contradiction": 0.01888897828757763,
    "min_ent_to_neutral": 0.10853233933448792,
    "min_ent_to_contradiction": 0.12562191695906222,
    "entailment_separation": 0.3352281904771118
  },
  "cosine": {
    "phd_entailment": 45.261545737349685,
    "phd_neutral": 41.53846180375744,
    "phd_contradiction": 41.85511170464216,
    "centroid_ent_to_neutral": 0.0007796287536621094,
    "centroid_ent_to_contradiction": 0.00921165943145752,
    "centroid_neutral_to_contradiction": 0.007352709770202637,
    "min_ent_to_neutral": "0.082939446",
    "min_ent_to_contradiction": "0.37692803",
    "entailment_separation": 0.085344735304978
  },
  "minkowski_3": {
    "phd_entailment": 82.6434814228069,
    "phd_neutral": 84.7992552807515,
    "phd_contradiction": 40.26822813096848,
    "centroid_ent_to_neutral": 0.06499223976410703,
    "centroid_ent_to_contradiction": 0.09630201385271576,
    "centroid_neutral_to_contradiction": 0.03983973009870285,
    "min_ent_to_neutral": 0.22123922676710844,
    "min_ent_to_contradiction": 0.41115392424641367,
    "entailment_separation": 1.377761818705554
  },
  "minkowski_4": {
    "phd_entailment": 79.70477065461986,
    "phd_neutral": 80.26443807697589,
    "phd_contradiction": 41.692288288894254,
    "centroid_ent_to_neutral": 0.038081225996124915,
    "centroid_ent_to_contradiction": 0.058731321032846305,
    "centroid_neutral_to_contradiction": 0.027834176837617443,
    "min_ent_to_neutral": 0.15618987558587982,
    "min_ent_to_contradiction": 0.26587837741779957,
    "entailment_separation": 0.8269645562514975
  },
  "canberra": {
    "phd_entailment": 209.49375812779837,
    "phd_neutral": 154.76142068897613,
    "phd_contradiction": 158.0734337678497,
    "centroid_ent_to_neutral": 116.14699165105398,
    "centroid_ent_to_contradiction": 173.31994998067003,
    "centroid_neutral_to_contradiction": 60.01556256465664,
    "min_ent_to_neutral": 246.7179531977692,
    "min_ent_to_contradiction": 383.7086623484413,
    "entailment_separation": 2472.6020364315223
  },
  "braycurtis": {
    "phd_entailment": 104.14483559867467,
    "phd_neutral": 74.8064876905197,
    "phd_contradiction": 63.09315444643331,
    "centroid_ent_to_neutral": 0.1492850842032428,
    "centroid_ent_to_contradiction": 0.22084079824262,
    "centroid_neutral_to_contradiction": 0.07437332069787958,
    "min_ent_to_neutral": 0.1962379463317953,
    "min_ent_to_contradiction": 0.45379946852308856,
    "entailment_separation": 3.1615838600180814
  }
}