{
  "euclidean": {
    "phd_entailment": 26.778499889326408,
    "phd_neutral": 28.80956080854587,
    "phd_contradiction": 28.37564471314164,
    "centroid_ent_to_neutral": 0.06622276455163956,
    "centroid_ent_to_contradiction": 0.39327430725097656,
    "centroid_neutral_to_contradiction": 0.3487422466278076,
    "min_ent_to_neutral": "0.5761963",
    "min_ent_to_contradiction": "0.9984887",
    "entailment_separation": 1.0649492866269121
  },
  "manhattan": {
    "phd_entailment": 26.987621426733263,
    "phd_neutral": 29.290292588522952,
    "phd_contradiction": 27.740980821546277,
    "centroid_ent_to_neutral": 0.6246201395988464,
    "centroid_ent_to_contradiction": 3.517749786376953,
    "centroid_neutral_to_contradiction": 3.1267967224121094,
    "min_ent_to_neutral": 5.108031526207924,
    "min_ent_to_contradiction": 12.182392563670874,
    "entailment_separation": 9.600526680848342
  },
  "chebyshev": {
    "phd_entailment": 22.78003443851512,
    "phd_neutral": 22.455611402065923,
    "phd_contradiction": 24.6555463479654,
    "centroid_ent_to_neutral": 0.01430213451385498,
    "centroid_ent_to_contradiction": 0.09162063896656036,
    "centroid_neutral_to_contradiction": 0.08827202022075653,
    "min_ent_to_neutral": 0.15195928514003754,
    "min_ent_to_contradiction": 0.15807348489761353,
    "entailment_separation": 0.24549097040594045
  },
  "cosine": {
    "phd_entailment": 13.514890496233898,
    "phd_neutral": 11.842647296873595,
    "phd_contradiction": 13.401494983406739,
    "centroid_ent_to_neutral": 0.0001582503318786621,
    "centroid_ent_to_contradiction": 0.005646824836730957,
    "centroid_neutral_to_contradiction": 0.004445016384124756,
    "min_ent_to_neutral": "0.008908868",
    "min_ent_to_contradiction": "0.034748495",
    "entailment_separation": 0.013454080643808835
  },
  "minkowski_3": {
    "phd_entailment": 26.34297244024054,
    "phd_neutral": 28.03019205037066,
    "phd_contradiction": 28.328977035962254,
    "centroid_ent_to_neutral": 0.033422871230406784,
    "centroid_ent_to_contradiction": 0.20505826302840272,
    "centroid_neutral_to_contradiction": 0.1820356283638726,
    "min_ent_to_neutral": 0.30526249088026425,
    "min_ent_to_contradiction": 0.474256725303367,
    "entailment_separation": 0.552713671942599
  },
  "minkowski_4": {
    "phd_entailment": 25.729315531879966,
    "phd_neutral": 27.449410125778016,
    "phd_contradiction": 27.87400552106739,
    "centroid_ent_to_neutral": 0.024522092730274357,
    "centroid_ent_to_contradiction": 0.15354985637345592,
    "centroid_neutral_to_contradiction": 0.13670478280243115,
    "min_ent_to_neutral": 0.23223995852141954,
    "min_ent_to_contradiction": 0.3345865161593918,
    "entailment_separation": 0.4127068632283756
  },
  "canberra": {
    "phd_entailment": 33.07001485489439,
    "phd_neutral": 27.28914403020082,
    "phd_contradiction": 30.87479414283229,
    "centroid_ent_to_neutral": 1.3935128604449847,
    "centroid_ent_to_contradiction": 7.982484098902401,
    "centroid_neutral_to_contradiction": 7.134106183247654,
    "min_ent_to_neutral": 11.691862746611545,
    "min_ent_to_contradiction": 28.034778078373886,
    "entailment_separation": 21.730195655223426
  },
  "braycurtis": {
    "phd_entailment": 27.357432771477374,
    "phd_neutral": 24.574252342165796,
    "phd_contradiction": 27.09287358180138,
    "centroid_ent_to_neutral": 0.005468140399297061,
    "centroid_ent_to_contradiction": 0.030776329326821217,
    "centroid_neutral_to_contradiction": 0.027317959925641493,
    "min_ent_to_neutral": 0.040912990393368896,
    "min_ent_to_contradiction": 0.1086921382309916,
    "entailment_separation": 0.08400167171376655
  }
}