{
  "euclidean": {
    "phd_entailment": 20.975204544431758,
    "phd_neutral": 21.531860351851353,
    "phd_contradiction": 20.447554842361527,
    "centroid_ent_to_neutral": 0.0030125235207378864,
    "centroid_ent_to_contradiction": 0.018916286528110504,
    "centroid_neutral_to_contradiction": 0.01672256365418434,
    "min_ent_to_neutral": "0.025709286",
    "min_ent_to_contradiction": "0.04234236",
    "entailment_separation": 0.8876160124841379
  },
  "manhattan": {
    "phd_entailment": 21.054488601137017,
    "phd_neutral": 21.199734558413546,
    "phd_contradiction": 20.177915011222623,
    "centroid_ent_to_neutral": 0.013596776872873306,
    "centroid_ent_to_contradiction": 0.08310556411743164,
    "centroid_neutral_to_contradiction": 0.07257300615310669,
    "min_ent_to_neutral": 0.11506856780033559,
    "min_ent_to_contradiction": 0.25366690347436816,
    "entailment_separation": 3.914236391144423
  },
  "chebyshev": {
    "phd_entailment": 16.642548973846523,
    "phd_neutral": 18.488992089982634,
    "phd_contradiction": 17.17234404720151,
    "centroid_ent_to_neutral": 0.0010770088993012905,
    "centroid_ent_to_contradiction": 0.007563037797808647,
    "centroid_neutral_to_contradiction": 0.007073996588587761,
    "min_ent_to_neutral": 0.00980015704408288,
    "min_ent_to_contradiction": 0.011805572314187884,
    "entailment_separation": 0.3497245760204036
  },
  "cosine": {
    "phd_entailment": 10.316434938435101,
    "phd_neutral": 9.160464318835327,
    "phd_contradiction": 9.831622901438402,
    "centroid_ent_to_neutral": 0.0001385807991027832,
    "centroid_ent_to_contradiction": 0.005491673946380615,
    "centroid_neutral_to_contradiction": 0.0042841434478759766,
    "min_ent_to_neutral": "0.008898437",
    "min_ent_to_contradiction": "0.017116547",
    "entailment_separation": 0.22789673745741243
  },
  "minkowski_3": {
    "phd_entailment": 20.697532949503003,
    "phd_neutral": 21.121762304295277,
    "phd_contradiction": 20.567022045529228,
    "centroid_ent_to_neutral": 0.001934579635887792,
    "centroid_ent_to_contradiction": 0.012371091341509969,
    "centroid_neutral_to_contradiction": 0.011057822409213396,
    "min_ent_to_neutral": 0.016525729347535753,
    "min_ent_to_contradiction": 0.025426098054787277,
    "entailment_separation": 0.5790529718932333
  },
  "minkowski_4": {
    "phd_entailment": 20.31386294754139,
    "phd_neutral": 20.534748423551388,
    "phd_contradiction": 20.22450198773653,
    "centroid_ent_to_neutral": 0.0015872050390008394,
    "centroid_ent_to_contradiction": 0.010318852135101428,
    "centroid_neutral_to_contradiction": 0.009285618797853428,
    "min_ent_to_neutral": 0.013588115992115613,
    "min_ent_to_contradiction": 0.020107635452358993,
    "entailment_separation": 0.48192341352511314
  },
  "canberra": {
    "phd_entailment": 23.68289446292484,
    "phd_neutral": 22.742588239720224,
    "phd_contradiction": 22.234164496121117,
    "centroid_ent_to_neutral": 0.6706112181510684,
    "centroid_ent_to_contradiction": 3.057595797529274,
    "centroid_neutral_to_contradiction": 2.5723110837403884,
    "min_ent_to_neutral": 4.748114418447624,
    "min_ent_to_contradiction": 8.543131954713445,
    "entailment_separation": 150.9072420072953
  },
  "braycurtis": {
    "phd_entailment": 20.198623487014014,
    "phd_neutral": 17.832473451168365,
    "phd_contradiction": 18.53713706777929,
    "centroid_ent_to_neutral": 0.005771201556991012,
    "centroid_ent_to_contradiction": 0.03520475801868259,
    "centroid_neutral_to_contradiction": 0.030702640746559966,
    "min_ent_to_neutral": 0.0470885038419861,
    "min_ent_to_contradiction": 0.09581987497120761,
    "entailment_separation": 1.6585905831301906
  }
}