model_name,accuracy_mean,accuracy_std,accuracy_min,accuracy_max,coefficient_of_variation,consistency,runs_above_90_percent,runs_above_95_percent,runs_above_99_percent,successful_runs,sbert_retention_percent
contrastive+recon_no_attention,0.5433333333333333,0.05972157622389638,0.43333333333333335,0.6333333333333333,0.10991701145502401,MODERATE (Some variation),0,0,0,10,54.333333333333336
moor_signatureh0h1_lifted_no_attention,0.5366666666666667,0.08359957469322966,0.4,0.6666666666666666,0.15577560501844034,MODERATE (Some variation),0,0,0,10,53.66666666666667
moor_signatureh0only_lifted_no_attention,0.7966666666666666,0.0546707315561891,0.7,0.8666666666666667,0.06862434923371018,GOOD (Reasonably consistent),0,0,0,10,79.66666666666666
moor_topo+contrastive_no_attention,0.9533333333333334,0.04521553322083511,0.8666666666666667,1.0,0.047428881000875986,EXCELLENT (Very consistent across runs),9,5,4,10,95.33333333333334
