{
  "euclidean": {
    "phd_entailment": 15.874015496214259,
    "phd_neutral": 21.195609767862226,
    "phd_contradiction": 23.455985622564516,
    "centroid_ent_to_neutral": 5.246975898742676,
    "centroid_ent_to_contradiction": 5.682496547698975,
    "centroid_neutral_to_contradiction": 4.605209827423096,
    "min_ent_to_neutral": "17.630196",
    "min_ent_to_contradiction": "13.789243",
    "entailment_separation": 5.157647273255049
  },
  "manhattan": {
    "phd_entailment": 14.376975207017399,
    "phd_neutral": 19.89380379701973,
    "phd_contradiction": 20.679492397789573,
    "centroid_ent_to_neutral": 144.38616943359375,
    "centroid_ent_to_contradiction": 156.23928833007812,
    "centroid_neutral_to_contradiction": 128.9756622314453,
    "min_ent_to_neutral": 508.60936004988616,
    "min_ent_to_contradiction": 353.0660329362727,
    "entailment_separation": 141.8659574013256
  },
  "chebyshev": {
    "phd_entailment": 18.11360389270547,
    "phd_neutral": 23.218430756662684,
    "phd_contradiction": 26.093660367846436,
    "centroid_ent_to_neutral": 0.49816878139972687,
    "centroid_ent_to_contradiction": 0.5346459001302719,
    "centroid_neutral_to_contradiction": 0.46455754339694977,
    "min_ent_to_neutral": 1.5398266315460205,
    "min_ent_to_contradiction": 1.355962097644806,
    "entailment_separation": 0.4873880099954208
  },
  "cosine": {
    "phd_entailment": 7.9241795168979845,
    "phd_neutral": 10.63844375022927,
    "phd_contradiction": 11.686098949353013,
    "centroid_ent_to_neutral": 0.18181967735290527,
    "centroid_ent_to_contradiction": 0.22414284944534302,
    "centroid_neutral_to_contradiction": 0.16350221633911133,
    "min_ent_to_neutral": "0.17849737",
    "min_ent_to_contradiction": "0.118101",
    "entailment_separation": 0.19157480195362997
  },
  "minkowski_3": {
    "phd_entailment": 16.722072298896425,
    "phd_neutral": 21.964269189126473,
    "phd_contradiction": 24.85085542180469,
    "centroid_ent_to_neutral": 1.9265257471852526,
    "centroid_ent_to_contradiction": 2.078108233226886,
    "centroid_neutral_to_contradiction": 1.6866864610263663,
    "min_ent_to_neutral": 5.820239821711336,
    "min_ent_to_contradiction": 5.070595994707194,
    "entailment_separation": 1.8897974838832905
  },
  "minkowski_4": {
    "phd_entailment": 17.217407921873544,
    "phd_neutral": 22.40895368880932,
    "phd_contradiction": 25.339690444932987,
    "centroid_ent_to_neutral": 1.2167840379060135,
    "centroid_ent_to_contradiction": 1.3071581297101096,
    "centroid_neutral_to_contradiction": 1.0636688211155367,
    "min_ent_to_neutral": 3.478553794546943,
    "min_ent_to_contradiction": 3.202038329817809,
    "entailment_separation": 1.1910550580048285
  },
  "canberra": {
    "phd_entailment": 22.563414801080228,
    "phd_neutral": 33.36575966960765,
    "phd_contradiction": 32.41294591719224,
    "centroid_ent_to_neutral": 634.1595593148508,
    "centroid_ent_to_contradiction": 677.1511362930698,
    "centroid_neutral_to_contradiction": 638.0208993727517,
    "min_ent_to_neutral": 635.624950503882,
    "min_ent_to_contradiction": 482.79953780473977,
    "entailment_separation": 618.8110237465595
  },
  "braycurtis": {
    "phd_entailment": 11.164682370677903,
    "phd_neutral": 14.830061359434994,
    "phd_contradiction": 15.2938401178674,
    "centroid_ent_to_neutral": 0.24293066565670862,
    "centroid_ent_to_contradiction": 0.27791017979436317,
    "centroid_neutral_to_contradiction": 0.23454988587910677,
    "min_ent_to_neutral": 0.250504130564217,
    "min_ent_to_contradiction": 0.17717102412548108,
    "entailment_separation": 0.24578618771440958
  }
}