{
  "euclidean": {
    "phd_entailment": 28.830394930205305,
    "phd_neutral": 36.03906929307556,
    "phd_contradiction": 53.845465072352326,
    "centroid_ent_to_neutral": 0.9991499185562134,
    "centroid_ent_to_contradiction": 2.6838538646698,
    "centroid_neutral_to_contradiction": 1.8445886373519897,
    "min_ent_to_neutral": "5.7307463",
    "min_ent_to_contradiction": "4.74254",
    "entailment_separation": 4.329709905011397
  },
  "manhattan": {
    "phd_entailment": 26.838586103570094,
    "phd_neutral": 34.30698893358692,
    "phd_contradiction": 47.464421751419415,
    "centroid_ent_to_neutral": 28.581483840942383,
    "centroid_ent_to_contradiction": 81.92875671386719,
    "centroid_neutral_to_contradiction": 54.8057861328125,
    "min_ent_to_neutral": 144.0072480520612,
    "min_ent_to_contradiction": 105.62491605817559,
    "entailment_separation": 129.91495835940842
  },
  "chebyshev": {
    "phd_entailment": 36.85535398200888,
    "phd_neutral": 41.64983291767993,
    "phd_contradiction": 46.03185181192239,
    "centroid_ent_to_neutral": 0.15489639341831207,
    "centroid_ent_to_contradiction": 0.17727632075548172,
    "centroid_neutral_to_contradiction": 0.1288565844297409,
    "min_ent_to_neutral": 0.7281526327133179,
    "min_ent_to_contradiction": 0.6438163220882416,
    "entailment_separation": 0.3904995963574704
  },
  "cosine": {
    "phd_entailment": 15.852411235392445,
    "phd_neutral": 20.215070811944983,
    "phd_contradiction": 27.080250068327196,
    "centroid_ent_to_neutral": 0.008380889892578125,
    "centroid_ent_to_contradiction": 0.033090412616729736,
    "centroid_neutral_to_contradiction": 0.029250502586364746,
    "min_ent_to_neutral": "0.1784659",
    "min_ent_to_contradiction": "0.14175153",
    "entailment_separation": 0.04875333282742255
  },
  "minkowski_3": {
    "phd_entailment": 30.670497559423286,
    "phd_neutral": 37.594675830944645,
    "phd_contradiction": 60.13201798380804,
    "centroid_ent_to_neutral": 0.34841568756836133,
    "centroid_ent_to_contradiction": 0.8813402232379114,
    "centroid_neutral_to_contradiction": 0.6190206178386439,
    "min_ent_to_neutral": 2.1458290402368547,
    "min_ent_to_contradiction": 1.884393213799491,
    "entailment_separation": 1.4456912512591589
  },
  "minkowski_4": {
    "phd_entailment": 31.802204091615344,
    "phd_neutral": 39.531080554019475,
    "phd_contradiction": 63.841207412229146,
    "centroid_ent_to_neutral": 0.2194404464619481,
    "centroid_ent_to_contradiction": 0.5140683417259673,
    "centroid_neutral_to_contradiction": 0.3672437900481173,
    "min_ent_to_neutral": 1.3914221900678205,
    "min_ent_to_contradiction": 1.2481974446695456,
    "entailment_separation": 0.8623070875176538
  },
  "canberra": {
    "phd_entailment": 81.78484112455853,
    "phd_neutral": 79.20536322550848,
    "phd_contradiction": 110.06997825398345,
    "centroid_ent_to_neutral": 119.02623784403877,
    "centroid_ent_to_contradiction": 421.9624523129749,
    "centroid_neutral_to_contradiction": 325.9469454105399,
    "min_ent_to_neutral": 474.3174178704112,
    "min_ent_to_contradiction": 376.29904510948165,
    "entailment_separation": 635.9819940831767
  },
  "braycurtis": {
    "phd_entailment": 29.652914619829282,
    "phd_neutral": 35.43202297596478,
    "phd_contradiction": 39.78178470072705,
    "centroid_ent_to_neutral": 0.11168061163509127,
    "centroid_ent_to_contradiction": 0.40670362022677486,
    "centroid_neutral_to_contradiction": 0.31477451073418183,
    "min_ent_to_neutral": 0.3255739420261078,
    "min_ent_to_contradiction": 0.25489535236926736,
    "entailment_separation": 0.6094083730014762
  }
}