{
  "epoch": [
    1,
    2,
    3,
    4,
    5,
    6,
    7,
    8
  ],
  "train_loss": [
    0.008623642389952193,
    0.005547080317328318,
    0.004305620467918101,
    0.0038086705254928473,
    0.0036950734993737725,
    0.0036714358408753266,
    0.0036621556827170667,
    0.0036560133562615798
  ],
  "train_contrastive_loss": [
    2.0217566450214917,
    2.721788068501421,
    3.597359218188948,
    4.015941370798889,
    4.146850490925254,
    4.180459549085166,
    4.190246623765601,
    4.193991935452935
  ],
  "train_reconstruction_loss": [
    0.008623642389952193,
    0.005547080317328318,
    0.004305620467918101,
    0.0038086705254928473,
    0.0036950734993737725,
    0.0036714358408753266,
    0.0036621556827170667,
    0.0036560133562615798
  ],
  "val_loss": [
    0.006483499892055988,
    0.004794658161699772,
    0.003970820249782668,
    0.003726474449245466,
    0.0036910302523109647,
    0.0036756215203139517,
    0.003669641420452131,
    0.003664026554259989
  ],
  "val_contrastive_loss": [
    2.1732687420315213,
    3.2054650518629284,
    3.842360920376248,
    4.079549524519178,
    4.138521035512288,
    4.156004799736871,
    4.160352865854899,
    4.163551913367377
  ],
  "val_reconstruction_loss": [
    0.006483499892055988,
    0.004794658161699772,
    0.003970820249782668,
    0.003726474449245466,
    0.0036910302523109647,
    0.0036756215203139517,
    0.003669641420452131,
    0.003664026554259989
  ],
  "learning_rate": [
    0.0001,
    0.0001,
    0.0001,
    0.0001,
    0.0001,
    0.0001,
    0.0001,
    0.0001
  ],
  "train_separation_ratio": [
    1.0065656954591924,
    1.0078320774165066,
    1.0065002712336453,
    1.0056354024193503,
    1.0056379491632634,
    1.0057258009910583,
    1.0053292133591392,
    1.0054058595137163
  ],
  "val_separation_ratio": [
    1.0091307957967122,
    1.0072111818525527,
    1.0060562160280015,
    1.0055286089579265,
    1.0056316322750516,
    1.0055780013402302,
    1.005653354856703,
    1.0055904918246799
  ]
}