{
  "epoch": [
    1
  ],
  "train_loss": [
    0.008623642389952193
  ],
  "train_contrastive_loss": [
    2.0217566450214917
  ],
  "train_reconstruction_loss": [
    0.008623642389952193
  ],
  "val_loss": [
    0.006483499892055988
  ],
  "val_contrastive_loss": [
    2.1732687420315213
  ],
  "val_reconstruction_loss": [
    0.006483499892055988
  ],
  "learning_rate": [
    0.0001
  ],
  "train_separation_ratio": [
    1.0065656954591924
  ],
  "val_separation_ratio": [
    1.0091307957967122
  ]
}