{
  "epoch": [
    1,
    2
  ],
  "train_loss": [
    0.008623642389952193,
    0.005547080317328318
  ],
  "train_contrastive_loss": [
    2.0217566450214917,
    2.721788068501421
  ],
  "train_reconstruction_loss": [
    0.008623642389952193,
    0.005547080317328318
  ],
  "val_loss": [
    0.006483499892055988,
    0.004794658161699772
  ],
  "val_contrastive_loss": [
    2.1732687420315213,
    3.2054650518629284
  ],
  "val_reconstruction_loss": [
    0.006483499892055988,
    0.004794658161699772
  ],
  "learning_rate": [
    0.0001,
    0.0001
  ],
  "train_separation_ratio": [
    1.0065656954591924,
    1.0078320774165066
  ],
  "val_separation_ratio": [
    1.0091307957967122,
    1.0072111818525527
  ]
}