{
  "epoch": [
    1,
    2,
    3,
    4,
    5,
    6,
    7,
    8,
    9,
    10,
    11,
    12,
    13,
    14,
    15,
    16,
    17,
    18,
    19,
    20
  ],
  "train_loss": [
    0.008623642389952193,
    0.005547080317328318,
    0.004305620467918101,
    0.0038086705254928473,
    0.0036950734993737725,
    0.0036714358408753266,
    0.0036621556827170667,
    0.0036560133562615798,
    0.00365149135852243,
    0.0036480792865739853,
    0.0036457036262000017,
    0.003644224282725258,
    0.0036433434618543315,
    0.0036426736791991044,
    0.0036424051981516444,
    0.0036420341294078466,
    0.0036417096653810982,
    0.0036416129166610693,
    0.0036414730556836453,
    0.0036413370483351984
  ],
  "train_contrastive_loss": [
    2.0217566450214917,
    2.721788068501421,
    3.597359218188948,
    4.015941370798889,
    4.146850490925254,
    4.180459549085166,
    4.190246623765601,
    4.193991935452935,
    4.195933960891525,
    4.197018452862787,
    4.197887018406191,
    4.198391634658728,
    4.19867630555421,
    4.19881253890707,
    4.198937617644695,
    4.198976618839597,
    4.199134240603314,
    4.199058204167826,
    4.19917106095639,
    4.199250770014758
  ],
  "train_reconstruction_loss": [
    0.008623642389952193,
    0.005547080317328318,
    0.004305620467918101,
    0.0038086705254928473,
    0.0036950734993737725,
    0.0036714358408753266,
    0.0036621556827170667,
    0.0036560133562615798,
    0.00365149135852243,
    0.0036480792865739853,
    0.0036457036262000017,
    0.003644224282725258,
    0.0036433434618543315,
    0.0036426736791991044,
    0.0036424051981516444,
    0.0036420341294078466,
    0.0036417096653810982,
    0.0036416129166610693,
    0.0036414730556836453,
    0.0036413370483351984
  ],
  "val_loss": [
    0.006483499892055988,
    0.004794658161699772,
    0.003970820249782668,
    0.003726474449245466,
    0.0036910302523109647,
    0.0036756215203139517,
    0.003669641420452131,
    0.003664026554259989,
    0.003660650432316793,
    0.003657163560597433,
    0.0036537508842431838,
    0.0036574403444925943,
    0.003654688389764892,
    0.0036544069751269287,
    0.003653966278458635,
    0.0036561189271095726,
    0.003654027176606986,
    0.0036550857540633944,
    0.0036536303038398423,
    0.0036525532810224425
  ],
  "val_contrastive_loss": [
    2.1732687420315213,
    3.2054650518629284,
    3.842360920376248,
    4.079549524519178,
    4.138521035512288,
    4.156004799736871,
    4.160352865854899,
    4.163551913367377,
    4.16465245352851,
    4.16578843858507,
    4.168164200252956,
    4.166632175445557,
    4.16834995481703,
    4.168415387471517,
    4.168090873294407,
    4.167423248291016,
    4.1679409344991045,
    4.16646311018202,
    4.168612480163574,
    4.16748571395874
  ],
  "val_reconstruction_loss": [
    0.006483499892055988,
    0.004794658161699772,
    0.003970820249782668,
    0.003726474449245466,
    0.0036910302523109647,
    0.0036756215203139517,
    0.003669641420452131,
    0.003664026554259989,
    0.003660650432316793,
    0.003657163560597433,
    0.0036537508842431838,
    0.0036574403444925943,
    0.003654688389764892,
    0.0036544069751269287,
    0.003653966278458635,
    0.0036561189271095726,
    0.003654027176606986,
    0.0036550857540633944,
    0.0036536303038398423,
    0.0036525532810224425
  ],
  "learning_rate": [
    0.0001,
    0.0001,
    0.0001,
    0.0001,
    0.0001,
    0.0001,
    0.0001,
    0.0001,
    0.0001,
    0.0001,
    0.0001,
    0.0001,
    0.0001,
    0.0001,
    0.0001,
    0.0001,
    0.0001,
    0.0001,
    0.0001,
    0.0001
  ],
  "train_separation_ratio": [
    1.0065656954591924,
    1.0078320774165066,
    1.0065002712336453,
    1.0056354024193503,
    1.0056379491632634,
    1.0057258009910583,
    1.0053292133591392,
    1.0054058595137163,
    1.0055178241296248,
    1.0055448467081243,
    1.0055972825397144,
    1.0052955204790288,
    1.0054594278335571,
    1.0056189136071638,
    1.0054895335977727,
    1.0055842182853005,
    1.00536817854101,
    1.0053608580069109,
    1.0054726817391135,
    1.0055830749598416
  ],
  "val_separation_ratio": [
    1.0091307957967122,
    1.0072111818525527,
    1.0060562160280015,
    1.0055286089579265,
    1.0056316322750516,
    1.0055780013402302,
    1.005653354856703,
    1.0055904918246799,
    1.0056357118818495,
    1.0057085752487183,
    1.005612889925639,
    1.0056012471516926,
    1.0054822365442913,
    1.005701356463962,
    1.0056519905726116,
    1.0057186683019002,
    1.005555232365926,
    1.0056100289026897,
    1.0054849121305678,
    1.005513310432434
  ]
}