{
  "euclidean": {
    "phd_entailment": 10.888442886522606,
    "phd_neutral": 12.246377987082353,
    "phd_contradiction": 11.576045243646597,
    "surface_quality": 0.46467396210252465,
    "separation_ratio": 1.1247134337491504,
    "entailment_simplicity": 1.0,
    "class_distinctiveness": 0.6666666666666666,
    "overall_separation": 0.24239344344776467,
    "min_max_diff": 1.3579351005597466,
    "std_dev": 0.5543896269047994,
    "centroid_ent_to_neutral": 0.26702332496643066,
    "centroid_ent_to_contradiction": 0.2604043185710907,
    "centroid_neutral_to_contradiction": 0.15732428431510925,
    "min_ent_to_neutral": "0.31530297",
    "min_ent_to_contradiction": "0.28165364",
    "entailment_separation": 1.6009725679920104,
    "surface_gradient": 0.0,
    "surface_learning_score": 0.08004862839960052,
    "combined_surface_score": 0.27236129525106256
  },
  "manhattan": {
    "phd_entailment": 13.707173649359367,
    "phd_neutral": 12.557764807555133,
    "phd_contradiction": 13.061890898755012,
    "surface_quality": 0.20904600935624776,
    "separation_ratio": 1.091529731558017,
    "entailment_simplicity": 0.0,
    "class_distinctiveness": 0.6666666666666667,
    "overall_separation": 0.2325671206163344,
    "min_max_diff": 1.1494088418042345,
    "std_dev": 0.47042222520173227,
    "centroid_ent_to_neutral": 1.28932523727417,
    "centroid_ent_to_contradiction": 1.174086332321167,
    "centroid_neutral_to_contradiction": 0.7250183820724487,
    "min_ent_to_neutral": 1.2658684491179883,
    "min_ent_to_contradiction": 1.4360188767313957,
    "entailment_separation": 7.4775268132408925,
    "surface_gradient": 0.0,
    "surface_learning_score": 0.3738763406620446,
    "combined_surface_score": 0.2914611750091462
  },
  "chebyshev": {
    "phd_entailment": 10.687756811657454,
    "phd_neutral": 12.269153725514958,
    "phd_contradiction": 12.271389662936897,
    "surface_quality": 0.4706096456080974,
    "separation_ratio": 1.1481726127555716,
    "entailment_simplicity": 1.0,
    "class_distinctiveness": 0.6666666666666667,
    "overall_separation": 0.2579099070244648,
    "min_max_diff": 1.583632851279443,
    "std_dev": 0.7460052283273481,
    "centroid_ent_to_neutral": 0.133973628282547,
    "centroid_ent_to_contradiction": 0.12700694799423218,
    "centroid_neutral_to_contradiction": 0.08662170171737671,
    "min_ent_to_neutral": 0.10752010345458984,
    "min_ent_to_contradiction": 0.08545547723770142,
    "entailment_separation": 0.7921896937283793,
    "surface_gradient": 0.0,
    "surface_learning_score": 0.039609484686418964,
    "combined_surface_score": 0.2551095651472582
  },
  "cosine": {
    "phd_entailment": 5.474527010865012,
    "phd_neutral": 5.891472052202177,
    "phd_contradiction": 6.362309976787152,
    "surface_quality": 0.45338831768401,
    "separation_ratio": 1.1621661495431848,
    "entailment_simplicity": 1.0,
    "class_distinctiveness": 0.6666666666666666,
    "overall_separation": 0.22152123827754072,
    "min_max_diff": 0.8877829659221401,
    "std_dev": 0.36265841187061487,
    "centroid_ent_to_neutral": 0.014107465744018555,
    "centroid_ent_to_contradiction": 0.013102591037750244,
    "centroid_neutral_to_contradiction": 0.005433559417724609,
    "min_ent_to_neutral": "0.012382209",
    "min_ent_to_contradiction": "0.015860915",
    "entailment_separation": 0.08259437102867316,
    "surface_gradient": 0.0,
    "surface_learning_score": 0.004129718551433658,
    "combined_surface_score": 0.22875901811772184
  },
  "minkowski_3": {
    "phd_entailment": 13.49328321681166,
    "phd_neutral": 11.821121144574887,
    "phd_contradiction": 12.609835595400334,
    "surface_quality": 0.22273891166232862,
    "separation_ratio": 1.1414554551794087,
    "entailment_simplicity": 0.0,
    "class_distinctiveness": 0.6666666666666667,
    "overall_separation": 0.2568900308100284,
    "min_max_diff": 1.6721620722367732,
    "std_dev": 0.683022382953996,
    "centroid_ent_to_neutral": 0.1761170175506566,
    "centroid_ent_to_contradiction": 0.17893352225914583,
    "centroid_neutral_to_contradiction": 0.11010097050554186,
    "min_ent_to_neutral": 0.16579307591992223,
    "min_ent_to_contradiction": 0.1513482199059621,
    "entailment_separation": 1.0777329960821647,
    "surface_gradient": 1.0,
    "surface_learning_score": 0.5538866498041082,
    "combined_surface_score": 0.3883127807332184
  },
  "minkowski_4": {
    "phd_entailment": 13.432306807788384,
    "phd_neutral": 12.158244795192049,
    "phd_contradiction": 13.768900877925443,
    "surface_quality": 0.34608899863058395,
    "separation_ratio": 1.1324743916465907,
    "entailment_simplicity": 0.5,
    "class_distinctiveness": 0.6666666666666667,
    "overall_separation": 0.255773059158114,
    "min_max_diff": 1.610656082733394,
    "std_dev": 0.693681210550602,
    "centroid_ent_to_neutral": 0.1506373412558225,
    "centroid_ent_to_contradiction": 0.1549756877192301,
    "centroid_neutral_to_contradiction": 0.09723907038284244,
    "min_ent_to_neutral": 0.1370438303487244,
    "min_ent_to_contradiction": 0.14757899462470436,
    "entailment_separation": 0.9276686229951071,
    "surface_gradient": 1.0,
    "surface_learning_score": 0.5463834311497554,
    "combined_surface_score": 0.4462362148901697
  },
  "canberra": {
    "phd_entailment": 13.270416211227746,
    "phd_neutral": 15.44951449022041,
    "phd_contradiction": 14.731026766887947,
    "surface_quality": 0.48569671400894754,
    "separation_ratio": 1.1642072293971448,
    "entailment_simplicity": 1.0,
    "class_distinctiveness": 0.6666666666666666,
    "overall_separation": 0.281029058095563,
    "min_max_diff": 2.179098278992665,
    "std_dev": 0.9066468817323083,
    "centroid_ent_to_neutral": 10.62935194824221,
    "centroid_ent_to_contradiction": 11.20821577830022,
    "centroid_neutral_to_contradiction": 7.1566602889481645,
    "min_ent_to_neutral": 14.616920631464819,
    "min_ent_to_contradiction": 12.06335284235984,
    "entailment_separation": 66.28652728054236,
    "surface_gradient": 1.0,
    "surface_learning_score": 3.814326364027118,
    "combined_surface_score": 2.150011539018033
  },
  "braycurtis": {
    "phd_entailment": 11.551098555444595,
    "phd_neutral": 14.94636628248926,
    "phd_contradiction": 11.06499021926186,
    "surface_quality": 0.4055858168850761,
    "separation_ratio": 1.3507798910179538,
    "entailment_simplicity": 0.5,
    "class_distinctiveness": 0.6666666666666666,
    "overall_separation": 0.36691404131083005,
    "min_max_diff": 3.8813760632273997,
    "std_dev": 1.7265644885150788,
    "centroid_ent_to_neutral": 0.08053106605840545,
    "centroid_ent_to_contradiction": 0.0737545206806276,
    "centroid_neutral_to_contradiction": 0.04258584129457913,
    "min_ent_to_neutral": 0.09955167334815512,
    "min_ent_to_contradiction": 0.09161751997664984,
    "entailment_separation": 0.4683239398470619,
    "surface_gradient": 0.0,
    "surface_learning_score": 0.023416196992353096,
    "combined_surface_score": 0.2145010069387146
  },
  "hyperbolic": {
    "phd_entailment": 11.012614203552948,
    "phd_neutral": 11.02031707449018,
    "phd_contradiction": 11.616787155292517,
    "surface_quality": 0.44495676422441865,
    "separation_ratio": 1.054861901141025,
    "entailment_simplicity": 1.0,
    "class_distinctiveness": 0.6666666666666666,
    "overall_separation": 0.20910735163985372,
    "min_max_diff": 0.6041729517395691,
    "std_dev": 0.2830117483087007,
    "centroid_ent_to_neutral": 5.639497577271633,
    "centroid_ent_to_contradiction": 5.566141219025516,
    "centroid_neutral_to_contradiction": 4.696592799706051,
    "min_ent_to_neutral": 5.790821172081208,
    "min_ent_to_contradiction": 5.952945807929846,
    "entailment_separation": 34.013993273794895,
    "surface_gradient": 0.0,
    "surface_learning_score": 1.7006996636897447,
    "combined_surface_score": 1.0728282139570817
  },