{
  "euclidean": {
    "phd_entailment": 3.511917857098831,
    "phd_neutral": 3.6273094079471413,
    "phd_contradiction": 3.5099608783767127,
    "surface_quality": 0.30751829243272133,
    "separation_ratio": 1.0334330021435167,
    "entailment_simplicity": 0.5,
    "class_distinctiveness": 0.6666666666666666,
    "overall_separation": 0.1852614514574205,
    "min_max_diff": 0.11734852957042863,
    "std_dev": 0.05486318049398357,
    "centroid_ent_to_neutral": 0.5677095055580139,
    "centroid_ent_to_contradiction": 0.5976941585540771,
    "centroid_neutral_to_contradiction": 0.05386022850871086,
    "min_ent_to_neutral": "0.0129834805",
    "min_ent_to_contradiction": "0.008205136",
    "entailment_separation": 1.81995764217345,
    "surface_gradient": 1.0,
    "surface_learning_score": 0.5909978821086725,
    "combined_surface_score": 0.44925808727069694
  },
  "manhattan": {
    "phd_entailment": 3.4420543176950273,
    "phd_neutral": 3.6095180158385403,
    "phd_contradiction": 3.3563076762297817,
    "surface_quality": 0.31143996421958114,
    "separation_ratio": 1.0754431250156409,
    "entailment_simplicity": 0.5,
    "class_distinctiveness": 0.6666666666666666,
    "overall_separation": 0.19169755272476036,
    "min_max_diff": 0.2532103396087586,
    "std_dev": 0.10515177010358454,
    "centroid_ent_to_neutral": 1.1642959117889404,
    "centroid_ent_to_contradiction": 1.2296370267868042,
    "centroid_neutral_to_contradiction": 0.07659220695495605,
    "min_ent_to_neutral": 0.026586215943098068,
    "min_ent_to_contradiction": 0.026619891170412302,
    "entailment_separation": 3.738495665131716,
    "surface_gradient": 1.0,
    "surface_learning_score": 0.6869247832565858,
    "combined_surface_score": 0.4991823737380835
  },
  "chebyshev": {
    "phd_entailment": 3.387463843094079,
    "phd_neutral": 3.46759130561343,
    "phd_contradiction": 3.241762732092152,
    "surface_quality": 0.31068315946762276,
    "separation_ratio": 1.0696622770339317,
    "entailment_simplicity": 0.5,
    "class_distinctiveness": 0.6666666666666666,
    "overall_separation": 0.1903571943833282,
    "min_max_diff": 0.2258285735212784,
    "std_dev": 0.09348069831410913,
    "centroid_ent_to_neutral": 0.38438916206359863,
    "centroid_ent_to_contradiction": 0.40583717823028564,
    "centroid_neutral_to_contradiction": 0.04924437403678894,
    "min_ent_to_neutral": 0.009280920028686523,
    "min_ent_to_contradiction": 0.009218603372573853,
    "entailment_separation": 1.234060361531766,
    "surface_gradient": 1.0,
    "surface_learning_score": 0.5617030180765883,
    "combined_surface_score": 0.4361930887721055
  },
  "cosine": {
    "phd_entailment": 1.3784107095382647,
    "phd_neutral": 1.3923083650317991,
    "phd_contradiction": 1.337273007989102,
    "surface_quality": 0.30605698703086137,
    "separation_ratio": 1.041154915050185,
    "entailment_simplicity": 0.5,
    "class_distinctiveness": 0.6666666666666666,
    "overall_separation": 0.1822253602876427,
    "min_max_diff": 0.05503535704269713,
    "std_dev": 0.023367465135625612,
    "centroid_ent_to_neutral": 0.04296517372131348,
    "centroid_ent_to_contradiction": 0.0477597713470459,
    "centroid_neutral_to_contradiction": 0.00038868188858032227,
    "min_ent_to_neutral": "2.9206276e-06",
    "min_ent_to_contradiction": "5.90086e-06",
    "entailment_separation": 0.141681000495847,
    "surface_gradient": 1.0,
    "surface_learning_score": 0.5070840500247924,
    "combined_surface_score": 0.4065705185278269
  },
  "minkowski_3": {
    "phd_entailment": 3.3783160974494026,
    "phd_neutral": 3.489147444712688,
    "phd_contradiction": 3.248121833754757,
    "surface_quality": 0.31111986455426865,
    "separation_ratio": 1.0742046090922983,
    "entailment_simplicity": 0.5,
    "class_distinctiveness": 0.6666666666666667,
    "overall_separation": 0.19104506841279154,
    "min_max_diff": 0.24102561095793096,
    "std_dev": 0.09850407717045678,
    "centroid_ent_to_neutral": 0.46166953328114413,
    "centroid_ent_to_contradiction": 0.48485889090343026,
    "centroid_neutral_to_contradiction": 0.050570663005421505,
    "min_ent_to_neutral": 0.016900192191506173,
    "min_ent_to_contradiction": 0.0065702113781398565,
    "entailment_separation": 1.4781501827880144,
    "surface_gradient": 1.0,
    "surface_learning_score": 0.5739075091394007,
    "combined_surface_score": 0.4425136868468347
  },
  "minkowski_4": {
    "phd_entailment": 3.253632291254678,
    "phd_neutral": 3.715484550100173,
    "phd_contradiction": 3.700194864666041,
    "surface_quality": 0.44248734489182373,
    "separation_ratio": 1.1419497403215757,
    "entailment_simplicity": 1.0,
    "class_distinctiveness": 0.6666666666666666,
    "overall_separation": 0.20319766462267133,
    "min_max_diff": 0.4618522588454952,
    "std_dev": 0.214206394616952,
    "centroid_ent_to_neutral": 0.4231041147187179,
    "centroid_ent_to_contradiction": 0.4439751190460823,
    "centroid_neutral_to_contradiction": 0.04968178873869506,
    "min_ent_to_neutral": 0.004391457643311989,
    "min_ent_to_contradiction": 0.00857317475969385,
    "entailment_separation": 1.3540780130140102,
    "surface_gradient": 1.0,
    "surface_learning_score": 0.5677039006507005,
    "combined_surface_score": 0.5050956227712622
  },
  "canberra": {
    "phd_entailment": 3.4842364340246736,
    "phd_neutral": 3.559522388045426,
    "phd_contradiction": 3.6794681461973036,
    "surface_quality": 0.4347478701487213,
    "separation_ratio": 1.056032854219114,
    "entailment_simplicity": 1.0,
    "class_distinctiveness": 0.6666666666666666,
    "overall_separation": 0.1887676262638116,
    "min_max_diff": 0.1952317121726299,
    "std_dev": 0.08039512230180536,
    "centroid_ent_to_neutral": 1.1340722589502794,
    "centroid_ent_to_contradiction": 1.1989445182192167,
    "centroid_neutral_to_contradiction": 0.09251845548492037,
    "min_ent_to_neutral": 0.030288324437748,
    "min_ent_to_contradiction": 0.02018572657482908,
    "entailment_separation": 3.643365679790851,
    "surface_gradient": 1.0,
    "surface_learning_score": 0.6821682839895425,
    "combined_surface_score": 0.5584580770691319
  },
  "braycurtis": {
    "phd_entailment": 3.342925606610422,
    "phd_neutral": 3.3879467560745944,
    "phd_contradiction": 3.6301662631678906,
    "surface_quality": 0.43742174473482276,
    "separation_ratio": 1.0859249323375515,
    "entailment_simplicity": 1.0,
    "class_distinctiveness": 0.6666666666666666,
    "overall_separation": 0.19372880401380974,
    "min_max_diff": 0.28724065655746855,
    "std_dev": 0.12614118557973938,
    "centroid_ent_to_neutral": 0.16420476434850498,
    "centroid_ent_to_contradiction": 0.172886172040939,
    "centroid_neutral_to_contradiction": 0.010410710486164002,
    "min_ent_to_neutral": 0.003464041811519669,
    "min_ent_to_contradiction": 0.003124810068045245,
    "entailment_separation": 0.5264195099787896,
    "surface_gradient": 1.0,
    "surface_learning_score": 0.5263209754989395,
    "combined_surface_score": 0.48187136011688114
  },
  "hyperbolic": {
    "phd_entailment": 3.169725542372587,
    "phd_neutral": 3.608810668424358,
    "phd_contradiction": 3.4663149459486147,
    "surface_quality": 0.44187535296148994,
    "separation_ratio": 1.1385246514823202,
    "entailment_simplicity": 1.0,
    "class_distinctiveness": 0.6666666666666666,
    "overall_separation": 0.20102026735203402,
    "min_max_diff": 0.4390851260517712,
    "std_dev": 0.1828982878108813,
    "centroid_ent_to_neutral": 6.748374458614498,
    "centroid_ent_to_contradiction": 6.853946826715632,
    "centroid_neutral_to_contradiction": 2.2609112770618167,
    "min_ent_to_neutral": 0.5277449325323283,
    "min_ent_to_contradiction": 0.25278850512987416,
    "entailment_separation": 21.24212351211048,
    "surface_gradient": 1.0,
    "surface_learning_score": 1.5621061756055241,
    "combined_surface_score": 1.001990764283507
  },