{
  "euclidean": {
    "phd_entailment": 35.34786070755206,
    "phd_neutral": 28.74943352993948,
    "phd_contradiction": 22.12214157728227,
    "surface_quality": 0.5172827681086525,
    "separation_ratio": 1.597849854819281,
    "entailment_simplicity": 0.0,
    "class_distinctiveness": 0.6666666666666667,
    "overall_separation": 0.7872518436817197,
    "min_max_diff": 13.225719130269788,
    "std_dev": 5.399381511461346,
    "centroid_ent_to_neutral": 0.8812209367752075,
    "centroid_ent_to_contradiction": 0.7171754240989685,
    "centroid_neutral_to_contradiction": 0.8040639162063599,
    "min_ent_to_neutral": "1.4621083",
    "min_ent_to_contradiction": "1.6913111",
    "entailment_separation": 0.39645391859666235,
    "surface_gradient": 0.0,
    "surface_learning_score": 0.019822695929833118,
    "combined_surface_score": 0.2685527320192428
  },
  "manhattan": {
    "phd_entailment": 42.42011798674103,
    "phd_neutral": 25.220474736520135,
    "phd_contradiction": 30.91563583870633,
    "surface_quality": 0.6176823908115016,
    "separation_ratio": 1.6819714311449978,
    "entailment_simplicity": 0.0,
    "class_distinctiveness": 0.6666666666666666,
    "overall_separation": 0.9753817126390407,
    "min_max_diff": 17.1996432502209,
    "std_dev": 7.153986436550784,
    "centroid_ent_to_neutral": 19.696796417236328,
    "centroid_ent_to_contradiction": 15.70760726928711,
    "centroid_neutral_to_contradiction": 17.768644332885742,
    "min_ent_to_neutral": 37.326849217759445,
    "min_ent_to_contradiction": 20.098125513177365,
    "entailment_separation": 8.781435519174865,
    "surface_gradient": 0.0,
    "surface_learning_score": 0.43907177595874325,
    "combined_surface_score": 0.5283770833851225
  },
  "chebyshev": {
    "phd_entailment": 19.05830209372933,
    "phd_neutral": 28.138330334631917,
    "phd_contradiction": 15.946462007610597,
    "surface_quality": 0.6185202504685946,
    "separation_ratio": 1.7645500501115945,
    "entailment_simplicity": 0.5,
    "class_distinctiveness": 0.6666666666666666,
    "overall_separation": 0.7521341383833505,
    "min_max_diff": 12.19186832702132,
    "std_dev": 5.17227775829512,
    "centroid_ent_to_neutral": 0.10271405428647995,
    "centroid_ent_to_contradiction": 0.11903649568557739,
    "centroid_neutral_to_contradiction": 0.08175726188346744,
    "min_ent_to_neutral": 0.24533012509346008,
    "min_ent_to_contradiction": 0.26694947481155396,
    "entailment_separation": 0.055001297950469756,
    "surface_gradient": 1.0,
    "surface_learning_score": 0.5027500648975235,
    "combined_surface_score": 0.560635157683059
  },
  "cosine": {
    "phd_entailment": 11.119928601691958,
    "phd_neutral": 15.87128047191455,
    "phd_contradiction": 12.67295107610803,
    "surface_quality": 0.5532914957710134,
    "separation_ratio": 1.4272825879025561,
    "entailment_simplicity": 1.0,
    "class_distinctiveness": 0.6666666666666666,
    "overall_separation": 0.40219736337134737,
    "min_max_diff": 4.751351870222592,
    "std_dev": 1.9781173520066793,
    "centroid_ent_to_neutral": 0.04744678735733032,
    "centroid_ent_to_contradiction": 0.03282773494720459,
    "centroid_neutral_to_contradiction": 0.03484904766082764,
    "min_ent_to_neutral": "0.1253562",
    "min_ent_to_contradiction": "0.12505114",
    "entailment_separation": 0.019910674041889464,
    "surface_gradient": 0.0,
    "surface_learning_score": 0.000995533702094473,
    "combined_surface_score": 0.27714351473655396
  },
  "minkowski_3": {
    "phd_entailment": 32.016412482283165,
    "phd_neutral": 25.95104494323668,
    "phd_contradiction": 25.731754008916678,
    "surface_quality": 0.3393360968639595,
    "separation_ratio": 1.2442374690504465,
    "entailment_simplicity": 0.0,
    "class_distinctiveness": 0.6666666666666667,
    "overall_separation": 0.48495136623313856,
    "min_max_diff": 6.284658473366488,
    "std_dev": 2.9123053873835825,
    "centroid_ent_to_neutral": 0.3377077872035859,
    "centroid_ent_to_contradiction": 0.2840439696716559,
    "centroid_neutral_to_contradiction": 0.3099565887701509,
    "min_ent_to_neutral": 0.8533781511436522,
    "min_ent_to_contradiction": 0.7264903484643598,
    "entailment_separation": 0.15421451552400825,
    "surface_gradient": 0.0,
    "surface_learning_score": 0.007710725776200413,
    "combined_surface_score": 0.17352341132007995
  },
  "minkowski_4": {
    "phd_entailment": 35.01936231532011,
    "phd_neutral": 26.21149101608675,
    "phd_contradiction": 22.006543007273965,
    "surface_quality": 0.5118785984153518,
    "separation_ratio": 1.5913159238025223,
    "entailment_simplicity": 0.0,
    "class_distinctiveness": 0.6666666666666666,
    "overall_separation": 0.782984180002907,
    "min_max_diff": 13.012819308046144,
    "std_dev": 5.422111631751107,
    "centroid_ent_to_neutral": 0.21703758110638963,
    "centroid_ent_to_contradiction": 0.19028695989289054,
    "centroid_neutral_to_contradiction": 0.19961112097996134,
    "min_ent_to_neutral": 0.6383184349759544,
    "min_ent_to_contradiction": 0.6026002156122859,
    "entailment_separation": 0.10102964094051978,
    "surface_gradient": 0.0,
    "surface_learning_score": 0.0050514820470259885,
    "combined_surface_score": 0.2584650402311889
  },
  "canberra": {
    "phd_entailment": 41.940569373855524,
    "phd_neutral": 43.04347471052057,
    "phd_contradiction": 42.36485134187766,
    "surface_quality": 0.45706801084984017,
    "separation_ratio": 1.0262968613237893,
    "entailment_simplicity": 1.0,
    "class_distinctiveness": 0.6666666666666666,
    "overall_separation": 0.22977963933554243,
    "min_max_diff": 1.1029053366650459,
    "std_dev": 0.45423256971404535,
    "centroid_ent_to_neutral": 235.6772116794527,
    "centroid_ent_to_contradiction": 205.57845433191548,
    "centroid_neutral_to_contradiction": 210.17204821959479,
    "min_ent_to_neutral": 291.5047002189081,
    "min_ent_to_contradiction": 262.51527272861983,
    "entailment_separation": 109.4456557680801,
    "surface_gradient": 0.0,
    "surface_learning_score": 5.472282788404005,
    "combined_surface_score": 2.9646753996269224
  },
  "braycurtis": {
    "phd_entailment": 22.600430268411436,
    "phd_neutral": 20.63818111402049,
    "phd_contradiction": 17.34588083289246,
    "surface_quality": 0.3143169999939269,
    "separation_ratio": 1.302927795142864,
    "entailment_simplicity": 0.0,
    "class_distinctiveness": 0.6666666666666666,
    "overall_separation": 0.4227143562749017,
    "min_max_diff": 5.254549435518978,
    "std_dev": 2.167947125619496,
    "centroid_ent_to_neutral": 0.16638698001438565,
    "centroid_ent_to_contradiction": 0.14090730531420342,
    "centroid_neutral_to_contradiction": 0.15493894985818932,
    "min_ent_to_neutral": 0.2817325562000944,
    "min_ent_to_contradiction": 0.2597891058066923,
    "entailment_separation": 0.07621890700142188,
    "surface_gradient": 0.0,
    "surface_learning_score": 0.003810945350071094,
    "combined_surface_score": 0.159063972671999
  },
  "hyperbolic": {
    "phd_entailment": 22.78988245690564,
    "phd_neutral": 33.03911317479301,
    "phd_contradiction": 27.436351441101063,
    "surface_quality": 0.6910190249935226,
    "separation_ratio": 1.4497272303737447,
    "entailment_simplicity": 1.0,
    "class_distinctiveness": 0.6666666666666666,
    "overall_separation": 0.6505339033926067,
    "min_max_diff": 10.249230717887368,
    "std_dev": 4.190297567981682,
    "centroid_ent_to_neutral": 6.847388386586982,
    "centroid_ent_to_contradiction": 6.479990911716726,
    "centroid_neutral_to_contradiction": 6.539571406123824,
    "min_ent_to_neutral": 7.915994055589722,
    "min_ent_to_contradiction": 7.842381399787485,
    "entailment_separation": 3.3056204811094836,
    "surface_gradient": 0.0,
    "surface_learning_score": 0.16528102405547418,
    "combined_surface_score": 0.4281500245244984
  },
  "order_violation": {
    "phd_entailment": 28.060854088883193,