{
  "euclidean": {
    "phd_entailment": 10.142533485305904,
    "phd_neutral": 12.74051330444648,
    "phd_contradiction": 10.89077472985613,
    "surface_quality": 0.49731800000810805,
    "separation_ratio": 1.2561470290341585,
    "entailment_simplicity": 1.0,
    "class_distinctiveness": 0.6666666666666667,
    "overall_separation": 0.30191474618464653,
    "min_max_diff": 2.5979798191405763,
    "std_dev": 1.091934923530769,
    "centroid_ent_to_neutral": 0.016071349382400513,
    "centroid_ent_to_contradiction": 0.016621388494968414,
    "centroid_neutral_to_contradiction": 0.01087526511400938,
    "min_ent_to_neutral": "0.016287291",
    "min_ent_to_contradiction": "0.011623483",
    "entailment_separation": 1.3129607426400118,
    "surface_gradient": 1.0,
    "surface_learning_score": 0.5656480371320006,
    "combined_surface_score": 0.5314830185700543
  },
  "manhattan": {
    "phd_entailment": 11.127625233915643,
    "phd_neutral": 12.259199783406755,
    "phd_contradiction": 10.695320622464203,
    "surface_quality": 0.34509140665241445,
    "separation_ratio": 1.1462208769747226,
    "entailment_simplicity": 0.5,
    "class_distinctiveness": 0.6666666666666666,
    "overall_separation": 0.25306052632930376,
    "min_max_diff": 1.5638791609425517,
    "std_dev": 0.6593823935377857,
    "centroid_ent_to_neutral": 0.07289383560419083,
    "centroid_ent_to_contradiction": 0.07630380988121033,
    "centroid_neutral_to_contradiction": 0.04376250505447388,
    "min_ent_to_neutral": 0.09281846451722231,
    "min_ent_to_contradiction": 0.08779033401515335,
    "entailment_separation": 5.9918704928122875,
    "surface_gradient": 1.0,
    "surface_learning_score": 0.7995935246406144,
    "combined_surface_score": 0.5723424656465144
  },
  "chebyshev": {
    "phd_entailment": 12.121454989251388,
    "phd_neutral": 11.110691160535804,
    "phd_contradiction": 11.487877223229601,
    "surface_quality": 0.20557291467115946,
    "separation_ratio": 1.0909721829282528,
    "entailment_simplicity": 0.0,
    "class_distinctiveness": 0.6666666666666667,
    "overall_separation": 0.22642513030701636,
    "min_max_diff": 1.010763828715584,
    "std_dev": 0.4170443127171385,
    "centroid_ent_to_neutral": 0.006816921290010214,
    "centroid_ent_to_contradiction": 0.005867264233529568,
    "centroid_neutral_to_contradiction": 0.005432966980151832,
    "min_ent_to_neutral": 0.005941731855273247,
    "min_ent_to_contradiction": 0.0066288230009377,
    "entailment_separation": 0.5094048013732999,
    "surface_gradient": 0.0,
    "surface_learning_score": 0.025470240068664995,
    "combined_surface_score": 0.11552157736991223
  },
  "cosine": {
    "phd_entailment": 5.362761547949419,
    "phd_neutral": 5.260604965252887,
    "phd_contradiction": 5.357171179362284,
    "surface_quality": 0.18196332086044256,
    "separation_ratio": 1.0194191701090067,
    "entailment_simplicity": 0.0,
    "class_distinctiveness": 0.6666666666666667,
    "overall_separation": 0.18430806991812415,
    "min_max_diff": 0.10215658269653183,
    "std_dev": 0.046894981153631735,
    "centroid_ent_to_neutral": 0.012915372848510742,
    "centroid_ent_to_contradiction": 0.014075398445129395,
    "centroid_neutral_to_contradiction": 0.006554067134857178,
    "min_ent_to_neutral": "0.008426726",
    "min_ent_to_contradiction": "0.014970481",
    "entailment_separation": 1.0839662084910846,
    "surface_gradient": 1.0,
    "surface_learning_score": 0.5541983104245543,
    "combined_surface_score": 0.3680808156424984
  },
  "minkowski_3": {
    "phd_entailment": 10.758873881048242,
    "phd_neutral": 11.133828915712499,
    "phd_contradiction": 10.98903072071995,
    "surface_quality": 0.4389761771531341,
    "separation_ratio": 1.0348507695888824,
    "entailment_simplicity": 1.0,
    "class_distinctiveness": 0.6666666666666666,
    "overall_separation": 0.19669574043491017,
    "min_max_diff": 0.37495503466425717,
    "std_dev": 0.15439126563552127,
    "centroid_ent_to_neutral": 0.010392604454380307,
    "centroid_ent_to_contradiction": 0.010576002727858108,
    "centroid_neutral_to_contradiction": 0.007576041680615828,
    "min_ent_to_neutral": 0.010325774736969455,
    "min_ent_to_contradiction": 0.011465489040581955,
    "entailment_separation": 0.8421123419331711,
    "surface_gradient": 1.0,
    "surface_learning_score": 0.5421056170966585,
    "combined_surface_score": 0.4905408971248963
  },
  "minkowski_4": {
    "phd_entailment": 12.458627901670338,
    "phd_neutral": 11.552984418537989,
    "phd_contradiction": 11.019182750379613,
    "surface_quality": 0.2167856810084845,
    "separation_ratio": 1.1306308447639764,
    "entailment_simplicity": 0.0,
    "class_distinctiveness": 0.6666666666666666,
    "overall_separation": 0.2464932215918445,
    "min_max_diff": 1.439445151290725,
    "std_dev": 0.5941508116672004,
    "centroid_ent_to_neutral": 0.008607085771821458,
    "centroid_ent_to_contradiction": 0.00863100310036561,
    "centroid_neutral_to_contradiction": 0.006554324980858925,
    "min_ent_to_neutral": 0.00684878748973499,
    "min_ent_to_contradiction": 0.008472843388597323,
    "entailment_separation": 0.6922923999885789,
    "surface_gradient": 1.0,
    "surface_learning_score": 0.5346146199994289,
    "combined_surface_score": 0.3757001505039567
  },
  "canberra": {
    "phd_entailment": 14.326610410480548,
    "phd_neutral": 13.90974056485412,
    "phd_contradiction": 16.0186131658299,
    "surface_quality": 0.3587836218188939,
    "separation_ratio": 1.1516112102266156,
    "entailment_simplicity": 0.5,
    "class_distinctiveness": 0.6666666666666667,
    "overall_separation": 0.2793784480344269,
    "min_max_diff": 2.108872600975781,
    "std_dev": 0.91189652431066,
    "centroid_ent_to_neutral": 8.036960570057763,
    "centroid_ent_to_contradiction": 7.633233395037832,
    "centroid_neutral_to_contradiction": 4.688513531981588,
    "min_ent_to_neutral": 7.980328939840595,
    "min_ent_to_contradiction": 9.44185161279705,
    "entailment_separation": 629.3247626705269,
    "surface_gradient": 0.0,
    "surface_learning_score": 31.466238133526343,
    "combined_surface_score": 15.912510877672618
  },
  "braycurtis": {
    "phd_entailment": 12.16094784896996,
    "phd_neutral": 11.485654560282992,
    "phd_contradiction": 10.708513062356799,
    "surface_quality": 0.21717295704325068,
    "separation_ratio": 1.1356336569004006,
    "entailment_simplicity": 0.0,
    "class_distinctiveness": 0.6666666666666666,
    "overall_separation": 0.2468449450627646,
    "min_max_diff": 1.4524347866131606,
    "std_dev": 0.5934397603902789,
    "centroid_ent_to_neutral": 0.06345508588592813,
    "centroid_ent_to_contradiction": 0.06630380040481362,
    "centroid_neutral_to_contradiction": 0.036206984612970505,
    "min_ent_to_neutral": 0.07193614420627373,
    "min_ent_to_contradiction": 0.07811352942855147,
    "entailment_separation": 5.211197800180821,
    "surface_gradient": 1.0,
    "surface_learning_score": 0.760559890009041,
    "combined_surface_score": 0.48886642352614584
  },
  "hyperbolic": {
    "phd_entailment": 11.345967351343125,
    "phd_neutral": 11.905978708590926,
    "phd_contradiction": 11.092851470878644,
    "surface_quality": 0.32541112152678764,
    "separation_ratio": 1.073301913385114,
    "entailment_simplicity": 0.5,
    "class_distinctiveness": 0.6666666666666666,
    "overall_separation": 0.2173985047035541,
    "min_max_diff": 0.8131272377122816,
    "std_dev": 0.33974766353532937,
    "centroid_ent_to_neutral": 0.03241508243010342,
    "centroid_ent_to_contradiction": 0.033524047195897834,
    "centroid_neutral_to_contradiction": 0.021948107307707646,
    "min_ent_to_neutral": 0.030486326765233555,
    "min_ent_to_contradiction": 0.03817143468138606,
    "entailment_separation": 2.6481565700473575,
    "surface_gradient": 1.0,
    "surface_learning_score": 0.6324078285023679,
    "combined_surface_score": 0.47890947501457776
  },