{
  "euclidean": {
    "phd_entailment": 12.355704763756234,
    "phd_neutral": 13.393902467685809,
    "phd_contradiction": 12.968482507101903,
    "surface_quality": 0.45617193148830415,
    "separation_ratio": 1.0840257778718527,
    "entailment_simplicity": 1.0,
    "class_distinctiveness": 0.6666666666666666,
    "overall_separation": 0.22747877166573482,
    "min_max_diff": 1.0381977039295744,
    "std_dev": 0.426136803548613,
    "centroid_ent_to_neutral": 0.2676860988140106,
    "centroid_ent_to_contradiction": 0.2605135142803192,
    "centroid_neutral_to_contradiction": 0.1575000286102295,
    "min_ent_to_neutral": "0.09947916",
    "min_ent_to_contradiction": "0.0",
    "entailment_separation": 1.5858950367982445,
    "surface_gradient": 0.0,
    "surface_learning_score": 0.07929475183991222,
    "combined_surface_score": 0.26773334166410817
  },
  "manhattan": {
    "phd_entailment": 14.653511516950235,
    "phd_neutral": 12.096728862706016,
    "phd_contradiction": 11.608744746153475,
    "surface_quality": 0.258564363069984,
    "separation_ratio": 1.2622821706718665,
    "entailment_simplicity": 0.0,
    "class_distinctiveness": 0.6666666666666666,
    "overall_separation": 0.3253265253568825,
    "min_max_diff": 3.0447667707967607,
    "std_dev": 1.3352432457379697,
    "centroid_ent_to_neutral": 1.2886278629302979,
    "centroid_ent_to_contradiction": 1.1734850406646729,
    "centroid_neutral_to_contradiction": 0.7225332856178284,
    "min_ent_to_neutral": 0.4115079343318939,
    "min_ent_to_contradiction": 0.49318354297429323,
    "entailment_separation": 7.392380715642169,
    "surface_gradient": 0.0,
    "surface_learning_score": 0.3696190357821084,
    "combined_surface_score": 0.3140916994260462
  },
  "chebyshev": {
    "phd_entailment": 10.776618860559216,
    "phd_neutral": 12.024595374702969,
    "phd_contradiction": 10.0882688526969,
    "surface_quality": 0.3549740601376656,
    "separation_ratio": 1.1919384336677774,
    "entailment_simplicity": 0.5,
    "class_distinctiveness": 0.6666666666666666,
    "overall_separation": 0.2700456333016187,
    "min_max_diff": 1.936326522006068,
    "std_dev": 0.8014314632790613,
    "centroid_ent_to_neutral": 0.13455838710069656,
    "centroid_ent_to_contradiction": 0.12694168463349342,
    "centroid_neutral_to_contradiction": 0.08665909618139267,
    "min_ent_to_neutral": 0.024086296558380127,
    "min_ent_to_contradiction": 0.04924000799655914,
    "entailment_separation": 0.7851419342323042,
    "surface_gradient": 0.0,
    "surface_learning_score": 0.03925709671161521,
    "combined_surface_score": 0.1971155784246404
  },
  "cosine": {
    "phd_entailment": 5.381792087563094,
    "phd_neutral": 5.325638258821942,
    "phd_contradiction": 4.847698107030333,
    "surface_quality": 0.19389620069297697,
    "separation_ratio": 1.1101747610393053,
    "entailment_simplicity": 0.0,
    "class_distinctiveness": 0.6666666666666666,
    "overall_separation": 0.20587809004986107,
    "min_max_diff": 0.5340939805327602,
    "std_dev": 0.23963778713768205,
    "centroid_ent_to_neutral": 0.2405846118927002,
    "centroid_ent_to_contradiction": 0.23630529642105103,
    "centroid_neutral_to_contradiction": 0.07577276229858398,
    "min_ent_to_neutral": "0.046709538",
    "min_ent_to_contradiction": "0.05096817",
    "entailment_separation": 1.4318400088621093,
    "surface_gradient": 0.0,
    "surface_learning_score": 0.07159200044310546,
    "combined_surface_score": 0.1327441005680412
  },
  "minkowski_3": {
    "phd_entailment": 10.781092244906798,
    "phd_neutral": 11.024503963178008,
    "phd_contradiction": 11.123764489572181,
    "surface_quality": 0.43813077975007364,
    "separation_ratio": 1.0317845573417914,
    "entailment_simplicity": 1.0,
    "class_distinctiveness": 0.6666666666666667,
    "overall_separation": 0.19532889261919512,
    "min_max_diff": 0.3426722446653834,
    "std_dev": 0.14396225738242938,
    "centroid_ent_to_neutral": 0.17665024225710615,
    "centroid_ent_to_contradiction": 0.17897546485679794,
    "centroid_neutral_to_contradiction": 0.11026964578757545,
    "min_ent_to_neutral": 0.049085398084059505,
    "min_ent_to_contradiction": 0.05411594729956213,
    "entailment_separation": 1.0677498239081178,
    "surface_gradient": 1.0,
    "surface_learning_score": 0.5533874911954059,
    "combined_surface_score": 0.49575913547273975
  },
  "minkowski_4": {
    "phd_entailment": 10.489965099399283,
    "phd_neutral": 11.980243237570862,
    "phd_contradiction": 11.864815198019066,
    "surface_quality": 0.4681994579383967,
    "separation_ratio": 1.1420670253952439,
    "entailment_simplicity": 1.0,
    "class_distinctiveness": 0.6666666666666666,
    "overall_separation": 0.2520474242120385,
    "min_max_diff": 1.490278138171579,
    "std_dev": 0.676959325472837,
    "centroid_ent_to_neutral": 0.15116881994614437,
    "centroid_ent_to_contradiction": 0.15498622677746893,
    "centroid_neutral_to_contradiction": 0.09739286829871532,
    "min_ent_to_neutral": 0.06729992045943492,
    "min_ent_to_contradiction": 0.07056440211276718,
    "entailment_separation": 0.9192164421426855,
    "surface_gradient": 1.0,
    "surface_learning_score": 0.5459608221071343,
    "combined_surface_score": 0.5070801400227655
  },
  "canberra": {
    "phd_entailment": 17.644165255856958,
    "phd_neutral": 16.571016659995326,
    "phd_contradiction": 14.864849079500411,
    "surface_quality": 0.25098672579667114,
    "separation_ratio": 1.1869723776872652,
    "entailment_simplicity": 0.0,
    "class_distinctiveness": 0.6666666666666667,
    "overall_separation": 0.30820767701427065,
    "min_max_diff": 2.779316176356547,
    "std_dev": 1.1444190243519896,
    "centroid_ent_to_neutral": 23.113674932589113,
    "centroid_ent_to_contradiction": 22.747590643413236,
    "centroid_neutral_to_contradiction": 15.691353108788801,
    "min_ent_to_neutral": 9.942217992937893,
    "min_ent_to_contradiction": 11.330176690765775,
    "entailment_separation": 137.69633989731727,
    "surface_gradient": 0.0,
    "surface_learning_score": 6.884816994865863,
    "combined_surface_score": 3.567901860331267
  },
  "braycurtis": {
    "phd_entailment": 11.214455313862008,
    "phd_neutral": 11.831656894973353,
    "phd_contradiction": 10.416445953352625,
    "surface_quality": 0.34124522932129153,
    "separation_ratio": 1.1358631291285326,
    "entailment_simplicity": 0.5,
    "class_distinctiveness": 0.6666666666666666,
    "overall_separation": 0.24521158308096494,
    "min_max_diff": 1.4152109416207281,
    "std_dev": 0.5793270751934684,
    "centroid_ent_to_neutral": 0.41154598605506315,
    "centroid_ent_to_contradiction": 0.37880422351676435,
    "centroid_neutral_to_contradiction": 0.20052581213367443,
    "min_ent_to_neutral": 0.17009782764095313,
    "min_ent_to_contradiction": 0.17510048236360218,
    "entailment_separation": 2.3729901416428527,
    "surface_gradient": 0.0,
    "surface_learning_score": 0.11864950708214264,
    "combined_surface_score": 0.22994736820171707
  },
  "hyperbolic": {
    "phd_entailment": 12.065089918381727,
    "phd_neutral": 12.15873973099597,
    "phd_contradiction": 10.398015256357883,
    "surface_quality": 0.3503014378556102,
    "separation_ratio": 1.169332745839307,
    "entailment_simplicity": 0.5,
    "class_distinctiveness": 0.6666666666666666,
    "overall_separation": 0.26574364247375826,
    "min_max_diff": 1.7607244746380868,
    "std_dev": 0.8088440923629611,
    "centroid_ent_to_neutral": 0.6145230900081294,
    "centroid_ent_to_contradiction": 0.5959916946233073,
    "centroid_neutral_to_contradiction": 0.3742428637722213,
    "min_ent_to_neutral": 0.14314224271174425,
    "min_ent_to_contradiction": 0.3173925514289112,
    "entailment_separation": 3.6345149472403113,
    "surface_gradient": 0.0,
    "surface_learning_score": 0.18172574736201558,
    "combined_surface_score": 0.26601359260881285
  },