{
  "euclidean": {
    "phd_entailment": 1.1042761347379155,
    "phd_neutral": 1.0865916028683673,
    "phd_contradiction": 1.061587037036889,
    "surface_quality": 0.1807365507003582,
    "separation_ratio": 1.0402125272932692,
    "entailment_simplicity": 0.0,
    "class_distinctiveness": 0.6666666666666667,
    "overall_separation": 0.1816121980866441,
    "min_max_diff": 0.04268909770102658,
    "std_dev": 0.017512947725718042,
    "centroid_ent_to_neutral": 0.017169728875160217,
    "centroid_ent_to_contradiction": 0.022277697920799255,
    "centroid_neutral_to_contradiction": 0.005107969045639038,
    "min_ent_to_neutral": "5.9604645e-08",
    "min_ent_to_contradiction": "1.1920929e-07",
    "entailment_separation": 1.014945326732713,
    "surface_gradient": 1.0,
    "surface_learning_score": 0.5507472663366356,
    "combined_surface_score": 0.3657419085184969
  },
  "manhattan": {
    "phd_entailment": 1.2882634430254982,
    "phd_neutral": 1.1723514850067054,
    "phd_contradiction": 1.1600296990076635,
    "surface_quality": 0.18375430402773277,
    "separation_ratio": 1.1105435008496172,
    "entailment_simplicity": 0.0,
    "class_distinctiveness": 0.6666666666666667,
    "overall_separation": 0.1866425609764625,
    "min_max_diff": 0.12823374401783472,
    "std_dev": 0.05776513897459468,
    "centroid_ent_to_neutral": 0.017169728875160217,
    "centroid_ent_to_contradiction": 0.022277697920799255,
    "centroid_neutral_to_contradiction": 0.005107969045639038,
    "min_ent_to_neutral": 4.172325134277344e-07,
    "min_ent_to_contradiction": 1.1920928955078125e-07,
    "entailment_separation": 1.014945326732713,
    "surface_gradient": 1.0,
    "surface_learning_score": 0.5507472663366356,
    "combined_surface_score": 0.3672507851821842
  },
  "chebyshev": {
    "phd_entailment": 1.2302288521135436,
    "phd_neutral": 1.0294549484502968,
    "phd_contradiction": 1.0318985144984956,
    "surface_quality": 0.1866238808201295,
    "separation_ratio": 1.1950293249505326,
    "entailment_simplicity": 0.0,
    "class_distinctiveness": 0.6666666666666667,
    "overall_separation": 0.19132763387917448,
    "min_max_diff": 0.20077390366324677,
    "std_dev": 0.09407506118089932,
    "centroid_ent_to_neutral": 0.017169728875160217,
    "centroid_ent_to_contradiction": 0.022277697920799255,
    "centroid_neutral_to_contradiction": 0.005107969045639038,
    "min_ent_to_neutral": 5.960464477539063e-08,
    "min_ent_to_contradiction": 1.1175870895385742e-07,
    "entailment_separation": 1.014945326732713,
    "surface_gradient": 1.0,
    "surface_learning_score": 0.5507472663366356,
    "combined_surface_score": 0.36868557357838255
  },
  "cosine": {
    "phd_entailment": NaN,
    "phd_neutral": NaN,
    "phd_contradiction": NaN,
    "surface_quality": 0.0,
    "separation_ratio": 0.0,
    "entailment_simplicity": 0.0,
    "class_distinctiveness": 0.0,
    "overall_separation": 0.0,
    "centroid_ent_to_neutral": 0.0,
    "centroid_ent_to_contradiction": 0.0,
    "centroid_neutral_to_contradiction": 0.0,
    "min_ent_to_neutral": "0.0",
    "min_ent_to_contradiction": "0.0",
    "entailment_separation": 0.0,
    "surface_gradient": 0.0,
    "surface_learning_score": 0.0,
    "combined_surface_score": 0.0
  },
  "minkowski_3": {
    "phd_entailment": 1.134036033058763,
    "phd_neutral": 1.142349889731,
    "phd_contradiction": 1.1839266015396022,
    "surface_quality": 0.43096385353355104,
    "separation_ratio": 1.043993812389076,
    "entailment_simplicity": 1.0,
    "class_distinctiveness": 0.6666666666666666,
    "overall_separation": 0.18205508270809123,
    "min_max_diff": 0.04989056848083906,
    "std_dev": 0.02182458349080317,
    "centroid_ent_to_neutral": 0.01716972887516022,
    "centroid_ent_to_contradiction": 0.02227769792079926,
    "centroid_neutral_to_contradiction": 0.00510796904563904,
    "min_ent_to_neutral": 0.0,
    "min_ent_to_contradiction": 6.705522537231452e-08,
    "entailment_separation": 1.0149453267327133,
    "surface_gradient": 1.0,
    "surface_learning_score": 0.5507472663366356,
    "combined_surface_score": 0.49085555993509333
  },
  "minkowski_4": {
    "phd_entailment": 1.0570434817272072,
    "phd_neutral": 1.071217243308763,
    "phd_contradiction": 1.1111424167548933,
    "surface_quality": 0.4311588835340278,
    "separation_ratio": 1.0511794793335167,
    "entailment_simplicity": 1.0,
    "class_distinctiveness": 0.6666666666666667,
    "overall_separation": 0.1823041163782812,
    "min_max_diff": 0.054098935027686146,
    "std_dev": 0.022904656885067876,
    "centroid_ent_to_neutral": 0.017169728875160217,
    "centroid_ent_to_contradiction": 0.022277697920799255,
    "centroid_neutral_to_contradiction": 0.005107969045639038,
    "min_ent_to_neutral": 2.384185791015625e-07,
    "min_ent_to_contradiction": 2.980232238769531e-07,
    "entailment_separation": 1.014945326732713,
    "surface_gradient": 1.0,
    "surface_learning_score": 0.5507472663366356,
    "combined_surface_score": 0.4909530749353317
  },
  "canberra": {
    "phd_entailment": 2.4521692416484537,
    "phd_neutral": 1.2357905749733475,
    "phd_contradiction": 1.1844824696254728,
    "surface_quality": 0.2242369019636909,
    "separation_ratio": 2.0702452797159734,
    "entailment_simplicity": 0.0,
    "class_distinctiveness": 0.6666666666666667,
    "overall_separation": 0.2535306220642078,
    "min_max_diff": 1.267686772022981,
    "std_dev": 0.5858744020103382,
    "centroid_ent_to_neutral": 0.0858243315463211,
    "centroid_ent_to_contradiction": 0.10858449786884644,
    "centroid_neutral_to_contradiction": 0.022974267935229976,
    "min_ent_to_neutral": 0.0,
    "min_ent_to_contradiction": 0.0,
    "entailment_separation": 5.001957007515432,
    "surface_gradient": 1.0,
    "surface_learning_score": 0.7500978503757716,
    "combined_surface_score": 0.48716737616973127
  },
  "braycurtis": {
    "phd_entailment": 1.8431982812389283,
    "phd_neutral": 1.741643638813802,
    "phd_contradiction": 1.0960406825614122,
    "surface_quality": 0.20636670455639602,
    "separation_ratio": 1.6816878338233143,
    "entailment_simplicity": 0.0,
    "class_distinctiveness": 0.6666666666666667,
    "overall_separation": 0.2229109297974941,
    "min_max_diff": 0.7471575986775161,
    "std_dev": 0.3308845048219616,
    "centroid_ent_to_neutral": 0.0858243315463211,
    "centroid_ent_to_contradiction": 0.10858449786884644,
    "centroid_neutral_to_contradiction": 0.022974267935229976,
    "min_ent_to_neutral": 3.8011919587684706e-07,
    "min_ent_to_contradiction": 0.0,
    "entailment_separation": 5.001957007515432,
    "surface_gradient": 1.0,
    "surface_learning_score": 0.7500978503757716,
    "combined_surface_score": 0.4782322774660838
  },
  "hyperbolic": {
    "phd_entailment": 1.166645628701611,
    "phd_neutral": 1.0904744006309228,
    "phd_contradiction": 1.1044425038829642,
    "surface_quality": 0.1819440906080484,
    "separation_ratio": 1.0698514591691628,
    "entailment_simplicity": 0.0,
    "class_distinctiveness": 0.6666666666666666,
    "overall_separation": 0.18359958588736822,
    "min_max_diff": 0.0761712280706881,
    "std_dev": 0.033109905586396184,
    "centroid_ent_to_neutral": 0.03468741546347725,
    "centroid_ent_to_contradiction": 0.045031205910801106,
    "centroid_neutral_to_contradiction": 0.01034379170038102,
    "min_ent_to_neutral": 4.80548009174971e-07,
    "min_ent_to_contradiction": 1.1920928955078118e-07,
    "entailment_separation": 2.051085426583157,
    "surface_gradient": 1.0,
    "surface_learning_score": 0.6025542713291578,
    "combined_surface_score": 0.3922491809686031
  },
  "order_violation": {
    "phd_entailment": 1.061095156206756,
    "phd_neutral": 1.0959831061982517,
    "phd_contradiction": 1.1278373657613017,
    "surface_quality": 0.4316214639447591,
    "separation_ratio": 1.0628993631383052,
    "entailment_simplicity": 1.0,
    "class_distinctiveness": 0.6666666666666666,