{
  "euclidean": {
    "phd_entailment": 1.0113452737351103,
    "phd_neutral": 1.0704650274680965,
    "phd_contradiction": 1.0914533331043768,
    "surface_quality": 0.43215948573795904,
    "separation_ratio": 1.0792094069648543,
    "entailment_simplicity": 1.0,
    "class_distinctiveness": 0.6666666666666666,
    "overall_separation": 0.18385531030229674,
    "min_max_diff": 0.08010805936926646,
    "std_dev": 0.03391649128675503,
    "centroid_ent_to_neutral": 0.18706467747688293,
    "centroid_ent_to_contradiction": 0.23630908131599426,
    "centroid_neutral_to_contradiction": 0.04924440383911133,
    "min_ent_to_neutral": "1.3113022e-06",
    "min_ent_to_contradiction": "2.126515e-06",
    "entailment_separation": 2.6427345832284983,
    "surface_gradient": 1.0,
    "surface_learning_score": 0.6321367291614249,
    "combined_surface_score": 0.532148107449692
  },
  "manhattan": {
    "phd_entailment": 1.2179685998221672,
    "phd_neutral": 1.0324309339712476,
    "phd_contradiction": 1.2107910478269466,
    "surface_quality": 0.18605147729203989,
    "separation_ratio": 1.1797095183280188,
    "entailment_simplicity": 0.0,
    "class_distinctiveness": 0.6666666666666666,
    "overall_separation": 0.19034255566326125,
    "min_max_diff": 0.18553766585091958,
    "std_dev": 0.08582156742442716,
    "centroid_ent_to_neutral": 0.18706467747688293,
    "centroid_ent_to_contradiction": 0.23630908131599426,
    "centroid_neutral_to_contradiction": 0.04924440383911133,
    "min_ent_to_neutral": 8.940696716308594e-07,
    "min_ent_to_contradiction": 8.707866072654724e-08,
    "entailment_separation": 2.6427345832284983,
    "surface_gradient": 1.0,
    "surface_learning_score": 0.6321367291614249,
    "combined_surface_score": 0.4090941032267324
  },
  "chebyshev": {
    "phd_entailment": 1.1073062025409997,
    "phd_neutral": 1.0558170849299051,
    "phd_contradiction": 1.0804033948170193,
    "surface_quality": 0.1810634831231039,
    "separation_ratio": 1.0487670812927912,
    "entailment_simplicity": 0.0,
    "class_distinctiveness": 0.6666666666666666,
    "overall_separation": 0.182114854836849,
    "min_max_diff": 0.05148911761109454,
    "std_dev": 0.021027434274901686,
    "centroid_ent_to_neutral": 0.18706468492746353,
    "centroid_ent_to_contradiction": 0.23630908876657486,
    "centroid_neutral_to_contradiction": 0.04924440383911133,
    "min_ent_to_neutral": 4.1909515857696533e-07,
    "min_ent_to_contradiction": 8.344650268554688e-07,
    "entailment_separation": 2.642734676242799,
    "surface_gradient": 1.0,
    "surface_learning_score": 0.63213673381214,
    "combined_surface_score": 0.40660010846762196
  },
  "cosine": {
    "phd_entailment": "NaN",
    "phd_neutral": "NaN",
    "phd_contradiction": "NaN",
    "surface_quality": 0.0,
    "separation_ratio": 0.0,
    "entailment_simplicity": 0.0,
    "class_distinctiveness": 0.0,
    "overall_separation": 0.0,
    "centroid_ent_to_neutral": 0.0,
    "centroid_ent_to_contradiction": 0.0,
    "centroid_neutral_to_contradiction": 0.0,
    "min_ent_to_neutral": "0.0",
    "min_ent_to_contradiction": "0.0",
    "entailment_separation": 0.0,
    "surface_gradient": 0.0,
    "surface_learning_score": 0.0,
    "combined_surface_score": 0.0
  },
  "minkowski_3": {
    "phd_entailment": 1.1221948992970838,
    "phd_neutral": 1.0733427151060793,
    "phd_contradiction": 1.1444892222020389,
    "surface_quality": 0.30677389167199987,
    "separation_ratio": 1.066284986234735,
    "entailment_simplicity": 0.5,
    "class_distinctiveness": 0.6666666666666667,
    "overall_separation": 0.1832595077250957,
    "min_max_diff": 0.0711465070959596,
    "std_dev": 0.029712321061916513,
    "centroid_ent_to_neutral": 0.18706468492746356,
    "centroid_ent_to_contradiction": 0.2363090887665749,
    "centroid_neutral_to_contradiction": 0.049244403839111335,
    "min_ent_to_neutral": 3.16649675369263e-08,
    "min_ent_to_contradiction": 6.798654794692998e-07,
    "entailment_separation": 2.6427346762427995,
    "surface_gradient": 1.0,
    "surface_learning_score": 0.63213673381214,
    "combined_surface_score": 0.4694553127420699
  },
  "minkowski_4": {
    "phd_entailment": 1.2082385941710962,
    "phd_neutral": 1.615491194133138,
    "phd_contradiction": 1.3907405733199998,
    "surface_quality": 0.44356126993848466,
    "separation_ratio": 1.337063061821357,
    "entailment_simplicity": 1.0,
    "class_distinctiveness": 0.6666666666666666,
    "overall_separation": 0.20188917640684953,
    "min_max_diff": 0.4072525999620418,
    "std_dev": 0.1665581293672975,
    "centroid_ent_to_neutral": 0.18706468492746353,
    "centroid_ent_to_contradiction": 0.23630908876657486,
    "centroid_neutral_to_contradiction": 0.04924440383911133,
    "min_ent_to_neutral": 0.0,
    "min_ent_to_contradiction": 1.9371509552001953e-07,
    "entailment_separation": 2.642734676242799,
    "surface_gradient": 1.0,
    "surface_learning_score": 0.63213673381214,
    "combined_surface_score": 0.5378490018753124
  },
  "canberra": {
    "phd_entailment": 1.6037492259020663,
    "phd_neutral": 1.1266375726302498,
    "phd_contradiction": 1.3555873474388598,
    "surface_quality": 0.1963879932140278,
    "separation_ratio": 1.4234828172452574,
    "entailment_simplicity": 0.0,
    "class_distinctiveness": 0.6666666666666667,
    "overall_separation": 0.20612962562051257,
    "min_max_diff": 0.4771116532718165,
    "std_dev": 0.1948326481296952,
    "centroid_ent_to_neutral": 0.4940186555353308,
    "centroid_ent_to_contradiction": 0.5522484817456982,
    "centroid_neutral_to_contradiction": 0.08007633665472735,
    "min_ent_to_neutral": 5.5174934336310644e-06,
    "min_ent_to_contradiction": 5.6151633052033356e-06,
    "entailment_separation": 6.530887400465342,
    "surface_gradient": 1.0,
    "surface_learning_score": 0.8265443700232671,
    "combined_surface_score": 0.5114661816186474
  },
  "braycurtis": {
    "phd_entailment": "NaN",
    "phd_neutral": 1.1859139182905931,
    "phd_contradiction": 1.2258168292198426,
    "surface_quality": 0.26391816517789296,
    "separation_ratio": 1.033647392372936,
    "entailment_simplicity": 0.0,
    "class_distinctiveness": 1.0,
    "overall_separation": 0.26491573795112416,
    "min_max_diff": 0.03990291092924947,
    "std_dev": 0.019951455464624734,
    "centroid_ent_to_neutral": 0.4940186555353308,
    "centroid_ent_to_contradiction": 0.5522484817456982,
    "centroid_neutral_to_contradiction": 0.08007633665472735,
    "min_ent_to_neutral": 5.324573392517505e-07,
    "min_ent_to_contradiction": 7.641299081974328e-07,
    "entailment_separation": 6.530887400465342,
    "surface_gradient": 1.0,
    "surface_learning_score": 0.8265443700232671,
    "combined_surface_score": 0.54523126760058
  },
  "hyperbolic": {
    "phd_entailment": 1.0497138883599444,
    "phd_neutral": 1.0102860320175706,
    "phd_contradiction": 1.3149318793224174,
    "surface_quality": 0.31555211478025263,
    "separation_ratio": 1.3015441544771833,
    "entailment_simplicity": 0.5,
    "class_distinctiveness": 0.6666666666666667,
    "overall_separation": 0.19731607628521106,
    "min_max_diff": 0.3046458473048468,
    "std_dev": 0.1352792300991682,
    "centroid_ent_to_neutral": 0.3893965070009957,
    "centroid_ent_to_contradiction": 0.4982038505471128,
    "centroid_neutral_to_contradiction": 0.10880734169233063,
    "min_ent_to_neutral": 1.7099366531108982e-06,
    "min_ent_to_contradiction": 9.78270027766776e-07,
    "entailment_separation": 5.540476026824151,
    "surface_gradient": 1.0,
    "surface_learning_score": 0.7770238013412075,
    "combined_surface_score": 0.54628795806073
  },
  "order_violation": {
    "phd_entailment": 1.0775932450334633,
    "phd_neutral": 1.067769713112792,
    "phd_contradiction": 1.017593226830297,
    "surface_quality": 0.18140370055294874,
    "separation_ratio": 1.0589626744962333,
    "entailment_simplicity": 0.0,
    "class_distinctiveness": 0.6666666666666666,