{
  "euclidean": {
    "phd_entailment": 21.354049562546884,
    "phd_neutral": 20.6041311692052,
    "phd_contradiction": 24.926432465768787,
    "surface_quality": 0.414846428854162,
    "separation_ratio": 1.2097783818724503,
    "entailment_simplicity": 0.5,
    "class_distinctiveness": 0.6666666666666666,
    "overall_separation": 0.3841370341688244,
    "min_max_diff": 4.322301296563587,
    "std_dev": 1.8858121062932482,
    "centroid_ent_to_neutral": 0.8797087073326111,
    "centroid_ent_to_contradiction": 0.7171353697776794,
    "centroid_neutral_to_contradiction": 0.8066622614860535,
    "min_ent_to_neutral": "5.4262743",
    "min_ent_to_contradiction": "5.826403",
    "entailment_separation": 0.5358774227859675,
    "surface_gradient": 0.0,
    "surface_learning_score": 0.026793871139298375,
    "combined_surface_score": 0.2208201499967302
  },
  "manhattan": {
    "phd_entailment": 22.822576040629826,
    "phd_neutral": 23.400637575586195,
    "phd_contradiction": 27.60179654015612,
    "surface_quality": 0.5512647739494574,
    "separation_ratio": 1.2094075835706757,
    "entailment_simplicity": 1.0,
    "class_distinctiveness": 0.6666666666666667,
    "overall_separation": 0.4077553060884367,
    "min_max_diff": 4.779220499526293,
    "std_dev": 2.1298106427795847,
    "centroid_ent_to_neutral": 19.797901153564453,
    "centroid_ent_to_contradiction": 15.755447387695312,
    "centroid_neutral_to_contradiction": 17.956939697265625,
    "min_ent_to_neutral": 128.2766624153519,
    "min_ent_to_contradiction": 44.72326913589495,
    "entailment_separation": 11.931181673153192,
    "surface_gradient": 0.0,
    "surface_learning_score": 0.5965590836576596,
    "combined_surface_score": 0.5739119288035586
  },
  "chebyshev": {
    "phd_entailment": 17.857023528653432,
    "phd_neutral": 16.948225722041304,
    "phd_contradiction": 17.06762263016793,
    "surface_quality": 0.20255688686659357,
    "separation_ratio": 1.0536220027698964,
    "entailment_simplicity": 0.0,
    "class_distinctiveness": 0.6666666666666666,
    "overall_separation": 0.22271820057422387,
    "min_max_diff": 0.9087978066121281,
    "std_dev": 0.4032262741526059,
    "centroid_ent_to_neutral": 0.10257899761199951,
    "centroid_ent_to_contradiction": 0.11866950988769531,
    "centroid_neutral_to_contradiction": 0.08212417364120483,
    "min_ent_to_neutral": 0.5456582605838776,
    "min_ent_to_contradiction": 0.5110772401094437,
    "entailment_separation": 0.07424775010515285,
    "surface_gradient": 1.0,
    "surface_learning_score": 0.5037123875052576,
    "combined_surface_score": 0.3531346371859256
  },
  "cosine": {
    "phd_entailment": 11.505879252395713,
    "phd_neutral": 13.953361811493942,
    "phd_contradiction": 10.833981899013505,
    "surface_quality": 0.3857502335254476,
    "separation_ratio": 1.2879255237415963,
    "entailment_simplicity": 0.5,
    "class_distinctiveness": 0.6666666666666666,
    "overall_separation": 0.32777458227059153,
    "min_max_diff": 3.1193799124804364,
    "std_dev": 1.3404869749028807,
    "centroid_ent_to_neutral": 0.001028895378112793,
    "centroid_ent_to_contradiction": 0.000686347484588623,
    "centroid_neutral_to_contradiction": 0.0008559226989746094,
    "min_ent_to_neutral": "0.014808118",
    "min_ent_to_contradiction": "0.029898703",
    "entailment_separation": 0.0005756103165562705,
    "surface_gradient": 0.0,
    "surface_learning_score": 2.8780515827813527e-05,
    "combined_surface_score": 0.1928895070206377
  },
  "minkowski_3": {
    "phd_entailment": 23.589009097598836,
    "phd_neutral": 19.923922158842068,
    "phd_contradiction": 21.383923570743356,
    "surface_quality": 0.27309326624100905,
    "separation_ratio": 1.1839540884338495,
    "entailment_simplicity": 0.0,
    "class_distinctiveness": 0.6666666666666667,
    "overall_separation": 0.3484200885484026,
    "min_max_diff": 3.665086938756769,
    "std_dev": 1.5065364461478716,
    "centroid_ent_to_neutral": 0.33709157982374915,
    "centroid_ent_to_contradiction": 0.2839878452299788,
    "centroid_neutral_to_contradiction": 0.3109783290316106,
    "min_ent_to_neutral": 2.0921903748675272,
    "min_ent_to_contradiction": 1.808477931576902,
    "entailment_separation": 0.20842513456008196,
    "surface_gradient": 0.0,
    "surface_learning_score": 0.010421256728004098,
    "combined_surface_score": 0.14175726148450657
  },
  "minkowski_4": {
    "phd_entailment": 25.33540965931553,
    "phd_neutral": 21.62832573319433,
    "phd_contradiction": 23.885826009977876,
    "surface_quality": 0.27398625840186963,
    "separation_ratio": 1.1713994865738364,
    "entailment_simplicity": 0.0,
    "class_distinctiveness": 0.6666666666666666,
    "overall_separation": 0.3502534631847378,
    "min_max_diff": 3.7070839261212,
    "std_dev": 1.5253440956573638,
    "centroid_ent_to_neutral": 0.21662079777946033,
    "centroid_ent_to_contradiction": 0.19021205020120122,
    "centroid_neutral_to_contradiction": 0.200285602453646,
    "min_ent_to_neutral": 0.9624830131591147,
    "min_ent_to_contradiction": 1.191835995389634,
    "entailment_separation": 0.13652712948347215,
    "surface_gradient": 0.0,
    "surface_learning_score": 0.006826356474173607,
    "combined_surface_score": 0.14040630743802163
  },
  "canberra": {
    "phd_entailment": 34.81988015798597,
    "phd_neutral": 40.258611222584015,
    "phd_contradiction": 39.530968049676304,
    "surface_quality": 0.5670873950993442,
    "separation_ratio": 1.156196145418113,
    "entailment_simplicity": 1.0,
    "class_distinctiveness": 0.6666666666666667,
    "overall_separation": 0.43762278559540263,
    "min_max_diff": 5.438731064598045,
    "std_dev": 2.4107078099211687,
    "centroid_ent_to_neutral": 103.46675053279075,
    "centroid_ent_to_contradiction": 85.65956997022268,
    "centroid_neutral_to_contradiction": 86.50912861164758,
    "min_ent_to_neutral": 119.24203047278456,
    "min_ent_to_contradiction": 347.4006858158845,
    "entailment_separation": 63.46801586010317,
    "surface_gradient": 0.0,
    "surface_learning_score": 3.1734007930051584,
    "combined_surface_score": 1.8702440940522513
  },
  "braycurtis": {
    "phd_entailment": 21.969619797840217,
    "phd_neutral": 25.42547259077765,
    "phd_contradiction": 20.696337567478658,
    "surface_quality": 0.42525130546955436,
    "separation_ratio": 1.2285010576330255,
    "entailment_simplicity": 0.5,
    "class_distinctiveness": 0.6666666666666667,
    "overall_separation": 0.40015248474354315,
    "min_max_diff": 4.729135023298994,
    "std_dev": 1.9980235854797763,
    "centroid_ent_to_neutral": 0.021839169714908423,
    "centroid_ent_to_contradiction": 0.017200582741164754,
    "centroid_neutral_to_contradiction": 0.01968388170961138,
    "min_ent_to_neutral": 0.1459534452459834,
    "min_ent_to_contradiction": 0.08622281908647123,
    "entailment_separation": 0.013101167629479021,
    "surface_gradient": 0.0,
    "surface_learning_score": 0.0006550583814739511,
    "combined_surface_score": 0.21295318192551416
  },
  "hyperbolic": {
    "phd_entailment": 19.632401030176776,
    "phd_neutral": 23.13703759515795,
    "phd_contradiction": 28.14897262011531,
    "surface_quality": 0.6475034793510968,
    "separation_ratio": 1.4338018348773434,
    "entailment_simplicity": 1.0,
    "class_distinctiveness": 0.6666666666666666,
    "overall_separation": 0.5722524753691518,
    "min_max_diff": 8.516571589938533,
    "std_dev": 3.4949799203610996,
    "centroid_ent_to_neutral": 3.105791310671603,
    "centroid_ent_to_contradiction": 2.7423596476067162,
    "centroid_neutral_to_contradiction": 2.9387582636524083,
    "min_ent_to_neutral": 6.564446151527345,
    "min_ent_to_contradiction": 6.652606954000695,
    "entailment_separation": 1.9625535820984361,
    "surface_gradient": 0.0,
    "surface_learning_score": 0.0981276791049218,
    "combined_surface_score": 0.3728155792280093
  },