{
  "sbert_concat": {
    "euclidean": {
      "phd_entailment": 32.45219881226148,
      "phd_neutral": 34.48957468887357,
      "phd_contradiction": 36.56701214472966,
      "centroid_ent_to_neutral": 0.13221204280853271,
      "centroid_ent_to_contradiction": 0.5294039249420166,
      "centroid_neutral_to_contradiction": 0.48042839765548706,
      "min_ent_to_neutral": "1.6185178",
      "min_ent_to_contradiction": "2.49391",
      "entailment_separation": 1.448482203035398
    },
    "manhattan": {
      "phd_entailment": 33.181764421298695,
      "phd_neutral": 34.594611557910646,
      "phd_contradiction": 36.427983934284164,
      "centroid_ent_to_neutral": 2.825425863265991,
      "centroid_ent_to_contradiction": 11.523330688476562,
      "centroid_neutral_to_contradiction": 10.383284568786621,
      "min_ent_to_neutral": 35.50464195100068,
      "min_ent_to_contradiction": 54.39788214433946,
      "entailment_separation": 31.41387075579601
    },
    "chebyshev": {
      "phd_entailment": 28.859749623426012,
      "phd_neutral": 31.307475901572424,
      "phd_contradiction": 31.288464456083062,
      "centroid_ent_to_neutral": 0.01753115514293313,
      "centroid_ent_to_contradiction": 0.08120966848218814,
      "centroid_neutral_to_contradiction": 0.07786475267494097,
      "min_ent_to_neutral": 0.18956467509269714,
      "min_ent_to_contradiction": 0.3319741487503052,
      "entailment_separation": 0.216174235063157
    },
    "cosine": {
      "phd_entailment": 14.683309848823157,
      "phd_neutral": 16.6302360933637,
      "phd_contradiction": 17.218343167830373,
      "centroid_ent_to_neutral": 0.013220906257629395,
      "centroid_ent_to_contradiction": 0.1971491575241089,
      "centroid_neutral_to_contradiction": 0.16278702020645142,
      "min_ent_to_neutral": "0.08244771",
      "min_ent_to_contradiction": "0.17198753",
      "entailment_separation": 0.46056520442710625
    },
    "minkowski_3": {
      "phd_entailment": 32.19865267125819,
      "phd_neutral": 34.7008939878092,
      "phd_contradiction": 36.51346234389882,
      "centroid_ent_to_neutral": 0.05206830560698562,
      "centroid_ent_to_contradiction": 0.2094393028211859,
      "centroid_neutral_to_contradiction": 0.19003854044740656,
      "min_ent_to_neutral": 0.6303523565999877,
      "min_ent_to_contradiction": 0.9799607363796372,
      "entailment_separation": 0.5725211228719497
    },
    "minkowski_4": {
      "phd_entailment": 32.0161884993985,
      "phd_neutral": 35.15323460347743,
      "phd_contradiction": 36.76494374253429,
      "centroid_ent_to_neutral": 0.0341055782287811,
      "centroid_ent_to_contradiction": 0.13918222929742846,
      "centroid_neutral_to_contradiction": 0.12632900637681438,
      "min_ent_to_neutral": 0.40939453047811164,
      "min_ent_to_contradiction": 0.644730458634426,
      "entailment_separation": 0.379380664070331
    },
    "canberra": {
      "phd_entailment": 56.409404369128445,
      "phd_neutral": 62.78169465603038,
      "phd_contradiction": 63.01496316231332,
      "centroid_ent_to_neutral": 172.06586393281313,
      "centroid_ent_to_contradiction": 422.99395619568907,
      "centroid_neutral_to_contradiction": 398.6076029039524,
      "min_ent_to_neutral": 330.2551084441344,
      "min_ent_to_contradiction": 413.6916712867447,
      "entailment_separation": 1302.7701887669036
    },
    "braycurtis": {
      "phd_entailment": 20.088794983814758,
      "phd_neutral": 22.35364375032514,
      "phd_contradiction": 22.719142114719936,
      "centroid_ent_to_neutral": 0.057897119694283856,
      "centroid_ent_to_contradiction": 0.23962740424239098,
      "centroid_neutral_to_contradiction": 0.2146019532735541,
      "min_ent_to_neutral": 0.15050662407562237,
      "min_ent_to_contradiction": 0.21832654167681853,
      "entailment_separation": 0.6513733024825337
    }
  },
  "lattice_containment": {
    "euclidean": {
      "phd_entailment": 88.83256349768591,
      "phd_neutral": 52.69308381613643,
      "phd_contradiction": 92.22005740669677,
      "centroid_ent_to_neutral": 0.19257013499736786,
      "centroid_ent_to_contradiction": 0.27578139305114746,
      "centroid_neutral_to_contradiction": 0.09607470035552979,
      "min_ent_to_neutral": "0.5670356",
      "min_ent_to_contradiction": "0.9567157",
      "entailment_separation": 4.000618984298063
    },
    "manhattan": {
      "phd_entailment": 90.01239754398654,
      "phd_neutral": 55.7494603646432,
      "phd_contradiction": 89.33724368688213,
      "centroid_ent_to_neutral": 5.20791482925415,
      "centroid_ent_to_contradiction": 7.25262975692749,
      "centroid_neutral_to_contradiction": 2.0551633834838867,
      "min_ent_to_neutral": 10.571956968328266,
      "min_ent_to_contradiction": 17.707967781742013,
      "entailment_separation": 106.43691381531458
    },
    "chebyshev": {
      "phd_entailment": 39.64824081368842,
      "phd_neutral": 36.46254629607961,
      "phd_contradiction": 43.47680538490682,
      "centroid_ent_to_neutral": 0.010517314076423645,
      "centroid_ent_to_contradiction": 0.02872777171432972,
      "centroid_neutral_to_contradiction": 0.01888897828757763,
      "min_ent_to_neutral": 0.09043852612376213,
      "min_ent_to_contradiction": 0.11978547810576856,
      "entailment_separation": 0.3352281904771118
    },
    "cosine": {
      "phd_entailment": 42.25479799642461,
      "phd_neutral": 42.805114554059585,
      "phd_contradiction": 52.22366538372538,
      "centroid_ent_to_neutral": 0.0007796287536621094,
      "centroid_ent_to_contradiction": 0.00921165943145752,
      "centroid_neutral_to_contradiction": 0.007352709770202637,
      "min_ent_to_neutral": "0.09925878",
      "min_ent_to_contradiction": "0.29946864",
      "entailment_separation": 0.085344735304978
    },
    "minkowski_3": {
      "phd_entailment": 82.16557169616948,
      "phd_neutral": 51.11033916077443,
      "phd_contradiction": 90.72905389211695,
      "centroid_ent_to_neutral": 0.06499223976410703,
      "centroid_ent_to_contradiction": 0.09630201385271576,
      "centroid_neutral_to_contradiction": 0.03983973009870285,
      "min_ent_to_neutral": 0.24218191089244098,
      "min_ent_to_contradiction": 0.40439453431419753,
      "entailment_separation": 1.377761818705554
    },
    "minkowski_4": {
      "phd_entailment": 73.73978995430582,
      "phd_neutral": 50.56484267952951,
      "phd_contradiction": 85.30665526146917,
      "centroid_ent_to_neutral": 0.038081225996124915,
      "centroid_ent_to_contradiction": 0.058731321032846305,
      "centroid_neutral_to_contradiction": 0.027834176837617443,
      "min_ent_to_neutral": 0.16664154149403634,
      "min_ent_to_contradiction": 0.26421613654491355,
      "entailment_separation": 0.8269645562514975
    },
    "canberra": {
      "phd_entailment": 83.20729503223745,
      "phd_neutral": 237.25224859744336,
      "phd_contradiction": 229.06180422219884,
      "centroid_ent_to_neutral": 116.14699165105398,
      "centroid_ent_to_contradiction": 173.31994998067003,
      "centroid_neutral_to_contradiction": 60.01556256465664,
      "min_ent_to_neutral": 249.82156287956488,
      "min_ent_to_contradiction": 330.32301008899975,
      "entailment_separation": 2472.6020364315223
    },
    "braycurtis": {
      "phd_entailment": 72.72947113797306,
      "phd_neutral": 83.03689118747539,
      "phd_contradiction": 96.44796024173635,
      "centroid_ent_to_neutral": 0.1492850842032428,
      "centroid_ent_to_contradiction": 0.22084079824262,
      "centroid_neutral_to_contradiction": 0.07437332069787958,
      "min_ent_to_neutral": 0.21164774664861713,
      "min_ent_to_contradiction": 0.38332642799822597,
      "entailment_separation": 3.1615838600180814
    }
  }
}