{
  "euclidean": {
    "phd_entailment": 32.45219881226148,
    "phd_neutral": 34.48957468887357,
    "phd_contradiction": 36.56701214472966,
    "centroid_ent_to_neutral": 0.13221204280853271,
    "centroid_ent_to_contradiction": 0.5294039249420166,
    "centroid_neutral_to_contradiction": 0.48042839765548706,
    "min_ent_to_neutral": "1.6185178",
    "min_ent_to_contradiction": "2.49391",
    "entailment_separation": 1.448482203035398
  },
  "manhattan": {
    "phd_entailment": 33.181764421298695,
    "phd_neutral": 34.594611557910646,
    "phd_contradiction": 36.427983934284164,
    "centroid_ent_to_neutral": 2.825425863265991,
    "centroid_ent_to_contradiction": 11.523330688476562,
    "centroid_neutral_to_contradiction": 10.383284568786621,
    "min_ent_to_neutral": 35.50464195100068,
    "min_ent_to_contradiction": 54.39788214433946,
    "entailment_separation": 31.41387075579601
  },
  "chebyshev": {
    "phd_entailment": 28.859749623426012,
    "phd_neutral": 31.307475901572424,
    "phd_contradiction": 31.288464456083062,
    "centroid_ent_to_neutral": 0.01753115514293313,
    "centroid_ent_to_contradiction": 0.08120966848218814,
    "centroid_neutral_to_contradiction": 0.07786475267494097,
    "min_ent_to_neutral": 0.18956467509269714,
    "min_ent_to_contradiction": 0.3319741487503052,
    "entailment_separation": 0.216174235063157
  },
  "cosine": {
    "phd_entailment": 14.683309848823157,
    "phd_neutral": 16.6302360933637,
    "phd_contradiction": 17.218343167830373,
    "centroid_ent_to_neutral": 0.013220906257629395,
    "centroid_ent_to_contradiction": 0.1971491575241089,
    "centroid_neutral_to_contradiction": 0.16278702020645142,
    "min_ent_to_neutral": "0.08244771",
    "min_ent_to_contradiction": "0.17198753",
    "entailment_separation": 0.46056520442710625
  },
  "minkowski_3": {
    "phd_entailment": 32.19865267125819,
    "phd_neutral": 34.7008939878092,
    "phd_contradiction": 36.51346234389882,
    "centroid_ent_to_neutral": 0.05206830560698562,
    "centroid_ent_to_contradiction": 0.2094393028211859,
    "centroid_neutral_to_contradiction": 0.19003854044740656,
    "min_ent_to_neutral": 0.6303523565999877,
    "min_ent_to_contradiction": 0.9799607363796372,
    "entailment_separation": 0.5725211228719497
  },
  "minkowski_4": {
    "phd_entailment": 32.0161884993985,
    "phd_neutral": 35.15323460347743,
    "phd_contradiction": 36.76494374253429,
    "centroid_ent_to_neutral": 0.0341055782287811,
    "centroid_ent_to_contradiction": 0.13918222929742846,
    "centroid_neutral_to_contradiction": 0.12632900637681438,
    "min_ent_to_neutral": 0.40939453047811164,
    "min_ent_to_contradiction": 0.644730458634426,
    "entailment_separation": 0.379380664070331
  },
  "canberra": {
    "phd_entailment": 56.409404369128445,
    "phd_neutral": 62.78169465603038,
    "phd_contradiction": 63.01496316231332,
    "centroid_ent_to_neutral": 172.06586393281313,
    "centroid_ent_to_contradiction": 422.99395619568907,
    "centroid_neutral_to_contradiction": 398.6076029039524,
    "min_ent_to_neutral": 330.2551084441344,
    "min_ent_to_contradiction": 413.6916712867447,
    "entailment_separation": 1302.7701887669036
  },
  "braycurtis": {
    "phd_entailment": 20.088794983814758,
    "phd_neutral": 22.35364375032514,
    "phd_contradiction": 22.719142114719936,
    "centroid_ent_to_neutral": 0.057897119694283856,
    "centroid_ent_to_contradiction": 0.23962740424239098,
    "centroid_neutral_to_contradiction": 0.2146019532735541,
    "min_ent_to_neutral": 0.15050662407562237,
    "min_ent_to_contradiction": 0.21832654167681853,
    "entailment_separation": 0.6513733024825337
  }
}