{
  "euclidean": {
    "phd_entailment": 88.83256349768591,
    "phd_neutral": 52.69308381613643,
    "phd_contradiction": 92.22005740669677,
    "centroid_ent_to_neutral": 0.19257013499736786,
    "centroid_ent_to_contradiction": 0.27578139305114746,
    "centroid_neutral_to_contradiction": 0.09607470035552979,
    "min_ent_to_neutral": "0.5670356",
    "min_ent_to_contradiction": "0.9567157",
    "entailment_separation": 4.000618984298063
  },
  "manhattan": {
    "phd_entailment": 90.01239754398654,
    "phd_neutral": 55.7494603646432,
    "phd_contradiction": 89.33724368688213,
    "centroid_ent_to_neutral": 5.20791482925415,
    "centroid_ent_to_contradiction": 7.25262975692749,
    "centroid_neutral_to_contradiction": 2.0551633834838867,
    "min_ent_to_neutral": 10.571956968328266,
    "min_ent_to_contradiction": 17.707967781742013,
    "entailment_separation": 106.43691381531458
  },
  "chebyshev": {
    "phd_entailment": 39.64824081368842,
    "phd_neutral": 36.46254629607961,
    "phd_contradiction": 43.47680538490682,
    "centroid_ent_to_neutral": 0.010517314076423645,
    "centroid_ent_to_contradiction": 0.02872777171432972,
    "centroid_neutral_to_contradiction": 0.01888897828757763,
    "min_ent_to_neutral": 0.09043852612376213,
    "min_ent_to_contradiction": 0.11978547810576856,
    "entailment_separation": 0.3352281904771118
  },
  "cosine": {
    "phd_entailment": 42.25479799642461,
    "phd_neutral": 42.805114554059585,
    "phd_contradiction": 52.22366538372538,
    "centroid_ent_to_neutral": 0.0007796287536621094,
    "centroid_ent_to_contradiction": 0.00921165943145752,
    "centroid_neutral_to_contradiction": 0.007352709770202637,
    "min_ent_to_neutral": "0.09925878",
    "min_ent_to_contradiction": "0.29946864",
    "entailment_separation": 0.085344735304978
  },
  "minkowski_3": {
    "phd_entailment": 82.16557169616948,
    "phd_neutral": 51.11033916077443,
    "phd_contradiction": 90.72905389211695,
    "centroid_ent_to_neutral": 0.06499223976410703,
    "centroid_ent_to_contradiction": 0.09630201385271576,
    "centroid_neutral_to_contradiction": 0.03983973009870285,
    "min_ent_to_neutral": 0.24218191089244098,
    "min_ent_to_contradiction": 0.40439453431419753,
    "entailment_separation": 1.377761818705554
  },
  "minkowski_4": {
    "phd_entailment": 73.73978995430582,
    "phd_neutral": 50.56484267952951,
    "phd_contradiction": 85.30665526146917,
    "centroid_ent_to_neutral": 0.038081225996124915,
    "centroid_ent_to_contradiction": 0.058731321032846305,
    "centroid_neutral_to_contradiction": 0.027834176837617443,
    "min_ent_to_neutral": 0.16664154149403634,
    "min_ent_to_contradiction": 0.26421613654491355,
    "entailment_separation": 0.8269645562514975
  },
  "canberra": {
    "phd_entailment": 83.20729503223745,
    "phd_neutral": 237.25224859744336,
    "phd_contradiction": 229.06180422219884,
    "centroid_ent_to_neutral": 116.14699165105398,
    "centroid_ent_to_contradiction": 173.31994998067003,
    "centroid_neutral_to_contradiction": 60.01556256465664,
    "min_ent_to_neutral": 249.82156287956488,
    "min_ent_to_contradiction": 330.32301008899975,
    "entailment_separation": 2472.6020364315223
  },
  "braycurtis": {
    "phd_entailment": 72.72947113797306,
    "phd_neutral": 83.03689118747539,
    "phd_contradiction": 96.44796024173635,
    "centroid_ent_to_neutral": 0.1492850842032428,
    "centroid_ent_to_contradiction": 0.22084079824262,
    "centroid_neutral_to_contradiction": 0.07437332069787958,
    "min_ent_to_neutral": 0.21164774664861713,
    "min_ent_to_contradiction": 0.38332642799822597,
    "entailment_separation": 3.1615838600180814
  }
}